Protocollo;Gruppo;DataOraIncidente;Localizzazione1;STRADA1;Localizzazione2;STRADA2;Strada02;Chilometrica;DaSpecificare;NaturaIncidente;particolaritastrade;TipoStrada;FondoStradale;Pavimentazione;Segnaletica;CondizioneAtmosferica;Traffico;Visibilita;Illuminazione;NUM_FERITI;NUM_RISERVATA;NUM_MORTI;NUM_ILLESI;Longitudine;Latitudine;Confermato;Progressivo;TipoVeicolo;StatoVeicolo;TipoPersona;Sesso;Tipolesione;Deceduto;DecedutoDopo;CinturaCascoUtilizzato;Airbag
3804427;6;02/05/2018 01:30;Strada Urbana;VIALE PARTENOPE;in corrispondenza;;del civico n.;125;;Veicolo in marcia contro veicolo in sosta;Rettilineo;Due carreggiate;Asciutto;Asfaltata;Orizzontale;Nuvoloso;Normale;Buona;Ore Diurne;0;0;0;1;12.55137;41.89014;-1;1;Autovettura privata;In marcia / fermata / arresto;Conducente;F;Illeso;0;;Non accertato;Inesploso
3804743;9;02/05/2018 16:30;Strada Urbana;VIA APPIA NUOVA;in prossimità;;del civico n.;648;;Veicolo in marcia contro veicolo in sosta;Rettilineo;Due carreggiate;Asciutto;Asfaltata;Verticale ed orizzontale;Sereno;Normale;Buona;Ore Diurne;0;0;0;1;12.5305;41.86677;-1;1;Autocarro inferiore 35 q.;In marcia / fermata / arresto;Conducente;M;Illeso;0;;Utilizzato;Inesploso
3804748;9;02/05/2018 18:40;;VIA DEL MANDRIONE;in prossimità;;del civico n.;85;;Veicolo in marcia contro ostacolo accidentale;;;;;;;;;;0;0;0;1;;;0;1;Autovettura privata;In marcia / fermata / arresto;Conducente;M;Illeso;0;;;
3804755;15;02/05/2018 20:45;Strada Urbana;VIA ODERISI DA GUBBIO;in corrispondenza;;del civico n.;280;;Veicolo in marcia contro ostacolo accidentale;Rettilineo;Una carreggiata a doppio senso;Asciutto;Asfaltata;Verticale ed orizzontale;Nuvoloso;Scarso;Sufficiente;Sufficiente;0;0;0;1;12.46379;41.86264;-1;1;Motociclo a solo;In marcia / fermata / arresto;Conducente;M;Illeso;0;;Utilizzato;
3804761;13;02/05/2018 14:45;Strada Urbana;VIA CESARE MACCARI;all'intersezione con;VIA TELEMACO SIGNORINI;VIA TELEMACO SIGNORINI;;;Scontro frontale/laterale DX fra veicoli in marcia;Incrocio;Una carreggiata a doppio senso;Asciutto;Asfaltata;Verticale ed orizzontale;Nuvoloso;Scarso;Buona;Ore Diurne;1;0;0;1;12.35675;41.77568;-1;1;Autovettura privata;In marcia / fermata / arresto;Conducente;F;Rimandato;0;NON DECEDUTO;Non accertato;Inesploso
3804761;13;02/05/2018 14:45;Strada Urbana;VIA CESARE MACCARI;all'intersezione con;VIA TELEMACO SIGNORINI;VIA TELEMACO SIGNORINI;;;Scontro frontale/laterale DX fra veicoli in marcia;Incrocio;Una carreggiata a doppio senso;Asciutto;Asfaltata;Verticale ed orizzontale;Nuvoloso;Scarso;Buona;Ore Diurne;1;0;0;1;12.35675;41.77568;-1;2;Autovettura privata;In marcia / fermata / arresto;Conducente;M;Illeso;0;;Non accertato;Inesploso
3804762;11;02/05/2018 09:15;Strada Urbana;VIA ARDEATINA;da specificare;;;;prossimità VIA G.A. SARTORIO;Tamponamento Multiplo;Rettilineo;Una carreggiata a doppio senso;Asciutto;Asfaltata;Verticale ed orizzontale;Sereno;Normale;Buona;Ore Diurne;0;0;0;3;12.51329;41.85334;-1;1;Autovettura privata;In marcia / fermata / arresto;Conducente;M;Illeso;0;;Non accertato;Inesploso
3804762;11;02/05/2018 09:15;Strada Urbana;VIA ARDEATINA;da specificare;;;;prossimità VIA G.A. SARTORIO;Tamponamento Multiplo;Rettilineo;Una carreggiata a doppio senso;Asciutto;Asfaltata;Verticale ed orizzontale;Sereno;Normale;Buona;Ore Diurne;0;0;0;3;12.51329;41.85334;-1;2;Autovettura privata;In marcia / fermata / arresto;Conducente;M;Illeso;0;;Non accertato;Inesploso
3804762;11;02/05/2018 09:15;Strada Urbana;VIA ARDEATINA;da specificare;;;;prossimità VIA G.A. SARTORIO;Tamponamento Multiplo;Rettilineo;Una carreggiata a doppio senso;Asciutto;Asfaltata;Verticale ed orizzontale;Sereno;Normale;Buona;Ore Diurne;0;0;0;3;12.51329;41.85334;-1;3;Autovettura privata;In marcia / fermata / arresto;Conducente;M;Illeso;0;;Non accertato;Inesploso
3804764;13;02/05/2018 09:15;Provinciale entro l'abitato;VIA DEL MARE;in prossimità;;della chilometrica;25.08;;Tamponamento;Rettilineo;Due carreggiate;Asciutto;Asfaltata;Verticale ed orizzontale;Nuvoloso;Intenso;Buona;Ore Diurne;2;0;0;0;12.46323;41.84026;-1;1;Autovettura privata;In marcia / fermata / arresto;Conducente;F;Rimandato;0;NON DECEDUTO;Non accertato;Inesploso
3804764;13;02/05/2018 09:15;Provinciale entro l'abitato;VIA DEL MARE;in prossimità;;della chilometrica;25.08;;Tamponamento;Rettilineo;Due carreggiate;Asciutto;Asfaltata;Verticale ed orizzontale;Nuvoloso;Intenso;Buona;Ore Diurne;2;0;0;0;12.46323;41.84026;-1;2;Autovettura privata;In marcia / fermata / arresto;Conducente;F;Rimandato;0;NON DECEDUTO;Non accertato;Esploso
3804765;13;02/05/2018 16:30;Strada Urbana;VIALE DELLA PINETA DI OSTIA;in corrispondenza;;del civico n.;31;;Veicolo in marcia contro veicolo fermo;Rettilineo;Una carreggiata a doppio senso;Asciutto;Asfaltata;Verticale ed orizzontale;Sereno;Normale;Buona;Ore Diurne;0;0;0;5;12.28314;41.72889;-1;1;Autovettura privata;In marcia / fermata / arresto;Passeggero;F;Illeso;0;;Non accertato;Inesploso
3804765;13;02/05/2018 16:30;Strada Urbana;VIALE DELLA PINETA DI OSTIA;in corrispondenza;;del civico n.;31;;Veicolo in marcia contro veicolo fermo;Rettilineo;Una carreggiata a doppio senso;Asciutto;Asfaltata;Verticale ed orizzontale;Sereno;Normale;Buona;Ore Diurne;0;0;0;5;12.28314;41.72889;-1;1;Autovettura privata;In marcia / fermata / arresto;Conducente;F;Illeso;0;;Non accertato;Inesploso
3804765;13;02/05/2018 16:30;Strada Urbana;VIALE DELLA PINETA DI OSTIA;in corrispondenza;;del civico n.;31;;Veicolo in marcia contro veicolo fermo;Rettilineo;Una carreggiata a doppio senso;Asciutto;Asfaltata;Verticale ed orizzontale;Sereno;Normale;Buona;Ore Diurne;0;0;0;5;12.28314;41.72889;-1;1;Autovettura privata;In marcia / fermata / arresto;Passeggero;F;Illeso;0;;Non accertato;Inesploso
3804765;13;02/05/2018 16:30;Strada Urbana;VIALE DELLA PINETA DI OSTIA;in corrispondenza;;del civico n.;31;;Veicolo in marcia contro veicolo fermo;Rettilineo;Una carreggiata a doppio senso;Asciutto;Asfaltata;Verticale ed orizzontale;Sereno;Normale;Buona;Ore Diurne;0;0;0;5;12.28314;41.72889;-1;1;Autovettura privata;In marcia / fermata / arresto;Passeggero;M;Illeso;0;;Non accertato;Inesploso
3804765;13;02/05/2018 16:30;Strada Urbana;VIALE DELLA PINETA DI OSTIA;in corrispondenza;;del civico n.;31;;Veicolo in marcia contro veicolo fermo;Rettilineo;Una carreggiata a doppio senso;Asciutto;Asfaltata;Verticale ed orizzontale;Sereno;Normale;Buona;Ore Diurne;0;0;0;5;12.28314;41.72889;-1;2;Autovettura privata;In marcia / fermata / arresto;Conducente;M;Illeso;0;;Non accertato;Inesploso
3804766;13;02/05/2018 18:30;;VIA DELLE CANARIE;in corrispondenza;;del civico n.;2;;Scontro frontale fra veicoli in marcia;;;;;;;;;;0;0;0;2;12.28265;41.73923;0;1;Autovettura privata;In marcia / fermata / arresto;Conducente;F;Illeso;0;;;
3804766;13;02/05/2018 18:30;;VIA DELLE CANARIE;in corrispondenza;;del civico n.;2;;Scontro frontale fra veicoli in marcia;;;;;;;;;;0;0;0;2;12.28265;41.73923;0;2;Autovettura privata;In marcia / fermata / arresto;Conducente;F;Illeso;0;;;
3804773;5;02/05/2018 08:00;Strada Urbana;VIA TIBURTINA;all'intersezione semaforizzata con;VIA CAMESENA;VIA CAMESENA;;;Scontro laterale fra veicoli in marcia;Intersezione semaforizzata;Due carreggiate;Asciutto;Asfaltata;Verticale ed orizzontale;Nuvoloso;Intenso;Buona;Ore Diurne;0;0;0;2;12.53425;41.90833;-1;1;Autovettura privata;In marcia / fermata / arresto;Conducente;M;Illeso;0;;Non accertato;
3804773;5;02/05/2018 08:00;Strada Urbana;VIA TIBURTINA;all'intersezione semaforizzata con;VIA CAMESENA;VIA CAMESENA;;;Scontro laterale fra veicoli in marcia;Intersezione semaforizzata;Due carreggiate;Asciutto;Asfaltata;Verticale ed orizzontale;Nuvoloso;Intenso;Buona;Ore Diurne;0;0;0;2;12.53425;41.90833;-1;2;Autovettura privata;In marcia / fermata / arresto;Conducente;M;Illeso;0;;Non accertato;
3804792;5;02/05/2018 08:53;Strada Urbana;NUOVA CIRCONVALLAZIONE INTERNA;da specificare;;;;dir. S.Giovanni 200mt dopo usc. Monti Tib.-Pietr;Tamponamento Multiplo;Galleria illuminata;Una carreggiata a senso unico di marcia;Asciutto;Asfaltata;Verticale ed orizzontale;Sereno;Intenso;Buona;Sufficiente;1;0;0;2;12.52787;41.91925;-1;1;Autovettura privata;In marcia / fermata / arresto;Conducente;M;Illeso;0;;Non accertato;Inesistente
3804792;5;02/05/2018 08:53;Strada Urbana;NUOVA CIRCONVALLAZIONE INTERNA;da specificare;;;;dir. S.Giovanni 200mt dopo usc. Monti Tib.-Pietr;Tamponamento Multiplo;Galleria illuminata;Una carreggiata a senso unico di marcia;Asciutto;Asfaltata;Verticale ed orizzontale;Sereno;Intenso;Buona;Sufficiente;1;0;0;2;12.52787;41.91925;-1;2;Autovettura privata;In marcia / fermata / arresto;Conducente;F;Rimandato;0;NON DECEDUTO;Non accertato;Inesistente
3804792;5;02/05/2018 08:53;Strada Urbana;NUOVA CIRCONVALLAZIONE INTERNA;da specificare;;;;dir. S.Giovanni 200mt dopo usc. Monti Tib.-Pietr;Tamponamento Multiplo;Galleria illuminata;Una carreggiata a senso unico di marcia;Asciutto;Asfaltata;Verticale ed orizzontale;Sereno;Intenso;Buona;Sufficiente;1;0;0;2;12.52787;41.91925;-1;3;Autovettura privata;In marcia / fermata / arresto;Conducente;F;Illeso;0;;Non accertato;Inesistente
3804793;7;02/05/2018 15:30;Strada Urbana;VIA DEI FIORI;in corrispondenza;;del civico n.;22b;;Ribaltamento senza urto contro ostacolo fisso;Rettilineo;Una carreggiata a senso unico di marcia;Asciutto;Asfaltata;Assente;Nuvoloso;Scarso;Sufficiente;Ore Diurne;1;0;0;0;12.57827;41.87438;-1;1;Autovettura privata;In marcia / fermata / arresto;Conducente;M;Rimandato;0;NON DECEDUTO;Non accertato;Inesploso
3804796;11;02/05/2018 10:20;Strada Urbana;VIA ARDEATINA;in corrispondenza;;del civico n.;933;;Tamponamento;Rettilineo;Una carreggiata a doppio senso;Asciutto;Asfaltata;Verticale;Nuvoloso;Normale;Sufficiente;Sufficiente;1;0;0;1;12.53577;41.79887;-1;1;Autovettura privata;In marcia / fermata / arresto;Conducente;M;Illeso;0;;Non accertato;Inesploso
3804796;11;02/05/2018 10:20;Strada Urbana;VIA ARDEATINA;in corrispondenza;;del civico n.;933;;Tamponamento;Rettilineo;Una carreggiata a doppio senso;Asciutto;Asfaltata;Verticale;Nuvoloso;Normale;Sufficiente;Sufficiente;1;0;0;1;12.53577;41.79887;-1;2;Autovettura privata;In marcia / fermata / arresto;Conducente;M;Rimandato;0;NON DECEDUTO;Non accertato;Inesploso
3804812;19;02/05/2018 12:50;Strada Urbana;VIA DI TORREVECCHIA;all'intersezione con;VIA CESARE VIGNA;VIA CESARE VIGNA;;;Scontro frontale/laterale DX fra veicoli in marcia;Incrocio;Una carreggiata a doppio senso;Asciutto;Asfaltata;Verticale ed orizzontale;Sereno;Normale;Buona;Ore Diurne;0;0;0;2;12.41226;41.92338;-1;1;Autovettura privata;In marcia / fermata / arresto;Conducente;F;Illeso;0;;Non accertato;Inesploso
3804812;19;02/05/2018 12:50;Strada Urbana;VIA DI TORREVECCHIA;all'intersezione con;VIA CESARE VIGNA;VIA CESARE VIGNA;;;Scontro frontale/laterale DX fra veicoli in marcia;Incrocio;Una carreggiata a doppio senso;Asciutto;Asfaltata;Verticale ed orizzontale;Sereno;Normale;Buona;Ore Diurne;0;0;0;2;12.41226;41.92338;-1;2;Autovettura privata;In marcia / fermata / arresto;Conducente;M;Illeso;0;;Non accertato;Inesploso
3804815;5;02/05/2018 11:30;Strada Urbana;VIA TIBURTINA;in prossimità;;del civico n.;755;;Scontro laterale fra veicoli in marcia;Rettilineo;Due carreggiate;Asciutto;Asfaltata;Orizzontale;Nuvoloso;Normale;Buona;Ore Diurne;0;0;0;2;12.55388;41.91253;-1;1;Autovettura privata;In marcia / fermata / arresto;Conducente;F;Illeso;0;;Non accertato;Inesistente
3804815;5;02/05/2018 11:30;Strada Urbana;VIA TIBURTINA;in prossimità;;del civico n.;755;;Scontro laterale fra veicoli in marcia;Rettilineo;Due carreggiate;Asciutto;Asfaltata;Orizzontale;Nuvoloso;Normale;Buona;Ore Diurne;0;0;0;2;12.55388;41.91253;-1;2;Autovettura privata;In marcia / fermata / arresto;Conducente;F;Illeso;0;;Non accertato;Inesploso
3804821;7;02/05/2018 17:40;Strada Urbana;VIA PRENESTINA;da specificare;;;;rotatoria via E. Longoni altezza palo luce 1095;Scontro laterale fra veicoli in marcia;Rotatoria;Più di due carreggiate;Asciutto;Asfaltata;Verticale ed orizzontale;Nuvoloso;Normale;Sufficiente;Ore Diurne;0;0;0;4;12.61039;41.89349;-1;1;Autocarro inferiore 35 q.;In marcia / fermata / arresto;Conducente;M;Illeso;0;;Esente;Inesploso
3804821;7;02/05/2018 17:40;Strada Urbana;VIA PRENESTINA;da specificare;;;;rotatoria via E. Longoni altezza palo luce 1095;Scontro laterale fra veicoli in marcia;Rotatoria;Più di due carreggiate;Asciutto;Asfaltata;Verticale ed orizzontale;Nuvoloso;Normale;Sufficiente;Ore Diurne;0;0;0;4;12.61039;41.89349;-1;2;Autovettura privata;In marcia / fermata / arresto;Conducente;F;Illeso;0;;Non accertato;Inesploso
3804821;7;02/05/2018 17:40;Strada Urbana;VIA PRENESTINA;da specificare;;;;rotatoria via E. Longoni altezza palo luce 1095;Scontro laterale fra veicoli in marcia;Rotatoria;Più di due carreggiate;Asciutto;Asfaltata;Verticale ed orizzontale;Nuvoloso;Normale;Sufficiente;Ore Diurne;0;0;0;4;12.61039;41.89349;-1;2;Autovettura privata;In marcia / fermata / arresto;Passeggero;F;Illeso;0;;Non accertato;Inesploso
3804821;7;02/05/2018 17:40;Strada Urbana;VIA PRENESTINA;da specificare;;;;rotatoria via E. Longoni altezza palo luce 1095;Scontro laterale fra veicoli in marcia;Rotatoria;Più di due carreggiate;Asciutto;Asfaltata;Verticale ed orizzontale;Nuvoloso;Normale;Sufficiente;Ore Diurne;0;0;0;4;12.61039;41.89349;-1;2;Autovettura privata;In marcia / fermata / arresto;Passeggero;F;Illeso;0;;;
3804825;5;02/05/2018 12:30;Strada Urbana;VIA DI CASAL DEI PAZZI;da specificare;;;;alt. via V. Biringucci;Scontro laterale fra veicoli in marcia;Rettilineo;Una carreggiata a doppio senso;Asciutto;Asfaltata;Verticale ed orizzontale;Sereno;Normale;Buona;Ore Diurne;0;0;0;2;12.56768;41.92924;-1;1;Autovettura privata;In marcia / fermata / arresto;Conducente;M;Illeso;0;;Non accertato;Inesploso
3804825;5;02/05/2018 12:30;Strada Urbana;VIA DI CASAL DEI PAZZI;da specificare;;;;alt. via V. Biringucci;Scontro laterale fra veicoli in marcia;Rettilineo;Una carreggiata a doppio senso;Asciutto;Asfaltata;Verticale ed orizzontale;Sereno;Normale;Buona;Ore Diurne;0;0;0;2;12.56768;41.92924;-1;2;Autovettura privata;In marcia / fermata / arresto;Conducente;M;Illeso;0;;Non accertato;Inesploso
3804834;20;02/05/2018 09:45;Strada Urbana;VIA FLAMINIA NUOVA;da specificare;;;;bivio Via Flaminia direzione centro ;Tamponamento Multiplo;Rettilineo;Due carreggiate;Asciutto;Asfaltata;Verticale ed orizzontale;Nuvoloso;Intenso;Buona;Ore Diurne;0;0;0;3;12.47917;41.96087;-1;1;Autovettura privata;In marcia / fermata / arresto;Conducente;M;Illeso;0;;Non accertato;Inesploso
3804834;20;02/05/2018 09:45;Strada Urbana;VIA FLAMINIA NUOVA;da specificare;;;;bivio Via Flaminia direzione centro ;Tamponamento Multiplo;Rettilineo;Due carreggiate;Asciutto;Asfaltata;Verticale ed orizzontale;Nuvoloso;Intenso;Buona;Ore Diurne;0;0;0;3;12.47917;41.96087;-1;2;Autovettura privata;In marcia / fermata / arresto;Conducente;M;Illeso;0;;Non accertato;Inesploso
3804834;20;02/05/2018 09:45;Strada Urbana;VIA FLAMINIA NUOVA;da specificare;;;;bivio Via Flaminia direzione centro ;Tamponamento Multiplo;Rettilineo;Due carreggiate;Asciutto;Asfaltata;Verticale ed orizzontale;Nuvoloso;Intenso;Buona;Ore Diurne;0;0;0;3;12.47917;41.96087;-1;3;Autovettura privata;In marcia / fermata / arresto;Conducente;F;Illeso;0;;Non accertato;Inesploso
3804835;5;02/05/2018 14:50;Strada Urbana;VIA OSTERIA DELLE CAPANNACCE;all'intersezione con;VIA COLLEDIMACINE;VIA COLLEDIMACINE;;;Scontro frontale/laterale SX fra veicoli in marcia;Incrocio;Due carreggiate;Asciutto;Asfaltata;Orizzontale;Nuvoloso;Normale;Buona;Ore Diurne;0;0;0;3;12.65463;41.93702;-1;1;Autovettura privata;In marcia / fermata / arresto;Conducente;M;Illeso;0;;Non accertato;Inesploso
3804835;5;02/05/2018 14:50;Strada Urbana;VIA OSTERIA DELLE CAPANNACCE;all'intersezione con;VIA COLLEDIMACINE;VIA COLLEDIMACINE;;;Scontro frontale/laterale SX fra veicoli in marcia;Incrocio;Due carreggiate;Asciutto;Asfaltata;Orizzontale;Nuvoloso;Normale;Buona;Ore Diurne;0;0;0;3;12.65463;41.93702;-1;2;Autocarro inferiore 35 q.;In marcia / fermata / arresto;Conducente;M;Illeso;0;;Non accertato;Inesploso
3804835;5;02/05/2018 14:50;Strada Urbana;VIA OSTERIA DELLE CAPANNACCE;all'intersezione con;VIA COLLEDIMACINE;VIA COLLEDIMACINE;;;Scontro frontale/laterale SX fra veicoli in marcia;Incrocio;Due carreggiate;Asciutto;Asfaltata;Orizzontale;Nuvoloso;Normale;Buona;Ore Diurne;0;0;0;3;12.65463;41.93702;-1;2;Autocarro inferiore 35 q.;In marcia / fermata / arresto;Passeggero;M;Illeso;0;;Non accertato;Inesploso
3804843;5;02/05/2018 19:55;Strada Urbana;VIALE GOFFREDO PARISE;all'intersezione con;VIALE STEFANO D'ARRIGO;VIALE STEFANO D'ARRIGO;;;Scontro frontale/laterale DX fra veicoli in marcia;Incrocio;Una carreggiata a senso unico di marcia;Asciutto;Asfaltata;Verticale ed orizzontale;Sereno;Scarso;Buona;Ore Diurne;1;0;0;3;12.62696;41.945;-1;1;Autovettura privata;In marcia / fermata / arresto;Conducente;M;Ricoverato;0;NON DECEDUTO;Non accertato;Esploso
3804843;5;02/05/2018 19:55;Strada Urbana;VIALE GOFFREDO PARISE;all'intersezione con;VIALE STEFANO D'ARRIGO;VIALE STEFANO D'ARRIGO;;;Scontro frontale/laterale DX fra veicoli in marcia;Incrocio;Una carreggiata a senso unico di marcia;Asciutto;Asfaltata;Verticale ed orizzontale;Sereno;Scarso;Buona;Ore Diurne;1;0;0;3;12.62696;41.945;-1;1;Autovettura privata;In marcia / fermata / arresto;Passeggero;F;Illeso;0;;Non accertato;Inesistente
3804843;5;02/05/2018 19:55;Strada Urbana;VIALE GOFFREDO PARISE;all'intersezione con;VIALE STEFANO D'ARRIGO;VIALE STEFANO D'ARRIGO;;;Scontro frontale/laterale DX fra veicoli in marcia;Incrocio;Una carreggiata a senso unico di marcia;Asciutto;Asfaltata;Verticale ed orizzontale;Sereno;Scarso;Buona;Ore Diurne;1;0;0;3;12.62696;41.945;-1;2;Autovettura privata;In marcia / fermata / arresto;Conducente;M;Illeso;0;;Non accertato;Esploso
3804852;9;03/05/2018 07:30;Strada Urbana;VIA LIDIA;all'intersezione con;PIAZZA ROSELLE;PIAZZA ROSELLE;;;Veicolo in marcia contro veicolo in sosta;Incrocio;Una carreggiata a senso unico di marcia;Sdrucciolevole (fango);Asfaltata;Verticale ed orizzontale;Nuvoloso;Normale;Buona;Ore Diurne;0;0;0;2;;;0;1;Autocarro superiore 35 q.;In marcia / fermata / arresto;Conducente;M;Illeso;0;;Utilizzato;Inesploso
3804852;9;03/05/2018 07:30;Strada Urbana;VIA LIDIA;all'intersezione con;PIAZZA ROSELLE;PIAZZA ROSELLE;;;Veicolo in marcia contro veicolo in sosta;Incrocio;Una carreggiata a senso unico di marcia;Sdrucciolevole (fango);Asfaltata;Verticale ed orizzontale;Nuvoloso;Normale;Buona;Ore Diurne;0;0;0;2;;;0;1;Autocarro superiore 35 q.;In marcia / fermata / arresto;Passeggero;M;Illeso;0;;Utilizzato;Inesploso
3804864;5;02/05/2018 22:10;Strada Urbana;VIA DEI MONTI TIBURTINI;all'intersezione semaforizzata con;VIA DEI DURANTINI;VIA DEI DURANTINI;;;Scontro frontale/laterale SX fra veicoli in marcia;Incrocio;Due carreggiate;Asciutto;Asfaltata;Verticale ed orizzontale;Sereno;Normale;Buona;Sufficiente;1;0;0;1;12.54304;41.91708;-1;1;Autovettura privata;In marcia / fermata / arresto;Conducente;M;Illeso;0;;Non accertato;Esploso
3804864;5;02/05/2018 22:10;Strada Urbana;VIA DEI MONTI TIBURTINI;all'intersezione semaforizzata con;VIA DEI DURANTINI;VIA DEI DURANTINI;;;Scontro frontale/laterale SX fra veicoli in marcia;Incrocio;Due carreggiate;Asciutto;Asfaltata;Verticale ed orizzontale;Sereno;Normale;Buona;Sufficiente;1;0;0;1;12.54304;41.91708;-1;2;Autovettura privata;In marcia / fermata / arresto;Conducente;F;Rimandato;0;NON DECEDUTO;Non accertato;Inesploso
3804877;10;03/05/2018 07:05;Strada Urbana;VIA DELLA PENNA;all'intersezione con;VIA DI TOR VERGATA;VIA DI TOR VERGATA;;;Scontro laterale fra veicoli in marcia;Incrocio;Una carreggiata a doppio senso;Asciutto;Asfaltata;Verticale ed orizzontale;Nuvoloso;Normale;Buona;Ore Diurne;0;0;0;2;12.62276;41.8417;-1;1;Autovettura privata;In marcia / fermata / arresto;Conducente;M;Illeso;0;;Non accertato;Inesploso
3804877;10;03/05/2018 07:05;Strada Urbana;VIA DELLA PENNA;all'intersezione con;VIA DI TOR VERGATA;VIA DI TOR VERGATA;;;Scontro laterale fra veicoli in marcia;Incrocio;Una carreggiata a doppio senso;Asciutto;Asfaltata;Verticale ed orizzontale;Nuvoloso;Normale;Buona;Ore Diurne;0;0;0;2;12.62276;41.8417;-1;2;Autocarro superiore 35 q.;In marcia / fermata / arresto;Conducente;M;Illeso;0;;Non accertato;Inesistente
3804887;17;02/05/2018 08:25;;PIAZZA GIOVINE ITALIA;da specificare;;;;fronte civico 7;Veicolo in marcia contro veicolo in sosta;;;;;;;;;;0;0;0;2;12.45844;41.91392;0;1;Autovettura privata;In marcia / fermata / arresto;Conducente;M;Illeso;0;;;
3804887;17;02/05/2018 08:25;;PIAZZA GIOVINE ITALIA;da specificare;;;;fronte civico 7;Veicolo in marcia contro veicolo in sosta;;;;;;;;;;0;0;0;2;12.45844;41.91392;0;2;Autovettura privata;In marcia / fermata / arresto;Conducente;M;Illeso;0;;;
3804890;17;02/05/2018 22:50;Strada Urbana;VIA SABOTINO;all'intersezione con;VIA MONTE SANTO;VIA MONTE SANTO;;;Scontro frontale/laterale DX fra veicoli in marcia;Incrocio;Due carreggiate;Asciutto;Asfaltata;Verticale ed orizzontale;Nuvoloso;Scarso;Sufficiente;Insufficiente;0;0;0;2;12.46008;41.91681;-1;1;Autovettura pubblica;In marcia / fermata / arresto;Conducente;M;Illeso;0;;;
3804890;17;02/05/2018 22:50;Strada Urbana;VIA SABOTINO;all'intersezione con;VIA MONTE SANTO;VIA MONTE SANTO;;;Scontro frontale/laterale DX fra veicoli in marcia;Incrocio;Due carreggiate;Asciutto;Asfaltata;Verticale ed orizzontale;Nuvoloso;Scarso;Sufficiente;Insufficiente;0;0;0;2;12.46008;41.91681;-1;2;Autovettura privata;In marcia / fermata / arresto;Conducente;M;Illeso;0;;;
3804894;17;02/05/2018 09:17;Strada Urbana;VIALE DEGLI AMMIRAGLI;all'intersezione con;VIA FRANCESCO SIVORI;VIA FRANCESCO SIVORI;;;Scontro laterale fra veicoli in marcia;Intersezione stradale segnalata;Due carreggiate;Asciutto;Asfaltata;Verticale ed orizzontale;Sereno;Normale;Buona;Ore Diurne;0;0;0;5;12.44589;41.90459;-1;1;Autovettura privata;In marcia / fermata / arresto;Conducente;M;Illeso;0;;;
3804894;17;02/05/2018 09:17;Strada Urbana;VIALE DEGLI AMMIRAGLI;all'intersezione con;VIA FRANCESCO SIVORI;VIA FRANCESCO SIVORI;;;Scontro laterale fra veicoli in marcia;Intersezione stradale segnalata;Due carreggiate;Asciutto;Asfaltata;Verticale ed orizzontale;Sereno;Normale;Buona;Ore Diurne;0;0;0;5;12.44589;41.90459;-1;1;Autovettura privata;In marcia / fermata / arresto;Passeggero;F;Illeso;0;;;
3804894;17;02/05/2018 09:17;Strada Urbana;VIALE DEGLI AMMIRAGLI;all'intersezione con;VIA FRANCESCO SIVORI;VIA FRANCESCO SIVORI;;;Scontro laterale fra veicoli in marcia;Intersezione stradale segnalata;Due carreggiate;Asciutto;Asfaltata;Verticale ed orizzontale;Sereno;Normale;Buona;Ore Diurne;0;0;0;5;12.44589;41.90459;-1;1;Autovettura privata;In marcia / fermata / arresto;Passeggero;M;Illeso;0;;;
3804894;17;02/05/2018 09:17;Strada Urbana;VIALE DEGLI AMMIRAGLI;all'intersezione con;VIA FRANCESCO SIVORI;VIA FRANCESCO SIVORI;;;Scontro laterale fra veicoli in marcia;Intersezione stradale segnalata;Due carreggiate;Asciutto;Asfaltata;Verticale ed orizzontale;Sereno;Normale;Buona;Ore Diurne;0;0;0;5;12.44589;41.90459;-1;2;Autocarro inferiore 35 q.;In marcia / fermata / arresto;Conducente;M;Illeso;0;;;
3804894;17;02/05/2018 09:17;Strada Urbana;VIALE DEGLI AMMIRAGLI;all'intersezione con;VIA FRANCESCO SIVORI;VIA FRANCESCO SIVORI;;;Scontro laterale fra veicoli in marcia;Intersezione stradale segnalata;Due carreggiate;Asciutto;Asfaltata;Verticale ed orizzontale;Sereno;Normale;Buona;Ore Diurne;0;0;0;5;12.44589;41.90459;-1;2;Autocarro inferiore 35 q.;In marcia / fermata / arresto;Passeggero;M;Illeso;0;;;
3804899;20;02/05/2018 12:00;Strada Urbana;VIA VERGEMOLI;all'intersezione con;VIA ROCCASTRADA;VIA ROCCASTRADA;;;Scontro frontale/laterale DX fra veicoli in marcia;Incrocio;Una carreggiata a senso unico di marcia;Asciutto;Asfaltata;Assente;Nuvoloso;Normale;Buona;Ore Diurne;0;0;0;3;12.4398;41.97696;-1;1;Autocarro inferiore 35 q.;In marcia / fermata / arresto;Conducente;M;Illeso;0;;Non accertato;Inesploso
3804899;20;02/05/2018 12:00;Strada Urbana;VIA VERGEMOLI;all'intersezione con;VIA ROCCASTRADA;VIA ROCCASTRADA;;;Scontro frontale/laterale DX fra veicoli in marcia;Incrocio;Una carreggiata a senso unico di marcia;Asciutto;Asfaltata;Assente;Nuvoloso;Normale;Buona;Ore Diurne;0;0;0;3;12.4398;41.97696;-1;1;Autocarro inferiore 35 q.;In marcia / fermata / arresto;Passeggero;M;Illeso;0;;Non accertato;Inesploso