Protocollo;Gruppo;DataOraIncidente;Localizzazione1;STRADA1;Localizzazione2;STRADA2;Strada02;Chilometrica;DaSpecificare;NaturaIncidente;particolaritastrade;TipoStrada;FondoStradale;Pavimentazione;Segnaletica;CondizioneAtmosferica;Traffico;Visibilita;Illuminazione;NUM_FERITI;NUM_RISERVATA;NUM_MORTI;NUM_ILLESI;Longitudine;Latitudine;Confermato;Progressivo;TipoVeicolo;StatoVeicolo;TipoPersona;Sesso;Tipolesione;Deceduto;DecedutoDopo;CinturaCascoUtilizzato;Airbag
3805096;4;02/05/2018 15:00;Strada Urbana;VIA DI VALLE MELAINA;all'intersezione con;VIA STAMPALIA;VIA STAMPALIA;;;Tamponamento;Intersezione stradale segnalata;Due carreggiate;Asciutto;Asfaltata;Orizzontale;Nuvoloso;Normale;Buona;Ore Diurne;1;0;0;1;12.52585;41.94828;0;2;Autovettura privata;In marcia / fermata / arresto;Conducente;M;Illeso;0;;;
3805098;2;02/05/2018 11:15;Strada Urbana;VIALE ERITREA;in prossimità;;del civico n.;81;;Veicolo in marcia contro ostacolo accidentale;Rettilineo;Una carreggiata a senso unico di marcia;Asciutto;Asfaltata;Verticale ed orizzontale;Nuvoloso;Normale;Buona;Ore Diurne;1;0;0;2;12.5157;41.92705;-1;1;Motociclo a solo;In marcia / fermata / arresto;Conducente;M;Rifiuta cure immediate;0;NON DECEDUTO;;
3805098;2;02/05/2018 11:15;Strada Urbana;VIALE ERITREA;in prossimità;;del civico n.;81;;Veicolo in marcia contro ostacolo accidentale;Rettilineo;Una carreggiata a senso unico di marcia;Asciutto;Asfaltata;Verticale ed orizzontale;Nuvoloso;Normale;Buona;Ore Diurne;1;0;0;2;12.5157;41.92705;-1;2;Autovettura pubblica;In marcia / fermata / arresto;Conducente;M;Illeso;0;;;
3805098;2;02/05/2018 11:15;Strada Urbana;VIALE ERITREA;in prossimità;;del civico n.;81;;Veicolo in marcia contro ostacolo accidentale;Rettilineo;Una carreggiata a senso unico di marcia;Asciutto;Asfaltata;Verticale ed orizzontale;Nuvoloso;Normale;Buona;Ore Diurne;1;0;0;2;12.5157;41.92705;-1;2;Autovettura pubblica;In marcia / fermata / arresto;Passeggero;M;Illeso;0;;;
3805102;2;02/05/2018 14:00;Strada Urbana;VIALE PARIOLI;in prossimità;;del civico n.;16F;;Veicolo in marcia contro veicolo in sosta;Rettilineo;Una carreggiata a doppio senso;Asciutto;Asfaltata;Verticale;Nuvoloso;Normale;Buona;Ore Diurne;0;0;0;1;12.49095;41.92366;-1;2;Autocarro inferiore 35 q.;In marcia / fermata / arresto;Conducente;M;Illeso;0;;;
3805104;2;02/05/2018 16:15;Strada Urbana;VIA SALARIA;da specificare;;;;DIR. CENTRO ALT. RAMPA INVERSIONE PRATI FISCALI;Tamponamento;Rettilineo;Due carreggiate;Asciutto;Asfaltata;Verticale ed orizzontale;Nuvoloso;Intenso;Buona;Ore Diurne;2;0;0;1;12.51724;41.98601;-1;1;Autovettura privata;In marcia / fermata / arresto;Conducente;M;Illeso;0;;Non accertato;Inesploso
3805104;2;02/05/2018 16:15;Strada Urbana;VIA SALARIA;da specificare;;;;DIR. CENTRO ALT. RAMPA INVERSIONE PRATI FISCALI;Tamponamento;Rettilineo;Due carreggiate;Asciutto;Asfaltata;Verticale ed orizzontale;Nuvoloso;Intenso;Buona;Ore Diurne;2;0;0;1;12.51724;41.98601;-1;1;Autovettura privata;In marcia / fermata / arresto;Passeggero;F;Rimandato;0;NON DECEDUTO;Non accertato;Inesploso
3805104;2;02/05/2018 16:15;Strada Urbana;VIA SALARIA;da specificare;;;;DIR. CENTRO ALT. RAMPA INVERSIONE PRATI FISCALI;Tamponamento;Rettilineo;Due carreggiate;Asciutto;Asfaltata;Verticale ed orizzontale;Nuvoloso;Intenso;Buona;Ore Diurne;2;0;0;1;12.51724;41.98601;-1;2;Motociclo a solo;In marcia / fermata / arresto;Conducente;M;Rimandato;0;NON DECEDUTO;Non accertato;
3805106;1;02/05/2018 21:10;Strada Urbana;VIA SOLFERINO;in prossimità;;del civico n.;30;;Investimento di pedone;Rettilineo;Una carreggiata a doppio senso;Asciutto;Asfaltata;Verticale ed orizzontale;Sereno;Scarso;Sufficiente;Sufficiente;1;0;0;1;;;0;;;;Pedone;F;Rimandato;0;NON DECEDUTO;;
3805106;1;02/05/2018 21:10;Strada Urbana;VIA SOLFERINO;in prossimità;;del civico n.;30;;Investimento di pedone;Rettilineo;Una carreggiata a doppio senso;Asciutto;Asfaltata;Verticale ed orizzontale;Sereno;Scarso;Sufficiente;Sufficiente;1;0;0;1;;;0;1;Autovettura privata;In marcia / fermata / arresto;Conducente;F;Illeso;0;;Non accertato;
3805109;4;02/05/2018 18:00;Provinciale;VIA NOMENTANA;in corrispondenza;;del civico n.;1563;;Veicolo in marcia contro ostacolo accidentale;Rettilineo;Una carreggiata a doppio senso;Asciutto;Con buche;Verticale ed orizzontale;Sereno;Normale;Buona;Ore Diurne;0;0;0;2;12.61592;41.98;-1;1;Autovettura privata;In marcia / fermata / arresto;Conducente;M;Illeso;0;;Non accertato;Inesistente
3805109;4;02/05/2018 18:00;Provinciale;VIA NOMENTANA;in corrispondenza;;del civico n.;1563;;Veicolo in marcia contro ostacolo accidentale;Rettilineo;Una carreggiata a doppio senso;Asciutto;Con buche;Verticale ed orizzontale;Sereno;Normale;Buona;Ore Diurne;0;0;0;2;12.61592;41.98;-1;1;Autovettura privata;In marcia / fermata / arresto;Passeggero;M;Illeso;0;;Non accertato;Inesploso
3805118;7;02/05/2018 19:30;Strada Urbana;VIA PRENESTINA;in corrispondenza;;del palo luce n.;306;;Investimento di pedone;Rettilineo;Due carreggiate;Asciutto;Asfaltata;Assente;Sereno;Normale;Buona;Sufficiente;0;0;0;3;12.59868;41.89367;0;;;;Pedone sconosciuto;;Illeso;0;;;
3805118;7;02/05/2018 19:30;Strada Urbana;VIA PRENESTINA;in corrispondenza;;del palo luce n.;306;;Investimento di pedone;Rettilineo;Due carreggiate;Asciutto;Asfaltata;Assente;Sereno;Normale;Buona;Sufficiente;0;0;0;3;12.59868;41.89367;0;1;Autovettura privata;In marcia / fermata / arresto;Conducente;M;Illeso;0;;Non accertato;Inesploso
3805118;7;02/05/2018 19:30;Strada Urbana;VIA PRENESTINA;in corrispondenza;;del palo luce n.;306;;Investimento di pedone;Rettilineo;Due carreggiate;Asciutto;Asfaltata;Assente;Sereno;Normale;Buona;Sufficiente;0;0;0;3;12.59868;41.89367;0;1;Autovettura privata;In marcia / fermata / arresto;Passeggero;F;Illeso;0;;Non accertato;Inesploso
3805132;6;03/05/2018 08:20;Strada Urbana;VIA ANAGNI;in corrispondenza;;del civico n.;65;;Scontro laterale fra veicoli in marcia;Rettilineo;Una carreggiata a doppio senso;Asciutto;Asfaltata;Verticale ed orizzontale;Sereno;Normale;Buona;Ore Diurne;1;0;0;1;12.5577;41.8903;-1;1;Motociclo a solo;In marcia / fermata / arresto;Conducente;M;Rimandato;0;NON DECEDUTO;Non accertato;
3805132;6;03/05/2018 08:20;Strada Urbana;VIA ANAGNI;in corrispondenza;;del civico n.;65;;Scontro laterale fra veicoli in marcia;Rettilineo;Una carreggiata a doppio senso;Asciutto;Asfaltata;Verticale ed orizzontale;Sereno;Normale;Buona;Ore Diurne;1;0;0;1;12.5577;41.8903;-1;2;Autovettura privata;In marcia / fermata / arresto;Conducente;M;Illeso;0;;Non accertato;Inesploso
3805146;1;02/05/2018 23:52;Strada Urbana;PIAZZA PIA;all'intersezione con;VIA DELLA CONCILIAZIONE;VIA DELLA CONCILIAZIONE;;;Veicolo in marcia contro ostacolo fisso;Intersezione semaforizzata;;Asciutto;Asfaltata;Verticale ed orizzontale;Sereno;Normale;Sufficiente;Sufficiente;0;0;0;1;;;0;1;Autovettura privata;In marcia / fermata / arresto;Conducente;M;Illeso;0;;Non accertato;
3805175;16;02/05/2018 08:40;Strada Urbana;VIA DI VILLA TROILI;all'intersezione con;VIA DELLA STAZIONE AURELIA;VIA DELLA STAZIONE AURELIA;;;Scontro frontale/laterale DX fra veicoli in marcia;Incrocio;Una carreggiata a doppio senso;Asciutto;Asfaltata;Verticale ed orizzontale;Sereno;Intenso;Buona;Ore Diurne;1;0;0;1;12.40675;41.88175;-1;1;Autovettura privata;In marcia / fermata / arresto;Conducente;F;Illeso;0;;Non accertato;Inesploso
3805175;16;02/05/2018 08:40;Strada Urbana;VIA DI VILLA TROILI;all'intersezione con;VIA DELLA STAZIONE AURELIA;VIA DELLA STAZIONE AURELIA;;;Scontro frontale/laterale DX fra veicoli in marcia;Incrocio;Una carreggiata a doppio senso;Asciutto;Asfaltata;Verticale ed orizzontale;Sereno;Intenso;Buona;Ore Diurne;1;0;0;1;12.40675;41.88175;-1;2;Motociclo a solo;In marcia / fermata / arresto;Conducente;M;Rimandato;0;NON DECEDUTO;Non accertato;
3805191;4;02/05/2018 18:45;Strada Urbana;VIA MONTE CERVIALTO;da specificare;;;;(Corsia laterale) in corrispondenza del civico 233;Investimento di pedone;Rettilineo;Due carreggiate;Asciutto;Asfaltata;Verticale ed orizzontale;Sereno;Scarso;Buona;Ore Diurne;1;0;0;1;12.52321;41.95409;-1;;;;Pedone;M;Rimandato;0;NON DECEDUTO;;
3805191;4;02/05/2018 18:45;Strada Urbana;VIA MONTE CERVIALTO;da specificare;;;;(Corsia laterale) in corrispondenza del civico 233;Investimento di pedone;Rettilineo;Due carreggiate;Asciutto;Asfaltata;Verticale ed orizzontale;Sereno;Scarso;Buona;Ore Diurne;1;0;0;1;12.52321;41.95409;-1;1;Autovettura privata;In marcia / fermata / arresto;Conducente;M;Illeso;0;;Non accertato;Inesploso
3805196;1;02/05/2018 12:00;Strada Urbana;VIALE DELLE TERME DI CARACALLA;in corrispondenza;;del palo luce n.;110;;Tamponamento;Rettilineo;Due carreggiate;Asciutto;Asfaltata;Verticale ed orizzontale;Nuvoloso;Normale;Buona;Ore Diurne;1;0;0;1;12.4952;41.87889;-1;1;Autovettura privata;In marcia / fermata / arresto;Conducente;F;Rimandato;0;NON DECEDUTO;Non accertato;
3805196;1;02/05/2018 12:00;Strada Urbana;VIALE DELLE TERME DI CARACALLA;in corrispondenza;;del palo luce n.;110;;Tamponamento;Rettilineo;Due carreggiate;Asciutto;Asfaltata;Verticale ed orizzontale;Nuvoloso;Normale;Buona;Ore Diurne;1;0;0;1;12.4952;41.87889;-1;2;Autocarro inferiore 35 q.;In marcia / fermata / arresto;Conducente;M;Illeso;0;;Non accertato;
3805210;16;02/05/2018 10:00;;PIAZZALE EUGENIO MORELLI;in corrispondenza;;del civico n.;26;;Scontro laterale fra veicoli in marcia;;;;;;;;;;0;0;0;2;12.44344;41.85986;0;1;Autovettura privata;In marcia / fermata / arresto;Conducente;M;Illeso;0;;;
3805210;16;02/05/2018 10:00;;PIAZZALE EUGENIO MORELLI;in corrispondenza;;del civico n.;26;;Scontro laterale fra veicoli in marcia;;;;;;;;;;0;0;0;2;12.44344;41.85986;0;2;Autovettura privata;In marcia / fermata / arresto;Conducente;M;Illeso;0;;;
3805222;1;02/05/2018 17:20;Strada Urbana;VIA LUIGI PETROSELLI;in prossimità;;del civico n.;52;;Tamponamento Multiplo;Rettilineo;Una carreggiata a doppio senso;Asciutto;In cubetti di porfido;Verticale ed orizzontale;Nuvoloso;Normale;Buona;Ore Diurne;0;0;0;3;12.48087;41.88994;-1;1;Autovettura privata;In marcia / fermata / arresto;Conducente;F;Illeso;0;;Non accertato;
3805222;1;02/05/2018 17:20;Strada Urbana;VIA LUIGI PETROSELLI;in prossimità;;del civico n.;52;;Tamponamento Multiplo;Rettilineo;Una carreggiata a doppio senso;Asciutto;In cubetti di porfido;Verticale ed orizzontale;Nuvoloso;Normale;Buona;Ore Diurne;0;0;0;3;12.48087;41.88994;-1;2;Autovettura privata;In marcia / fermata / arresto;Conducente;M;Illeso;0;;Non accertato;
3805222;1;02/05/2018 17:20;Strada Urbana;VIA LUIGI PETROSELLI;in prossimità;;del civico n.;52;;Tamponamento Multiplo;Rettilineo;Una carreggiata a doppio senso;Asciutto;In cubetti di porfido;Verticale ed orizzontale;Nuvoloso;Normale;Buona;Ore Diurne;0;0;0;3;12.48087;41.88994;-1;3;Autovettura pubblica;In marcia / fermata / arresto;Conducente;M;Illeso;0;;Non accertato;
3805283;1;02/05/2018 14:15;Strada Urbana;PIAZZA DI S. GIOVANNI IN LATERANO;all'intersezione semaforizzata con;VIA MERULANA;VIA MERULANA;;;Scontro laterale fra veicoli in marcia;Intersezione semaforizzata;Una carreggiata a doppio senso;Asciutto;Asfaltata;Verticale ed orizzontale;Nuvoloso;Normale;Buona;Ore Diurne;0;0;0;2;12.50672;41.88687;-1;1;Autovettura privata;In marcia / fermata / arresto;Conducente;F;Illeso;0;;Non accertato;Inesploso
3805283;1;02/05/2018 14:15;Strada Urbana;PIAZZA DI S. GIOVANNI IN LATERANO;all'intersezione semaforizzata con;VIA MERULANA;VIA MERULANA;;;Scontro laterale fra veicoli in marcia;Intersezione semaforizzata;Una carreggiata a doppio senso;Asciutto;Asfaltata;Verticale ed orizzontale;Nuvoloso;Normale;Buona;Ore Diurne;0;0;0;2;12.50672;41.88687;-1;2;Autovettura privata;In marcia / fermata / arresto;Conducente;F;Illeso;0;;Non accertato;Inesploso
3805295;6;03/05/2018 10:20;Strada Urbana;PIAZZALE PRENESTINO;in corrispondenza;;del civico n.;35;;Tamponamento Multiplo;Rettilineo;Una carreggiata a senso unico di marcia;Asciutto;Asfaltata;Orizzontale;Nuvoloso;Normale;Buona;Ore Diurne;1;0;0;2;12.52709;41.89115;-1;1;Autovettura privata;In marcia / fermata / arresto;Conducente;M;Illeso;0;;Non accertato;
3805295;6;03/05/2018 10:20;Strada Urbana;PIAZZALE PRENESTINO;in corrispondenza;;del civico n.;35;;Tamponamento Multiplo;Rettilineo;Una carreggiata a senso unico di marcia;Asciutto;Asfaltata;Orizzontale;Nuvoloso;Normale;Buona;Ore Diurne;1;0;0;2;12.52709;41.89115;-1;2;Autovettura privata;In marcia / fermata / arresto;Conducente;F;Rifiuta cure immediate;0;NON DECEDUTO;Non accertato;Inesploso
3805295;6;03/05/2018 10:20;Strada Urbana;PIAZZALE PRENESTINO;in corrispondenza;;del civico n.;35;;Tamponamento Multiplo;Rettilineo;Una carreggiata a senso unico di marcia;Asciutto;Asfaltata;Orizzontale;Nuvoloso;Normale;Buona;Ore Diurne;1;0;0;2;12.52709;41.89115;-1;3;Autovettura privata;In marcia / fermata / arresto;Conducente;M;Illeso;0;;Non accertato;Inesploso
3805326;1;02/05/2018 12:40;Strada Urbana;VIA LUDOVISI;in prossimità;;del civico n.;10;;Tamponamento Multiplo;Rettilineo;Una carreggiata a senso unico di marcia;Asciutto;Asfaltata;Verticale ed orizzontale;Nuvoloso;Normale;Buona;Ore Diurne;0;0;0;3;12.4895;41.90718;-1;1;Autovettura privata;In marcia / fermata / arresto;Conducente;M;Illeso;0;;Non accertato;Inesploso
3805326;1;02/05/2018 12:40;Strada Urbana;VIA LUDOVISI;in prossimità;;del civico n.;10;;Tamponamento Multiplo;Rettilineo;Una carreggiata a senso unico di marcia;Asciutto;Asfaltata;Verticale ed orizzontale;Nuvoloso;Normale;Buona;Ore Diurne;0;0;0;3;12.4895;41.90718;-1;2;Autovettura privata;In marcia / fermata / arresto;Conducente;M;Illeso;0;;Non accertato;Inesploso
3805326;1;02/05/2018 12:40;Strada Urbana;VIA LUDOVISI;in prossimità;;del civico n.;10;;Tamponamento Multiplo;Rettilineo;Una carreggiata a senso unico di marcia;Asciutto;Asfaltata;Verticale ed orizzontale;Nuvoloso;Normale;Buona;Ore Diurne;0;0;0;3;12.4895;41.90718;-1;3;Autovettura privata;In marcia / fermata / arresto;Conducente;F;Illeso;0;;Non accertato;Inesploso
3805358;9;02/05/2018 17:30;;VIA NICASTRO;da specificare;;;; in prossimità intersezione con Via Taranto;Veicoli in marcia contro veicolo fermo;;;;;;;;;;0;0;0;2;;;0;1;Autovettura privata;In marcia / fermata / arresto;Conducente;;Illeso;0;;;
3805358;9;02/05/2018 17:30;;VIA NICASTRO;da specificare;;;; in prossimità intersezione con Via Taranto;Veicoli in marcia contro veicolo fermo;;;;;;;;;;0;0;0;2;;;0;2;Autovettura privata;In marcia / fermata / arresto;Conducente;M;Illeso;0;;;
3805376;1;03/05/2018 08:45;Strada Urbana;VIA DEL CIRCO MASSIMO;all'intersezione semaforizzata con;VIA DELL'ARA MASSIMA DI ERCOLE;VIA DELL'ARA MASSIMA DI ERCOLE;;;Scontro laterale fra veicoli in marcia;Intersezione semaforizzata;Una carreggiata a doppio senso;Asciutto;Asfaltata;Verticale ed orizzontale;Nuvoloso;Normale;Buona;Ore Diurne;0;0;0;1;;;0;1;Quadriciclo leggero;In marcia / fermata / arresto;Conducente;M;Illeso;0;;Non accertato;
3805424;12;03/05/2018 08:25;Strada Urbana;VIA DI VALLERANELLO;all'intersezione con;VIA PONTINA;VIA PONTINA;;;Tamponamento;Incrocio;Una carreggiata a doppio senso;Asciutto;Asfaltata;Verticale ed orizzontale;Nuvoloso;Intenso;Buona;Ore Diurne;1;0;0;2;12.45289;41.79617;-1;1;Autovettura privata;In marcia / fermata / arresto;Conducente;F;Illeso;0;;Non accertato;
3805424;12;03/05/2018 08:25;Strada Urbana;VIA DI VALLERANELLO;all'intersezione con;VIA PONTINA;VIA PONTINA;;;Tamponamento;Incrocio;Una carreggiata a doppio senso;Asciutto;Asfaltata;Verticale ed orizzontale;Nuvoloso;Intenso;Buona;Ore Diurne;1;0;0;2;12.45289;41.79617;-1;1;Autovettura privata;In marcia / fermata / arresto;Passeggero;M;Illeso;0;;Utilizzato;
3805424;12;03/05/2018 08:25;Strada Urbana;VIA DI VALLERANELLO;all'intersezione con;VIA PONTINA;VIA PONTINA;;;Tamponamento;Incrocio;Una carreggiata a doppio senso;Asciutto;Asfaltata;Verticale ed orizzontale;Nuvoloso;Intenso;Buona;Ore Diurne;1;0;0;2;12.45289;41.79617;-1;2;Motociclo a solo;In marcia / fermata / arresto;Conducente;F;Rimandato;0;NON DECEDUTO;;
3805571;1;03/05/2018 00:05;Strada Urbana;VIA SAN QUINTINO;in prossimità;;del civico n.;10;;Veicolo in marcia contro ostacolo accidentale;Rettilineo;Una carreggiata a senso unico di marcia;Viscido da liquidi oleosi;Acciotolata;Verticale ed orizzontale;Sereno;Scarso;Sufficiente;Sufficiente;0;0;0;2;12.50878;41.89007;-1;1;Autovettura privata;In marcia / fermata / arresto;Conducente;M;Illeso;0;;Non accertato;Inesploso
3805571;1;03/05/2018 00:05;Strada Urbana;VIA SAN QUINTINO;in prossimità;;del civico n.;10;;Veicolo in marcia contro ostacolo accidentale;Rettilineo;Una carreggiata a senso unico di marcia;Viscido da liquidi oleosi;Acciotolata;Verticale ed orizzontale;Sereno;Scarso;Sufficiente;Sufficiente;0;0;0;2;12.50878;41.89007;-1;2;Motociclo a solo;In marcia / fermata / arresto;Conducente;M;Illeso;0;;Utilizzato;
3805597;1;03/05/2018 00:05;Strada Urbana;VIA SAN QUINTINO;in prossimità;;del civico n.;10;;Veicolo in marcia contro ostacolo accidentale;Rettilineo;Una carreggiata a senso unico di marcia;Viscido da liquidi oleosi;Acciotolata;Verticale ed orizzontale;Sereno;Scarso;Sufficiente;Sufficiente;1;0;0;0;12.50878;41.89007;-1;1;Motociclo a solo;In marcia / fermata / arresto;Conducente;M;Rimandato;0;NON DECEDUTO;Non accertato;
3805649;1;03/05/2018 03:05;Strada Urbana;VIA ANDREA VESALIO;da specificare;;;;.;Veicolo in marcia contro ostacolo accidentale;;Una carreggiata a senso unico di marcia;Asciutto;Asfaltata;Verticale ed orizzontale;Sereno;Scarso;Sufficiente;Sufficiente;0;0;0;1;;;0;1;Autovettura di polizia;In marcia / fermata / arresto;Conducente;M;Illeso;0;;Esente;Inesploso
3805651;15;03/05/2018 11:25;Strada Urbana;VIA ODERISI DA GUBBIO;all'intersezione con;VIA BORGHESANO LUCCHESE;VIA BORGHESANO LUCCHESE;;;Investimento di pedone;Intersezione semaforizzata;Una carreggiata a doppio senso;Asciutto;Asfaltata;Orizzontale;Nuvoloso;Normale;Buona;Ore Diurne;1;0;0;1;12.4655;41.8659;-1;;;;Pedone;F;Rimandato;0;NON DECEDUTO;;
3805651;15;03/05/2018 11:25;Strada Urbana;VIA ODERISI DA GUBBIO;all'intersezione con;VIA BORGHESANO LUCCHESE;VIA BORGHESANO LUCCHESE;;;Investimento di pedone;Intersezione semaforizzata;Una carreggiata a doppio senso;Asciutto;Asfaltata;Orizzontale;Nuvoloso;Normale;Buona;Ore Diurne;1;0;0;1;12.4655;41.8659;-1;1;Autovettura privata;In marcia / fermata / arresto;Conducente;M;Illeso;0;;Non accertato;Inesploso
3805696;18;03/05/2018 15:00;Strada Urbana;VIA ANASTASIO II;da specificare;;;;fronte 167;Veicolo in marcia contro ostacolo fisso;Curva senza visuale libera;Due carreggiate;Bagnato (pioggia);Asfaltata;Verticale ed orizzontale;Nuvoloso;Normale;Buona;Ore Diurne;0;0;0;1;12.44275;41.8978;-1;1;Autovettura privata;In marcia / fermata / arresto;Conducente;F;Illeso;0;;Non accertato;Inesploso
3805697;10;03/05/2018 14:20;Statale entro l'abitato;VIA ANAGNINA;all'intersezione semaforizzata con;VIA DELLA MOLA CAVONA;VIA DELLA MOLA CAVONA;;;Scontro frontale/laterale SX fra veicoli in marcia;Intersezione semaforizzata;Più di due carreggiate;Bagnato (pioggia);Asfaltata;Verticale ed orizzontale;Pioggia in atto;Normale;Sufficiente;Ore Diurne;1;0;0;2;12.6368;41.80359;-1;1;Autovettura privata;In marcia / fermata / arresto;Conducente;M;Illeso;0;;Non accertato;Inesploso
3805697;10;03/05/2018 14:20;Statale entro l'abitato;VIA ANAGNINA;all'intersezione semaforizzata con;VIA DELLA MOLA CAVONA;VIA DELLA MOLA CAVONA;;;Scontro frontale/laterale SX fra veicoli in marcia;Intersezione semaforizzata;Più di due carreggiate;Bagnato (pioggia);Asfaltata;Verticale ed orizzontale;Pioggia in atto;Normale;Sufficiente;Ore Diurne;1;0;0;2;12.6368;41.80359;-1;2;Autovettura privata;In marcia / fermata / arresto;Conducente;M;Illeso;0;;Non accertato;Inesploso
3805697;10;03/05/2018 14:20;Statale entro l'abitato;VIA ANAGNINA;all'intersezione semaforizzata con;VIA DELLA MOLA CAVONA;VIA DELLA MOLA CAVONA;;;Scontro frontale/laterale SX fra veicoli in marcia;Intersezione semaforizzata;Più di due carreggiate;Bagnato (pioggia);Asfaltata;Verticale ed orizzontale;Pioggia in atto;Normale;Sufficiente;Ore Diurne;1;0;0;2;12.6368;41.80359;-1;3;Autovettura privata;In marcia / fermata / arresto;Conducente;M;Rimandato;0;NON DECEDUTO;Non accertato;Inesploso
3805699;15;03/05/2018 13:02;Strada Urbana;VIA PORTUENSE;in corrispondenza;;del civico n.;710;;Infortunio per sola frenata improvvisa;Curva a visuale libera;Una carreggiata a doppio senso;Bagnato (pioggia);Asfaltata;Orizzontale;Nuvoloso;Normale;Buona;Ore Diurne;0;0;0;1;12.43482;41.85202;-1;1;Autobus di linea;In marcia / fermata / arresto;Conducente;M;Illeso;0;;;
3805714;1;02/05/2018 01:25;Strada Urbana;VIALE CARLO FELICE;in prossimità;;del civico n.;101;;Veicolo in marcia contro ostacolo fisso;Rettilineo;Più di due carreggiate;Asciutto;Asfaltata;Verticale ed orizzontale;Sereno;Normale;Sufficiente;Sufficiente;0;0;0;1;;;0;1;Autoarticolato;In marcia / fermata / arresto;Conducente;M;Illeso;0;;Non accertato;Inesploso
3805722;15;03/05/2018 08:35;Strada Urbana;VIA PORTUENSE;da specificare;;;;pross.tà  Via L. Stipa;Scontro frontale/laterale SX fra veicoli in marcia;Rettilineo;Una carreggiata a doppio senso;Bagnato (umidità in atto);Asfaltata;Verticale ed orizzontale;Nuvoloso;Normale;Buona;Ore Diurne;0;0;0;2;12.41402;41.84696;-1;1;Autovettura privata;In marcia / fermata / arresto;Conducente;M;Illeso;0;;;
3805722;15;03/05/2018 08:35;Strada Urbana;VIA PORTUENSE;da specificare;;;;pross.tà  Via L. Stipa;Scontro frontale/laterale SX fra veicoli in marcia;Rettilineo;Una carreggiata a doppio senso;Bagnato (umidità in atto);Asfaltata;Verticale ed orizzontale;Nuvoloso;Normale;Buona;Ore Diurne;0;0;0;2;12.41402;41.84696;-1;2;Autocarro inferiore 35 q.;In marcia / fermata / arresto;Conducente;M;Illeso;0;;;
3805733;1;03/05/2018 13:15;Strada Urbana;PIAZZA DELL'INDIPENDENZA;all'intersezione con;VIA SOLFERINO;VIA SOLFERINO;;;Scontro frontale/laterale SX fra veicoli in marcia;Incrocio;Una carreggiata a senso unico di marcia;Asciutto;Asfaltata;Verticale ed orizzontale;Nuvoloso;Normale;Buona;Ore Diurne;1;0;0;1;12.50248;41.90438;-1;1;Autovettura pubblica;In marcia / fermata / arresto;Conducente;M;Illeso;0;;Non accertato;Inesploso
3805733;1;03/05/2018 13:15;Strada Urbana;PIAZZA DELL'INDIPENDENZA;all'intersezione con;VIA SOLFERINO;VIA SOLFERINO;;;Scontro frontale/laterale SX fra veicoli in marcia;Incrocio;Una carreggiata a senso unico di marcia;Asciutto;Asfaltata;Verticale ed orizzontale;Nuvoloso;Normale;Buona;Ore Diurne;1;0;0;1;12.50248;41.90438;-1;2;Motociclo a solo;In marcia / fermata / arresto;Conducente;F;Rimandato;0;NON DECEDUTO;Utilizzato;
3805753;7;03/05/2018 12:30;Strada Urbana;VIALE PALMIRO TOGLIATTI;all'intersezione semaforizzata con;VIA CASILINA;VIA CASILINA;;;Tamponamento;Intersezione semaforizzata;Due carreggiate;Asciutto;Asfaltata;Verticale ed orizzontale;Nuvoloso;Intenso;Buona;Ore Diurne;0;0;0;2;12.57339;41.88769;-1;1;Autovettura privata;In marcia / fermata / arresto;Conducente;F;Illeso;0;;Non accertato;Inesploso
3805753;7;03/05/2018 12:30;Strada Urbana;VIALE PALMIRO TOGLIATTI;all'intersezione semaforizzata con;VIA CASILINA;VIA CASILINA;;;Tamponamento;Intersezione semaforizzata;Due carreggiate;Asciutto;Asfaltata;Verticale ed orizzontale;Nuvoloso;Intenso;Buona;Ore Diurne;0;0;0;2;12.57339;41.88769;-1;2;Autovettura privata;In marcia / fermata / arresto;Conducente;F;Illeso;0;;Non accertato;Inesploso
3805761;9;03/05/2018 15:35;Strada Urbana;VIA LATINA;all'intersezione con;VIA TALAMONE;VIA TALAMONE;;;Scontro frontale/laterale SX fra veicoli in marcia;Incrocio;Una carreggiata a doppio senso;Bagnato (pioggia);Asfaltata;Verticale ed orizzontale;Nuvoloso;Intenso;Buona;Ore Diurne;0;0;0;2;12.50482;41.87533;-1;1;Autovettura privata;In marcia / fermata / arresto;Conducente;M;Illeso;0;;;
3805761;9;03/05/2018 15:35;Strada Urbana;VIA LATINA;all'intersezione con;VIA TALAMONE;VIA TALAMONE;;;Scontro frontale/laterale SX fra veicoli in marcia;Incrocio;Una carreggiata a doppio senso;Bagnato (pioggia);Asfaltata;Verticale ed orizzontale;Nuvoloso;Intenso;Buona;Ore Diurne;0;0;0;2;12.50482;41.87533;-1;2;Autovettura privata;In marcia / fermata / arresto;Conducente;M;Illeso;0;;;
3805783;13;03/05/2018 14:35;Strada Urbana;VIA MASSIMO TROISI;all'intersezione con;VIA PAOLO STOPPA;VIA PAOLO STOPPA;;;Scontro frontale/laterale SX fra veicoli in marcia;Incrocio;Una carreggiata a doppio senso;Bagnato (pioggia);Asfaltata;Verticale ed orizzontale;Pioggia in atto;Normale;Buona;Ore Diurne;1;0;0;1;12.39471;41.78661;-1;1;Autovettura privata;In marcia / fermata / arresto;Conducente;M;Illeso;0;;Non accertato;Inesploso