Protocollo;Gruppo;DataOraIncidente;Localizzazione1;STRADA1;Localizzazione2;STRADA2;Strada02;Chilometrica;DaSpecificare;NaturaIncidente;particolaritastrade;TipoStrada;FondoStradale;Pavimentazione;Segnaletica;CondizioneAtmosferica;Traffico;Visibilita;Illuminazione;NUM_FERITI;NUM_RISERVATA;NUM_MORTI;NUM_ILLESI;Longitudine;Latitudine;Confermato;Progressivo;TipoVeicolo;StatoVeicolo;TipoPersona;Sesso;Tipolesione;Deceduto;DecedutoDopo;CinturaCascoUtilizzato;Airbag
3806518;20;03/05/2018 14:00;Regionale entro l'abitato;VIA FLAMINIA;da specificare;;;;in prossimità di Via Bomarzo;Tamponamento Multiplo;Rettilineo;Due carreggiate;Asciutto;Asfaltata;Verticale ed orizzontale;Nuvoloso;Intenso;Buona;Ore Diurne;1;0;0;3;12.47183;41.94192;-1;2;Autovettura privata;In marcia / fermata / arresto;Conducente;M;Illeso;0;;;
3806518;20;03/05/2018 14:00;Regionale entro l'abitato;VIA FLAMINIA;da specificare;;;;in prossimità di Via Bomarzo;Tamponamento Multiplo;Rettilineo;Due carreggiate;Asciutto;Asfaltata;Verticale ed orizzontale;Nuvoloso;Intenso;Buona;Ore Diurne;1;0;0;3;12.47183;41.94192;-1;2;Autovettura privata;In marcia / fermata / arresto;Passeggero;F;Rimandato;0;NON DECEDUTO;;
3806518;20;03/05/2018 14:00;Regionale entro l'abitato;VIA FLAMINIA;da specificare;;;;in prossimità di Via Bomarzo;Tamponamento Multiplo;Rettilineo;Due carreggiate;Asciutto;Asfaltata;Verticale ed orizzontale;Nuvoloso;Intenso;Buona;Ore Diurne;1;0;0;3;12.47183;41.94192;-1;3;Autovettura privata;In marcia / fermata / arresto;Conducente;M;Illeso;0;;;
3806537;8;03/05/2018 15:45;Strada Urbana;VIA DON PRIMO MAZZOLARI;all'intersezione con;VIA CATERINA USAI;VIA CATERINA USAI;;;Scontro laterale fra veicoli in marcia;Incrocio;Una carreggiata a doppio senso;Bagnato (pioggia);Asfaltata;Verticale ed orizzontale;Nuvoloso;Normale;Buona;Ore Diurne;0;0;0;4;12.67294;41.89616;-1;1;Autovettura privata;In marcia / fermata / arresto;Conducente;M;Illeso;0;;Non accertato;Inesploso
3806537;8;03/05/2018 15:45;Strada Urbana;VIA DON PRIMO MAZZOLARI;all'intersezione con;VIA CATERINA USAI;VIA CATERINA USAI;;;Scontro laterale fra veicoli in marcia;Incrocio;Una carreggiata a doppio senso;Bagnato (pioggia);Asfaltata;Verticale ed orizzontale;Nuvoloso;Normale;Buona;Ore Diurne;0;0;0;4;12.67294;41.89616;-1;1;Autovettura privata;In marcia / fermata / arresto;Passeggero;F;Illeso;0;;Non accertato;Inesploso
3806537;8;03/05/2018 15:45;Strada Urbana;VIA DON PRIMO MAZZOLARI;all'intersezione con;VIA CATERINA USAI;VIA CATERINA USAI;;;Scontro laterale fra veicoli in marcia;Incrocio;Una carreggiata a doppio senso;Bagnato (pioggia);Asfaltata;Verticale ed orizzontale;Nuvoloso;Normale;Buona;Ore Diurne;0;0;0;4;12.67294;41.89616;-1;1;Autovettura privata;In marcia / fermata / arresto;Passeggero;F;Illeso;0;;Non accertato;Inesploso
3806537;8;03/05/2018 15:45;Strada Urbana;VIA DON PRIMO MAZZOLARI;all'intersezione con;VIA CATERINA USAI;VIA CATERINA USAI;;;Scontro laterale fra veicoli in marcia;Incrocio;Una carreggiata a doppio senso;Bagnato (pioggia);Asfaltata;Verticale ed orizzontale;Nuvoloso;Normale;Buona;Ore Diurne;0;0;0;4;12.67294;41.89616;-1;2;Autocarro inferiore 35 q.;In marcia / fermata / arresto;Conducente;M;Illeso;0;;Non accertato;Inesploso
3806542;8;03/05/2018 16:30;Strada Urbana;VIA COLLATINA;da specificare;;;;rotatoria dir. Lunghezza alt. Via Forlanini;Veicolo in marcia contro ostacolo accidentale;Rotatoria;Una carreggiata a senso unico di marcia;Bagnato (pioggia);Asfaltata;Verticale ed orizzontale;Pioggia in atto;Normale;Sufficiente;Ore Diurne;1;0;0;0;12.66611;41.92234;-1;1;Motociclo a solo;In marcia / fermata / arresto;Conducente;M;Ricoverato;0;NON DECEDUTO;Non accertato;
3806545;19;03/05/2018 18:30;Strada Urbana;VIA TRIONFALE;in corrispondenza;;del civico n.;8171;;Tamponamento;Rettilineo;Una carreggiata a senso unico di marcia;Bagnato (pioggia);Asfaltata;Verticale ed orizzontale;Pioggia in atto;Intenso;Buona;Ore Diurne;0;0;0;2;12.42848;41.93727;-1;1;Autovettura privata;In marcia / fermata / arresto;Conducente;M;Illeso;0;;Non accertato;Inesploso
3806545;19;03/05/2018 18:30;Strada Urbana;VIA TRIONFALE;in corrispondenza;;del civico n.;8171;;Tamponamento;Rettilineo;Una carreggiata a senso unico di marcia;Bagnato (pioggia);Asfaltata;Verticale ed orizzontale;Pioggia in atto;Intenso;Buona;Ore Diurne;0;0;0;2;12.42848;41.93727;-1;2;Autovettura privata;In marcia / fermata / arresto;Conducente;F;Illeso;0;;Non accertato;Inesploso
3806546;8;03/05/2018 19:30;;VIA DEL FOSSO DELL'OSA;da specificare;;;;fronte palo Acea 25 dir. Lunghezza;Tamponamento;;;;;;;;;;2;0;0;1;12.68423;41.90592;0;1;Autovettura privata;In marcia / fermata / arresto;Conducente;M;Rifiuta cure immediate;0;NON DECEDUTO;;
3806546;8;03/05/2018 19:30;;VIA DEL FOSSO DELL'OSA;da specificare;;;;fronte palo Acea 25 dir. Lunghezza;Tamponamento;;;;;;;;;;2;0;0;1;12.68423;41.90592;0;1;Autovettura privata;In marcia / fermata / arresto;Passeggero;F;Rimandato;0;NON DECEDUTO;;
3806546;8;03/05/2018 19:30;;VIA DEL FOSSO DELL'OSA;da specificare;;;;fronte palo Acea 25 dir. Lunghezza;Tamponamento;;;;;;;;;;2;0;0;1;12.68423;41.90592;0;2;Autovettura privata;In marcia / fermata / arresto;Conducente;M;Illeso;0;;Non accertato;Inesploso
3806551;19;03/05/2018 11:20;Strada Urbana;VIA UGO DE CAROLIS;in corrispondenza;;del civico n.;124;;Scontro laterale fra veicoli in marcia;Rettilineo;Una carreggiata a doppio senso;Bagnato (pioggia);Asfaltata;Assente;Pioggia in atto;Normale;Buona;Ore Diurne;1;0;0;1;12.43864;41.91837;-1;1;Autovettura privata;In marcia / fermata / arresto;Conducente;M;Illeso;0;;;
3806551;19;03/05/2018 11:20;Strada Urbana;VIA UGO DE CAROLIS;in corrispondenza;;del civico n.;124;;Scontro laterale fra veicoli in marcia;Rettilineo;Una carreggiata a doppio senso;Bagnato (pioggia);Asfaltata;Assente;Pioggia in atto;Normale;Buona;Ore Diurne;1;0;0;1;12.43864;41.91837;-1;2;Motociclo a solo;In marcia / fermata / arresto;Conducente;M;Rimandato;0;NON DECEDUTO;;
3806552;5;03/05/2018 17:30;Strada Urbana;VIA SEBASTIANO SATTA;in prossimità;;del civico n.;56;;Scontro laterale fra veicoli in marcia;Rettilineo;Una carreggiata a doppio senso;Bagnato (pioggia);Asfaltata;Assente;Nuvoloso;Normale;Buona;Ore Diurne;1;0;0;1;12.55078;41.90354;-1;1;Autovettura privata;In marcia / fermata / arresto;Conducente;M;Illeso;0;;Non accertato;
3806552;5;03/05/2018 17:30;Strada Urbana;VIA SEBASTIANO SATTA;in prossimità;;del civico n.;56;;Scontro laterale fra veicoli in marcia;Rettilineo;Una carreggiata a doppio senso;Bagnato (pioggia);Asfaltata;Assente;Nuvoloso;Normale;Buona;Ore Diurne;1;0;0;1;12.55078;41.90354;-1;2;Motociclo a solo;In marcia / fermata / arresto;Conducente;M;Rimandato;0;NON DECEDUTO;Non accertato;
3806556;8;03/05/2018 15:35;Strada Urbana;VIA DON PRIMO MAZZOLARI;all'intersezione con;VIA CATERINA USAI;VIA CATERINA USAI;;;Scontro frontale/laterale SX fra veicoli in marcia;Incrocio;Una carreggiata a doppio senso;Bagnato (pioggia);Asfaltata;Assente;Nuvoloso;Normale;Buona;Ore Diurne;2;0;0;0;12.67294;41.89616;-1;1;Autovettura privata;In marcia / fermata / arresto;Conducente;F;Rifiuta cure immediate;0;NON DECEDUTO;Non accertato;Inesploso
3806556;8;03/05/2018 15:35;Strada Urbana;VIA DON PRIMO MAZZOLARI;all'intersezione con;VIA CATERINA USAI;VIA CATERINA USAI;;;Scontro frontale/laterale SX fra veicoli in marcia;Incrocio;Una carreggiata a doppio senso;Bagnato (pioggia);Asfaltata;Assente;Nuvoloso;Normale;Buona;Ore Diurne;2;0;0;0;12.67294;41.89616;-1;2;Autovettura privata;In marcia / fermata / arresto;Conducente;F;Rifiuta cure immediate;0;NON DECEDUTO;Non accertato;Inesploso
3806560;8;03/05/2018 13:10;Strada Urbana;VIA DI TOR VERGATA;da specificare;;;;alt. di G.F.Pisoni uscita Univer. Tor Vergata ;Tamponamento;Rettilineo;Più di due carreggiate;Asciutto;Asfaltata;Verticale ed orizzontale;Sereno;Normale;Buona;Ore Diurne;0;0;0;2;12.62265;41.8469;-1;1;Autovettura privata;In marcia / fermata / arresto;Conducente;M;Illeso;0;;Non accertato;Inesploso
3806560;8;03/05/2018 13:10;Strada Urbana;VIA DI TOR VERGATA;da specificare;;;;alt. di G.F.Pisoni uscita Univer. Tor Vergata ;Tamponamento;Rettilineo;Più di due carreggiate;Asciutto;Asfaltata;Verticale ed orizzontale;Sereno;Normale;Buona;Ore Diurne;0;0;0;2;12.62265;41.8469;-1;2;Autovettura privata;In marcia / fermata / arresto;Conducente;M;Illeso;0;;Non accertato;Inesploso
3806563;11;03/05/2018 21:30;Strada Urbana;VIA ROSA GUARNIERI CARDUCCI;da specificare;;;;prossimità via R.R. Garibaldi;Scontro laterale fra veicoli in marcia;Rettilineo;Una carreggiata a doppio senso;Bagnato (pioggia);Asfaltata;Verticale ed orizzontale;Nuvoloso;Normale;Sufficiente;Sufficiente;1;0;0;2;12.49084;41.85755;-1;1;Motociclo a solo;In marcia / fermata / arresto;Conducente;M;Rifiuta cure immediate;0;NON DECEDUTO;Non accertato;
3806563;11;03/05/2018 21:30;Strada Urbana;VIA ROSA GUARNIERI CARDUCCI;da specificare;;;;prossimità via R.R. Garibaldi;Scontro laterale fra veicoli in marcia;Rettilineo;Una carreggiata a doppio senso;Bagnato (pioggia);Asfaltata;Verticale ed orizzontale;Nuvoloso;Normale;Sufficiente;Sufficiente;1;0;0;2;12.49084;41.85755;-1;2;Autovettura privata;In marcia / fermata / arresto;Conducente;M;Illeso;0;;Non accertato;
3806563;11;03/05/2018 21:30;Strada Urbana;VIA ROSA GUARNIERI CARDUCCI;da specificare;;;;prossimità via R.R. Garibaldi;Scontro laterale fra veicoli in marcia;Rettilineo;Una carreggiata a doppio senso;Bagnato (pioggia);Asfaltata;Verticale ed orizzontale;Nuvoloso;Normale;Sufficiente;Sufficiente;1;0;0;2;12.49084;41.85755;-1;2;Autovettura privata;In marcia / fermata / arresto;Passeggero;M;Illeso;0;;Non accertato;
3806564;8;03/05/2018 13:15;;VIALE OXFORD;in prossimità;;del palo luce n.;8;;Veicolo in marcia contro ostacolo fisso;;;;;;;;;;1;0;0;0;12.62776;41.86039;0;1;Autovettura privata;In marcia / fermata / arresto;Conducente;M;Rimandato;0;NON DECEDUTO;;
3806565;11;03/05/2018 15:00;Strada Urbana;VIA APPIA PIGNATELLI;in prossimità;;del palo luce n.;143;;Tamponamento Multiplo;Rettilineo;Una carreggiata a doppio senso;Bagnato (pioggia);Asfaltata;Orizzontale;Pioggia in atto;Intenso;Buona;Ore Diurne;0;0;0;6;12.52676;41.85309;-1;1;Autovettura privata;In marcia / fermata / arresto;Conducente;M;Illeso;0;;;
3806565;11;03/05/2018 15:00;Strada Urbana;VIA APPIA PIGNATELLI;in prossimità;;del palo luce n.;143;;Tamponamento Multiplo;Rettilineo;Una carreggiata a doppio senso;Bagnato (pioggia);Asfaltata;Orizzontale;Pioggia in atto;Intenso;Buona;Ore Diurne;0;0;0;6;12.52676;41.85309;-1;1;Autovettura privata;In marcia / fermata / arresto;Passeggero;F;Illeso;0;;;
3806565;11;03/05/2018 15:00;Strada Urbana;VIA APPIA PIGNATELLI;in prossimità;;del palo luce n.;143;;Tamponamento Multiplo;Rettilineo;Una carreggiata a doppio senso;Bagnato (pioggia);Asfaltata;Orizzontale;Pioggia in atto;Intenso;Buona;Ore Diurne;0;0;0;6;12.52676;41.85309;-1;1;Autovettura privata;In marcia / fermata / arresto;Passeggero;F;Illeso;0;;;
3806565;11;03/05/2018 15:00;Strada Urbana;VIA APPIA PIGNATELLI;in prossimità;;del palo luce n.;143;;Tamponamento Multiplo;Rettilineo;Una carreggiata a doppio senso;Bagnato (pioggia);Asfaltata;Orizzontale;Pioggia in atto;Intenso;Buona;Ore Diurne;0;0;0;6;12.52676;41.85309;-1;1;Autovettura privata;In marcia / fermata / arresto;Passeggero;F;Illeso;0;;;
3806565;11;03/05/2018 15:00;Strada Urbana;VIA APPIA PIGNATELLI;in prossimità;;del palo luce n.;143;;Tamponamento Multiplo;Rettilineo;Una carreggiata a doppio senso;Bagnato (pioggia);Asfaltata;Orizzontale;Pioggia in atto;Intenso;Buona;Ore Diurne;0;0;0;6;12.52676;41.85309;-1;2;Autovettura privata;In marcia / fermata / arresto;Conducente;M;Illeso;0;;;
3806565;11;03/05/2018 15:00;Strada Urbana;VIA APPIA PIGNATELLI;in prossimità;;del palo luce n.;143;;Tamponamento Multiplo;Rettilineo;Una carreggiata a doppio senso;Bagnato (pioggia);Asfaltata;Orizzontale;Pioggia in atto;Intenso;Buona;Ore Diurne;0;0;0;6;12.52676;41.85309;-1;3;Autovettura privata;In marcia / fermata / arresto;Conducente;M;Illeso;0;;;
3806566;19;03/05/2018 16:30;Strada Urbana;VIA DELLA BALDUINA;da specificare;;;;fronte civ. 316;Scontro laterale fra veicoli in marcia;Rettilineo;Una carreggiata a doppio senso;Bagnato (pioggia);Asfaltata;Orizzontale;Nuvoloso;Normale;Buona;Ore Diurne;1;0;0;1;12.44169;41.92751;-1;1;Autovettura privata;In marcia / fermata / arresto;Conducente;M;Illeso;0;;Non accertato;Inesploso
3806566;19;03/05/2018 16:30;Strada Urbana;VIA DELLA BALDUINA;da specificare;;;;fronte civ. 316;Scontro laterale fra veicoli in marcia;Rettilineo;Una carreggiata a doppio senso;Bagnato (pioggia);Asfaltata;Orizzontale;Nuvoloso;Normale;Buona;Ore Diurne;1;0;0;1;12.44169;41.92751;-1;2;Motociclo a solo;In marcia / fermata / arresto;Conducente;M;Rimandato;0;NON DECEDUTO;Non accertato;
3806573;8;04/05/2018 03:00;Strada Urbana;VIA DI TOR VERGATA;in prossimità;;del palo luce n.;37;;Veicolo in marcia contro ostacolo fisso;Rettilineo;Una carreggiata a senso unico di marcia;Bagnato (pioggia);Asfaltata;Verticale ed orizzontale;Pioggia in atto;Scarso;Sufficiente;Sufficiente;1;1;0;0;12.62265;41.8469;-1;1;Autovettura privata;In marcia / fermata / arresto;Conducente;M;Rimandato;0;NON DECEDUTO;Non utilizzato;Esploso
3806573;8;04/05/2018 03:00;Strada Urbana;VIA DI TOR VERGATA;in prossimità;;del palo luce n.;37;;Veicolo in marcia contro ostacolo fisso;Rettilineo;Una carreggiata a senso unico di marcia;Bagnato (pioggia);Asfaltata;Verticale ed orizzontale;Pioggia in atto;Scarso;Sufficiente;Sufficiente;1;1;0;0;12.62265;41.8469;-1;1;Autovettura privata;In marcia / fermata / arresto;Passeggero;M;Prognosi riservata;0;NON DECEDUTO;Non utilizzato;Esploso
3806575;8;03/05/2018 12:10;Strada Urbana;VIA DI ROCCA CENCIA;in corrispondenza;;del civico n.;22;;Investimento di pedone;Rettilineo;Una carreggiata a doppio senso;Bagnato (pioggia);Asfaltata;Orizzontale;Pioggia in atto;Intenso;Buona;Ore Diurne;1;0;0;2;12.68793;41.86383;-1;;;;Pedone;M;Rimandato;0;NON DECEDUTO;;
3806575;8;03/05/2018 12:10;Strada Urbana;VIA DI ROCCA CENCIA;in corrispondenza;;del civico n.;22;;Investimento di pedone;Rettilineo;Una carreggiata a doppio senso;Bagnato (pioggia);Asfaltata;Orizzontale;Pioggia in atto;Intenso;Buona;Ore Diurne;1;0;0;2;12.68793;41.86383;-1;1;Autovettura privata;In marcia / fermata / arresto;Conducente;M;Illeso;0;;Non accertato;Inesploso
3806575;8;03/05/2018 12:10;Strada Urbana;VIA DI ROCCA CENCIA;in corrispondenza;;del civico n.;22;;Investimento di pedone;Rettilineo;Una carreggiata a doppio senso;Bagnato (pioggia);Asfaltata;Orizzontale;Pioggia in atto;Intenso;Buona;Ore Diurne;1;0;0;2;12.68793;41.86383;-1;1;Autovettura privata;In marcia / fermata / arresto;Passeggero;F;Illeso;0;;Non accertato;Inesploso
3806576;17;03/05/2018 11:30;Strada Urbana;PIAZZA GIOVINE ITALIA;all'intersezione con;VIALE ANGELICO;VIALE ANGELICO;;;Veicolo in marcia contro ostacolo fisso;Incrocio;Una carreggiata a senso unico alternato;Asciutto;Asfaltata;Verticale ed orizzontale;Nuvoloso;Scarso;Sufficiente;Ore Diurne;1;0;0;1;12.45844;41.91392;-1;1;Autovettura privata;In marcia / fermata / arresto;Conducente;M;Illeso;0;;;
3806576;17;03/05/2018 11:30;Strada Urbana;PIAZZA GIOVINE ITALIA;all'intersezione con;VIALE ANGELICO;VIALE ANGELICO;;;Veicolo in marcia contro ostacolo fisso;Incrocio;Una carreggiata a senso unico alternato;Asciutto;Asfaltata;Verticale ed orizzontale;Nuvoloso;Scarso;Sufficiente;Ore Diurne;1;0;0;1;12.45844;41.91392;-1;2;Motociclo a solo;In marcia / fermata / arresto;Conducente;M;Rimandato;0;NON DECEDUTO;;
3806577;10;04/05/2018 07:20;Strada Urbana;VIA CALPURNIO FIAMMA;all'intersezione semaforizzata con;VIALE S. GIOVANNI BOSCO;VIALE S. GIOVANNI BOSCO;;;Scontro frontale/laterale DX fra veicoli in marcia;Incrocio;Più di due carreggiate;Asciutto;Asfaltata;Verticale ed orizzontale;Sereno;Normale;Sufficiente;Ore Diurne;0;0;0;2;12.56088;41.86061;-1;1;Autovettura privata;In marcia / fermata / arresto;Conducente;M;Illeso;0;;Non accertato;Inesploso
3806577;10;04/05/2018 07:20;Strada Urbana;VIA CALPURNIO FIAMMA;all'intersezione semaforizzata con;VIALE S. GIOVANNI BOSCO;VIALE S. GIOVANNI BOSCO;;;Scontro frontale/laterale DX fra veicoli in marcia;Incrocio;Più di due carreggiate;Asciutto;Asfaltata;Verticale ed orizzontale;Sereno;Normale;Sufficiente;Ore Diurne;0;0;0;2;12.56088;41.86061;-1;2;Autovettura privata;In marcia / fermata / arresto;Conducente;M;Illeso;0;;Non accertato;Inesploso
3806582;8;03/05/2018 11:55;Strada Urbana;VIA DI TOR BELLA MONACA;da specificare;;;;prox V. Torrenova alt. invers. di marcia X GRA;Scontro laterale fra veicoli in marcia;Rettilineo;Due carreggiate;Bagnato (pioggia);Asfaltata;Verticale ed orizzontale;Pioggia in atto;Normale;Sufficiente;Ore Diurne;1;0;0;3;12.62375;41.87848;-1;1;Autovettura privata;In marcia / fermata / arresto;Conducente;M;Illeso;0;;Non accertato;Inesploso
3806582;8;03/05/2018 11:55;Strada Urbana;VIA DI TOR BELLA MONACA;da specificare;;;;prox V. Torrenova alt. invers. di marcia X GRA;Scontro laterale fra veicoli in marcia;Rettilineo;Due carreggiate;Bagnato (pioggia);Asfaltata;Verticale ed orizzontale;Pioggia in atto;Normale;Sufficiente;Ore Diurne;1;0;0;3;12.62375;41.87848;-1;2;Autovettura privata;In marcia / fermata / arresto;Conducente;M;Illeso;0;;Non accertato;
3806582;8;03/05/2018 11:55;Strada Urbana;VIA DI TOR BELLA MONACA;da specificare;;;;prox V. Torrenova alt. invers. di marcia X GRA;Scontro laterale fra veicoli in marcia;Rettilineo;Due carreggiate;Bagnato (pioggia);Asfaltata;Verticale ed orizzontale;Pioggia in atto;Normale;Sufficiente;Ore Diurne;1;0;0;3;12.62375;41.87848;-1;3;Autovettura privata;In marcia / fermata / arresto;Conducente;M;Rifiuta cure immediate;0;NON DECEDUTO;Non accertato;
3806582;8;03/05/2018 11:55;Strada Urbana;VIA DI TOR BELLA MONACA;da specificare;;;;prox V. Torrenova alt. invers. di marcia X GRA;Scontro laterale fra veicoli in marcia;Rettilineo;Due carreggiate;Bagnato (pioggia);Asfaltata;Verticale ed orizzontale;Pioggia in atto;Normale;Sufficiente;Ore Diurne;1;0;0;3;12.62375;41.87848;-1;3;Autovettura privata;In marcia / fermata / arresto;Passeggero;M;Illeso;0;;Non accertato;Inesistente
3806588;18;03/05/2018 20:20;Strada Urbana;PIAZZA DEI GIURECONSULTI;da specificare;;;;altezza c.ne CORNELIA dir. p.za SALLE;Investimento di pedone;Rettilineo;Due carreggiate;Bagnato (pioggia);Asfaltata;Verticale ed orizzontale;Pioggia in atto;Normale;Sufficiente;Sufficiente;1;0;0;1;12.42529;41.90185;-1;;;;Pedone;M;Rimandato;0;NON DECEDUTO;;
3806588;18;03/05/2018 20:20;Strada Urbana;PIAZZA DEI GIURECONSULTI;da specificare;;;;altezza c.ne CORNELIA dir. p.za SALLE;Investimento di pedone;Rettilineo;Due carreggiate;Bagnato (pioggia);Asfaltata;Verticale ed orizzontale;Pioggia in atto;Normale;Sufficiente;Sufficiente;1;0;0;1;12.42529;41.90185;-1;1;Autovettura privata;In marcia / fermata / arresto;Conducente;F;Illeso;0;;;
3806589;8;03/05/2018 07:10;Strada Urbana;VIA PERANO;in prossimità;;del palo luce n.;7;;Scontro frontale fra veicoli in marcia;Pendenza;Una carreggiata a doppio senso;Bagnato (umidità in atto);Asfaltata;Verticale;Nuvoloso;Normale;Sufficiente;Ore Diurne;2;0;0;0;12.68632;41.9064;0;1;Autovettura privata;In marcia / fermata / arresto;Conducente;M;Rifiuta cure immediate;0;NON DECEDUTO;Non accertato;Inesploso
3806589;8;03/05/2018 07:10;Strada Urbana;VIA PERANO;in prossimità;;del palo luce n.;7;;Scontro frontale fra veicoli in marcia;Pendenza;Una carreggiata a doppio senso;Bagnato (umidità in atto);Asfaltata;Verticale;Nuvoloso;Normale;Sufficiente;Ore Diurne;2;0;0;0;12.68632;41.9064;0;2;Autovettura privata;In marcia / fermata / arresto;Conducente;F;Rimandato;0;NON DECEDUTO;Non accertato;Inesistente
3806593;5;03/05/2018 18:50;Strada Urbana;VIA FILIPPO MEDA;all'intersezione con;VIA ACHILLE BENEDETTI;VIA ACHILLE BENEDETTI;;;Scontro frontale/laterale DX fra veicoli in marcia;Incrocio;Una carreggiata a doppio senso;Bagnato (pioggia);Asfaltata;Verticale ed orizzontale;Pioggia in atto;Normale;Buona;Ore Diurne;1;0;0;2;12.54353;41.91322;-1;1;Autovettura privata;In marcia / fermata / arresto;Conducente;M;Illeso;0;;Non accertato;Inesploso
3806593;5;03/05/2018 18:50;Strada Urbana;VIA FILIPPO MEDA;all'intersezione con;VIA ACHILLE BENEDETTI;VIA ACHILLE BENEDETTI;;;Scontro frontale/laterale DX fra veicoli in marcia;Incrocio;Una carreggiata a doppio senso;Bagnato (pioggia);Asfaltata;Verticale ed orizzontale;Pioggia in atto;Normale;Buona;Ore Diurne;1;0;0;2;12.54353;41.91322;-1;2;Autovettura privata;In marcia / fermata / arresto;Conducente;F;Rimandato;0;NON DECEDUTO;Non accertato;Inesploso
3806593;5;03/05/2018 18:50;Strada Urbana;VIA FILIPPO MEDA;all'intersezione con;VIA ACHILLE BENEDETTI;VIA ACHILLE BENEDETTI;;;Scontro frontale/laterale DX fra veicoli in marcia;Incrocio;Una carreggiata a doppio senso;Bagnato (pioggia);Asfaltata;Verticale ed orizzontale;Pioggia in atto;Normale;Buona;Ore Diurne;1;0;0;2;12.54353;41.91322;-1;2;Autovettura privata;In marcia / fermata / arresto;Passeggero;F;Illeso;0;;Non accertato;Inesploso
3806600;8;03/05/2018 06:25;Strada Urbana;VIA BORUTTA;da specificare;;;;prox. Via Borghesiana;Tamponamento;Rettilineo;Una carreggiata a doppio senso;Asciutto;Asfaltata;Verticale;Nuvoloso;Scarso;Buona;Ore Diurne;0;0;0;2;12.67479;41.8767;-1;1;Motociclo a solo;In marcia / fermata / arresto;Conducente;M;Illeso;0;;Non accertato;
3806600;8;03/05/2018 06:25;Strada Urbana;VIA BORUTTA;da specificare;;;;prox. Via Borghesiana;Tamponamento;Rettilineo;Una carreggiata a doppio senso;Asciutto;Asfaltata;Verticale;Nuvoloso;Scarso;Buona;Ore Diurne;0;0;0;2;12.67479;41.8767;-1;2;Autovettura privata;In marcia / fermata / arresto;Conducente;M;Illeso;0;;Non accertato;Inesploso
3806606;12;01/05/2018 09:50;Strada Urbana;VIADOTTO DELLA MAGLIANA;da specificare;;;;altezza ponte fiume Tevere dir. Fiumicino;Veicolo in marcia contro ostacolo fisso;Curva a visuale libera;Due carreggiate;Asciutto;Asfaltata;Verticale ed orizzontale;Sereno;Normale;Buona;Ore Diurne;0;0;0;1;12.45924;41.83862;-1;1;Autovettura privata;In marcia / fermata / arresto;Conducente;F;Illeso;0;;Utilizzato;Inesploso
3806609;10;03/05/2018 21:45;Strada Urbana;VIA ORVIETO;all'intersezione semaforizzata con;VIA TARANTO;VIA TARANTO;;;Scontro frontale/laterale DX fra veicoli in marcia;Intersezione semaforizzata;Due carreggiate;Bagnato (pioggia);Asfaltata;Verticale ed orizzontale;Nuvoloso;Scarso;Sufficiente;Sufficiente;0;0;0;4;12.51708;41.88408;-1;1;Autovettura privata;In marcia / fermata / arresto;Conducente;M;Illeso;0;;Non accertato;Inesistente
3806609;10;03/05/2018 21:45;Strada Urbana;VIA ORVIETO;all'intersezione semaforizzata con;VIA TARANTO;VIA TARANTO;;;Scontro frontale/laterale DX fra veicoli in marcia;Intersezione semaforizzata;Due carreggiate;Bagnato (pioggia);Asfaltata;Verticale ed orizzontale;Nuvoloso;Scarso;Sufficiente;Sufficiente;0;0;0;4;12.51708;41.88408;-1;2;Autovettura di polizia;In marcia / fermata / arresto;Conducente;M;Illeso;0;;Non accertato;Inesploso
3806609;10;03/05/2018 21:45;Strada Urbana;VIA ORVIETO;all'intersezione semaforizzata con;VIA TARANTO;VIA TARANTO;;;Scontro frontale/laterale DX fra veicoli in marcia;Intersezione semaforizzata;Due carreggiate;Bagnato (pioggia);Asfaltata;Verticale ed orizzontale;Nuvoloso;Scarso;Sufficiente;Sufficiente;0;0;0;4;12.51708;41.88408;-1;2;Autovettura di polizia;In marcia / fermata / arresto;Passeggero;M;Illeso;0;;Non accertato;Inesploso
3806609;10;03/05/2018 21:45;Strada Urbana;VIA ORVIETO;all'intersezione semaforizzata con;VIA TARANTO;VIA TARANTO;;;Scontro frontale/laterale DX fra veicoli in marcia;Intersezione semaforizzata;Due carreggiate;Bagnato (pioggia);Asfaltata;Verticale ed orizzontale;Nuvoloso;Scarso;Sufficiente;Sufficiente;0;0;0;4;12.51708;41.88408;-1;2;Autovettura di polizia;In marcia / fermata / arresto;Passeggero;M;Illeso;0;;Non accertato;Inesploso
3806619;5;03/05/2018 18:40;Strada Urbana;PONTE MAMMOLO;da specificare;;;;INTERNO AREA PARCHEGGIO METRO;Scontro laterale fra veicoli in marcia;Rettilineo;Due carreggiate;Asciutto;Asfaltata;Verticale ed orizzontale;Sereno;Scarso;Buona;Ore Diurne;0;0;0;1;12.56242;41.91988;-1;1;Autobus di linea;In marcia / fermata / arresto;Conducente;M;Illeso;0;;Non accertato;Inesploso
3806621;5;03/05/2018 23:30;Strada Urbana;VIALE EGIDIO GALBANI;all'intersezione con;VIA GIUSEPPE GAVAZZI;VIA GIUSEPPE GAVAZZI;;;Veicolo in marcia contro ostacolo fisso;Incrocio;Due carreggiate;Bagnato (pioggia);Asfaltata;Verticale ed orizzontale;Pioggia in atto;Scarso;Buona;Sufficiente;1;0;0;0;12.56014;41.93196;-1;1;Autovettura privata;In marcia / fermata / arresto;Conducente;M;Rimandato;0;NON DECEDUTO;Non accertato;Inesploso