Protocollo;Gruppo;DataOraIncidente;Localizzazione1;STRADA1;Localizzazione2;STRADA2;Strada02;Chilometrica;DaSpecificare;NaturaIncidente;particolaritastrade;TipoStrada;FondoStradale;Pavimentazione;Segnaletica;CondizioneAtmosferica;Traffico;Visibilita;Illuminazione;NUM_FERITI;NUM_RISERVATA;NUM_MORTI;NUM_ILLESI;Longitudine;Latitudine;Confermato;Progressivo;TipoVeicolo;StatoVeicolo;TipoPersona;Sesso;Tipolesione;Deceduto;DecedutoDopo;CinturaCascoUtilizzato;Airbag
3808861;10;05/05/2018 14:45;Strada Urbana;VIA DEL FONTANILE DI CARCARICOLA;da specificare;;;;prossimità Rotatoria Via Carnevale;Scontro laterale fra veicoli in marcia;Rettilineo;Due carreggiate;Asciutto;Asfaltata;Verticale ed orizzontale;Nuvoloso;Intenso;Buona;Ore Diurne;0;0;0;4;12.60348;41.85068;-1;2;Autobus turistico;In marcia / fermata / arresto;Passeggero;M;Illeso;0;;Non accertato;Inesistente
3808863;20;04/05/2018 07:30;Regionale;VIA FLAMINIA;in prossimità;;della chilometrica;10;;Scontro laterale fra veicoli in marcia;Rettilineo;Due carreggiate;Viscido da liquidi oleosi;Asfaltata;Orizzontale;Nuvoloso;Intenso;Buona;Ore Diurne;0;0;0;3;12.49741;41.99872;-1;1;Autovettura privata;In marcia / fermata / arresto;Conducente;F;Illeso;0;;;
3808863;20;04/05/2018 07:30;Regionale;VIA FLAMINIA;in prossimità;;della chilometrica;10;;Scontro laterale fra veicoli in marcia;Rettilineo;Due carreggiate;Viscido da liquidi oleosi;Asfaltata;Orizzontale;Nuvoloso;Intenso;Buona;Ore Diurne;0;0;0;3;12.49741;41.99872;-1;1;Autovettura privata;In marcia / fermata / arresto;Passeggero;F;Illeso;0;;;
3808863;20;04/05/2018 07:30;Regionale;VIA FLAMINIA;in prossimità;;della chilometrica;10;;Scontro laterale fra veicoli in marcia;Rettilineo;Due carreggiate;Viscido da liquidi oleosi;Asfaltata;Orizzontale;Nuvoloso;Intenso;Buona;Ore Diurne;0;0;0;3;12.49741;41.99872;-1;2;Motociclo a solo;In marcia / fermata / arresto;Conducente;M;Illeso;0;;;
3808897;20;04/05/2018 08:58;Strada Urbana;VIA CASSIA NUOVA;all'intersezione con;VIA VILFREDO PARETO;VIA VILFREDO PARETO;;;Scontro frontale/laterale DX fra veicoli in marcia;Intersezione stradale segnalata;Due carreggiate;Asciutto;Asfaltata;Verticale ed orizzontale;Nuvoloso;Intenso;Buona;Ore Diurne;1;0;0;1;12.46821;41.95072;-1;1;Autovettura privata;In marcia / fermata / arresto;Conducente;F;Illeso;0;;;
3808897;20;04/05/2018 08:58;Strada Urbana;VIA CASSIA NUOVA;all'intersezione con;VIA VILFREDO PARETO;VIA VILFREDO PARETO;;;Scontro frontale/laterale DX fra veicoli in marcia;Intersezione stradale segnalata;Due carreggiate;Asciutto;Asfaltata;Verticale ed orizzontale;Nuvoloso;Intenso;Buona;Ore Diurne;1;0;0;1;12.46821;41.95072;-1;2;Motociclo a solo;In marcia / fermata / arresto;Conducente;M;Rimandato;0;NON DECEDUTO;;
3809005;15;05/05/2018 15:00;Strada Urbana;VIA DI S. RAFFAELE;da specificare;;;;FRONTE CIVICO 6;Scontro frontale/laterale DX fra veicoli in marcia;Rettilineo;Una carreggiata a senso unico di marcia;Bagnato (pioggia);Asfaltata;Assente;Nuvoloso;Scarso;Buona;Ore Diurne;0;0;0;2;12.43803;41.84365;-1;1;Autovettura privata;In marcia / fermata / arresto;Conducente;M;Illeso;0;;Utilizzato;Inesploso
3809005;15;05/05/2018 15:00;Strada Urbana;VIA DI S. RAFFAELE;da specificare;;;;FRONTE CIVICO 6;Scontro frontale/laterale DX fra veicoli in marcia;Rettilineo;Una carreggiata a senso unico di marcia;Bagnato (pioggia);Asfaltata;Assente;Nuvoloso;Scarso;Buona;Ore Diurne;0;0;0;2;12.43803;41.84365;-1;2;Autovettura privata;In marcia / fermata / arresto;Conducente;M;Illeso;0;;Utilizzato;Inesploso
3809048;10;05/05/2018 17:15;Strada Urbana;VIA FRANCESCO GENTILE;in corrispondenza;;del civico n.;57;;Veicolo in marcia contro veicolo in sosta;Rettilineo;Una carreggiata a doppio senso;Bagnato (pioggia);Asfaltata;Assente;Nuvoloso;Normale;Buona;Ore Diurne;0;0;0;3;12.58708;41.85493;-1;1;Autovettura privata;Sosta;Passeggero;F;Illeso;0;;Non accertato;Inesploso
3809048;10;05/05/2018 17:15;Strada Urbana;VIA FRANCESCO GENTILE;in corrispondenza;;del civico n.;57;;Veicolo in marcia contro veicolo in sosta;Rettilineo;Una carreggiata a doppio senso;Bagnato (pioggia);Asfaltata;Assente;Nuvoloso;Normale;Buona;Ore Diurne;0;0;0;3;12.58708;41.85493;-1;1;Autovettura privata;Sosta;Passeggero;F;Illeso;0;;Non accertato;Inesploso
3809048;10;05/05/2018 17:15;Strada Urbana;VIA FRANCESCO GENTILE;in corrispondenza;;del civico n.;57;;Veicolo in marcia contro veicolo in sosta;Rettilineo;Una carreggiata a doppio senso;Bagnato (pioggia);Asfaltata;Assente;Nuvoloso;Normale;Buona;Ore Diurne;0;0;0;3;12.58708;41.85493;-1;2;Autovettura privata;In marcia / fermata / arresto;Conducente;F;Illeso;0;;Non accertato;Inesploso
3809052;2;05/05/2018 09:10;Strada Urbana;VIA NEMORENSE;all'intersezione con;VIA TOLERO;VIA TOLERO;;;Scontro laterale fra veicoli in marcia;Incrocio;Una carreggiata a doppio senso;Asciutto;Asfaltata;Verticale ed orizzontale;Sereno;Normale;Buona;Ore Diurne;0;0;0;3;12.51393;41.92936;-1;1;Autovettura privata;In marcia / fermata / arresto;Conducente;F;Illeso;0;;Non accertato;
3809052;2;05/05/2018 09:10;Strada Urbana;VIA NEMORENSE;all'intersezione con;VIA TOLERO;VIA TOLERO;;;Scontro laterale fra veicoli in marcia;Incrocio;Una carreggiata a doppio senso;Asciutto;Asfaltata;Verticale ed orizzontale;Sereno;Normale;Buona;Ore Diurne;0;0;0;3;12.51393;41.92936;-1;2;Motociclo a solo;In marcia / fermata / arresto;Conducente;F;Illeso;0;;Non accertato;
3809052;2;05/05/2018 09:10;Strada Urbana;VIA NEMORENSE;all'intersezione con;VIA TOLERO;VIA TOLERO;;;Scontro laterale fra veicoli in marcia;Incrocio;Una carreggiata a doppio senso;Asciutto;Asfaltata;Verticale ed orizzontale;Sereno;Normale;Buona;Ore Diurne;0;0;0;3;12.51393;41.92936;-1;3;Autovettura privata;In marcia / fermata / arresto;Conducente;M;Illeso;0;;Non accertato;
3809509;11;05/05/2018 13:00;Strada Urbana;VIALE DI TOR MARANCIA;all'intersezione con;VIA MARCO E MARCELLIANO;VIA MARCO E MARCELLIANO;;;Scontro frontale/laterale SX fra veicoli in marcia;Incrocio;Due carreggiate;Asciutto;Asfaltata;Verticale ed orizzontale;Nuvoloso;Scarso;Buona;Ore Diurne;1;0;0;1;12.49672;41.85753;-1;1;Autovettura privata;In marcia / fermata / arresto;Conducente;M;Illeso;0;;;
3809509;11;05/05/2018 13:00;Strada Urbana;VIALE DI TOR MARANCIA;all'intersezione con;VIA MARCO E MARCELLIANO;VIA MARCO E MARCELLIANO;;;Scontro frontale/laterale SX fra veicoli in marcia;Incrocio;Due carreggiate;Asciutto;Asfaltata;Verticale ed orizzontale;Nuvoloso;Scarso;Buona;Ore Diurne;1;0;0;1;12.49672;41.85753;-1;2;Autovettura privata;In marcia / fermata / arresto;Conducente;M;Rimandato;0;NON DECEDUTO;;
3809514;11;05/05/2018 16:30;Strada Urbana;VIA CRISTOFORO COLOMBO;all'intersezione semaforizzata con;VIA LAURENTINA;VIA LAURENTINA;;;Tamponamento;Intersezione semaforizzata;Più di due carreggiate;Bagnato (pioggia);Asfaltata;Verticale ed orizzontale;Pioggia in atto;Normale;Buona;Ore Diurne;0;0;0;3;12.47898;41.84628;-1;1;Autovettura privata;In marcia / fermata / arresto;Conducente;F;Illeso;0;;Non accertato;
3809514;11;05/05/2018 16:30;Strada Urbana;VIA CRISTOFORO COLOMBO;all'intersezione semaforizzata con;VIA LAURENTINA;VIA LAURENTINA;;;Tamponamento;Intersezione semaforizzata;Più di due carreggiate;Bagnato (pioggia);Asfaltata;Verticale ed orizzontale;Pioggia in atto;Normale;Buona;Ore Diurne;0;0;0;3;12.47898;41.84628;-1;1;Autovettura privata;In marcia / fermata / arresto;Passeggero;M;Illeso;0;;Non accertato;
3809514;11;05/05/2018 16:30;Strada Urbana;VIA CRISTOFORO COLOMBO;all'intersezione semaforizzata con;VIA LAURENTINA;VIA LAURENTINA;;;Tamponamento;Intersezione semaforizzata;Più di due carreggiate;Bagnato (pioggia);Asfaltata;Verticale ed orizzontale;Pioggia in atto;Normale;Buona;Ore Diurne;0;0;0;3;12.47898;41.84628;-1;2;Autovettura privata;In marcia / fermata / arresto;Conducente;M;Illeso;0;;Non accertato;
3809880;10;06/05/2018 11:00;Strada Urbana;VIA SERVILIO ISARNICO;da specificare;;;;a mt 10 da via v. publicola;Veicolo in marcia contro veicolo in sosta;Rettilineo;Una carreggiata a senso unico di marcia;Asciutto;Asfaltata;Assente;Sereno;Scarso;Buona;Ore Diurne;0;0;0;1;12.5564;41.85634;-1;2;Autovettura privata;In marcia / fermata / arresto;Conducente;M;Illeso;0;;;
3809887;10;04/05/2018 13:40;Strada Urbana;VIA TUSCOLANA;in corrispondenza;;del civico n.;894;;Veicolo in marcia contro ostacolo accidentale;Rettilineo;Due carreggiate;Asciutto;Asfaltata;Orizzontale;Nuvoloso;Normale;Buona;Ore Diurne;0;0;0;1;12.55058;41.8629;-1;1;Autovettura privata;In marcia / fermata / arresto;Conducente;M;Illeso;0;;Non accertato;Inesploso
3809894;10;04/05/2018 19:10;Strada Urbana;VIA TUSCOLANA;da specificare;;;;alt. svicolo Gra Appia;Scontro laterale fra veicoli in marcia;Rettilineo;Una carreggiata a senso unico di marcia;Asciutto;Asfaltata;Verticale ed orizzontale;Sereno;Normale;Buona;Ore Diurne;2;0;0;0;12.58972;41.83844;-1;1;Motociclo a solo;In marcia / fermata / arresto;Conducente;M;Rifiuta cure immediate;0;NON DECEDUTO;Non accertato;
3809894;10;04/05/2018 19:10;Strada Urbana;VIA TUSCOLANA;da specificare;;;;alt. svicolo Gra Appia;Scontro laterale fra veicoli in marcia;Rettilineo;Una carreggiata a senso unico di marcia;Asciutto;Asfaltata;Verticale ed orizzontale;Sereno;Normale;Buona;Ore Diurne;2;0;0;0;12.58972;41.83844;-1;2;Motociclo a solo;In marcia / fermata / arresto;Conducente;M;Rimandato;0;NON DECEDUTO;Non accertato;
3809907;10;05/05/2018 18:30;Strada Urbana;VIA TUSCOLANA;all'intersezione con;VIA ANAGNINA;VIA ANAGNINA;;;Veicolo in marcia contro ostacolo fisso;Incrocio;Una carreggiata a senso unico di marcia;Bagnato (pioggia);Asfaltata;Orizzontale;Nuvoloso;Normale;Buona;Ore Diurne;1;0;0;0;12.59166;41.83964;-1;1;Autovettura privata;In marcia / fermata / arresto;Conducente;M;Rimandato;0;NON DECEDUTO;Non accertato;Inesploso
3810415;9;04/05/2018 15:35;Strada Urbana;VIA TARANTO;all'intersezione con;VIA FOLIGNO;VIA FOLIGNO;;;Scontro frontale/laterale DX fra veicoli in marcia;Incrocio;Una carreggiata a doppio senso;Asciutto;Asfaltata;Verticale ed orizzontale;Nuvoloso;Normale;Buona;Ore Diurne;1;0;0;2;12.51846;41.88374;-1;1;Autovettura privata;In marcia / fermata / arresto;Conducente;F;Illeso;0;;Non accertato;Inesploso
3810415;9;04/05/2018 15:35;Strada Urbana;VIA TARANTO;all'intersezione con;VIA FOLIGNO;VIA FOLIGNO;;;Scontro frontale/laterale DX fra veicoli in marcia;Incrocio;Una carreggiata a doppio senso;Asciutto;Asfaltata;Verticale ed orizzontale;Nuvoloso;Normale;Buona;Ore Diurne;1;0;0;2;12.51846;41.88374;-1;1;Autovettura privata;In marcia / fermata / arresto;Passeggero;F;Illeso;0;;Non accertato;Inesploso
3810415;9;04/05/2018 15:35;Strada Urbana;VIA TARANTO;all'intersezione con;VIA FOLIGNO;VIA FOLIGNO;;;Scontro frontale/laterale DX fra veicoli in marcia;Incrocio;Una carreggiata a doppio senso;Asciutto;Asfaltata;Verticale ed orizzontale;Nuvoloso;Normale;Buona;Ore Diurne;1;0;0;2;12.51846;41.88374;-1;2;Motociclo a solo;In marcia / fermata / arresto;Conducente;M;Ricoverato;0;NON DECEDUTO;Non accertato;
3810425;9;04/05/2018 14:40;Statale entro l'abitato;VIA APPIA NUOVA;in prossimità;;del civico n.;99;;Scontro laterale fra veicoli in marcia;Rettilineo;Due carreggiate;Bagnato (pioggia);Asfaltata;Assente;Nuvoloso;Scarso;Buona;Ore Diurne;1;0;0;0;12.51224;41.88352;0;1;Motociclo a solo;In marcia / fermata / arresto;Conducente;M;Rimandato;0;NON DECEDUTO;;
3810433;9;04/05/2018 20:40;Strada Urbana;VIA ROCCA DI PAPA;all'intersezione con;VIA CASTEL GANDOLFO;VIA CASTEL GANDOLFO;;;Scontro frontale/laterale SX fra veicoli in marcia;Intersezione stradale segnalata;Una carreggiata a doppio senso;Asciutto;Asfaltata;Verticale ed orizzontale;Nuvoloso;Normale;Buona;Sufficiente;1;0;0;1;12.53318;41.86768;-1;1;Autovettura privata;In marcia / fermata / arresto;Conducente;M;Illeso;0;;Non accertato;Inesploso
3810433;9;04/05/2018 20:40;Strada Urbana;VIA ROCCA DI PAPA;all'intersezione con;VIA CASTEL GANDOLFO;VIA CASTEL GANDOLFO;;;Scontro frontale/laterale SX fra veicoli in marcia;Intersezione stradale segnalata;Una carreggiata a doppio senso;Asciutto;Asfaltata;Verticale ed orizzontale;Nuvoloso;Normale;Buona;Sufficiente;1;0;0;1;12.53318;41.86768;-1;2;Motociclo a solo;In marcia / fermata / arresto;Conducente;M;Ricoverato;0;NON DECEDUTO;Non accertato;
3810441;9;05/05/2018 08:30;Strada Urbana;VIA DI PORTA FURBA;all'intersezione semaforizzata con;VIA TUSCOLANA;VIA TUSCOLANA;;;Scontro laterale fra veicoli in marcia;Intersezione semaforizzata;Una carreggiata a doppio senso;Asciutto;Asfaltata;Verticale ed orizzontale;Nuvoloso;Normale;Buona;Ore Diurne;1;0;0;3;12.53813;41.8691;-1;1;Motociclo a solo;In marcia / fermata / arresto;Conducente;M;Rimandato;0;NON DECEDUTO;Non accertato;
3810441;9;05/05/2018 08:30;Strada Urbana;VIA DI PORTA FURBA;all'intersezione semaforizzata con;VIA TUSCOLANA;VIA TUSCOLANA;;;Scontro laterale fra veicoli in marcia;Intersezione semaforizzata;Una carreggiata a doppio senso;Asciutto;Asfaltata;Verticale ed orizzontale;Nuvoloso;Normale;Buona;Ore Diurne;1;0;0;3;12.53813;41.8691;-1;2;Autocarro inferiore 35 q.;In marcia / fermata / arresto;Conducente;M;Illeso;0;;Non accertato;Inesploso
3810441;9;05/05/2018 08:30;Strada Urbana;VIA DI PORTA FURBA;all'intersezione semaforizzata con;VIA TUSCOLANA;VIA TUSCOLANA;;;Scontro laterale fra veicoli in marcia;Intersezione semaforizzata;Una carreggiata a doppio senso;Asciutto;Asfaltata;Verticale ed orizzontale;Nuvoloso;Normale;Buona;Ore Diurne;1;0;0;3;12.53813;41.8691;-1;2;Autocarro inferiore 35 q.;In marcia / fermata / arresto;Passeggero;M;Illeso;0;;Non accertato;Inesploso
3810441;9;05/05/2018 08:30;Strada Urbana;VIA DI PORTA FURBA;all'intersezione semaforizzata con;VIA TUSCOLANA;VIA TUSCOLANA;;;Scontro laterale fra veicoli in marcia;Intersezione semaforizzata;Una carreggiata a doppio senso;Asciutto;Asfaltata;Verticale ed orizzontale;Nuvoloso;Normale;Buona;Ore Diurne;1;0;0;3;12.53813;41.8691;-1;3;Autovettura privata;In marcia / fermata / arresto;Conducente;M;Illeso;0;;Non accertato;Inesploso
3810453;13;04/05/2018 22:10;;VIA DI ACILIA;in corrispondenza;;del civico n.;274;;Veicolo in marcia contro ostacolo accidentale;;;;;;;;;;0;0;0;2;;;0;1;Autovettura privata;In marcia / fermata / arresto;Conducente;F;Illeso;0;;Non accertato;Inesploso
3810453;13;04/05/2018 22:10;;VIA DI ACILIA;in corrispondenza;;del civico n.;274;;Veicolo in marcia contro ostacolo accidentale;;;;;;;;;;0;0;0;2;;;0;1;Autovettura privata;In marcia / fermata / arresto;Passeggero;M;Illeso;0;;;
3810454;6;06/05/2018 05:45;Strada Urbana;VIA CHERSO;da specificare;;;;FRONTE CIVICO 168;Veicolo in marcia contro veicoli in sosta;Rettilineo;Una carreggiata a doppio senso;Asciutto;Asfaltata;Orizzontale;Nuvoloso;Scarso;Buona;Sufficiente;0;0;0;1;12.56183;41.8962;-1;1;Autovettura privata;In marcia / fermata / arresto;Conducente;F;Illeso;0;;;
3810458;13;04/05/2018 18:35;Strada Urbana;VIALE VASCO DE GAMA;in corrispondenza;;del civico n.;35;;Scontro frontale/laterale SX fra veicoli in marcia;Rettilineo;Due carreggiate;Asciutto;Asfaltata;Assente;Nuvoloso;Normale;Buona;Ore Diurne;0;0;0;4;12.27754;41.73348;-1;1;Autovettura privata;In marcia / fermata / arresto;Conducente;M;Illeso;0;;Utilizzato;Inesploso
3810458;13;04/05/2018 18:35;Strada Urbana;VIALE VASCO DE GAMA;in corrispondenza;;del civico n.;35;;Scontro frontale/laterale SX fra veicoli in marcia;Rettilineo;Due carreggiate;Asciutto;Asfaltata;Assente;Nuvoloso;Normale;Buona;Ore Diurne;0;0;0;4;12.27754;41.73348;-1;1;Autovettura privata;In marcia / fermata / arresto;Passeggero;F;Illeso;0;;;
3810458;13;04/05/2018 18:35;Strada Urbana;VIALE VASCO DE GAMA;in corrispondenza;;del civico n.;35;;Scontro frontale/laterale SX fra veicoli in marcia;Rettilineo;Due carreggiate;Asciutto;Asfaltata;Assente;Nuvoloso;Normale;Buona;Ore Diurne;0;0;0;4;12.27754;41.73348;-1;2;Autovettura privata;In marcia / fermata / arresto;Conducente;M;Illeso;0;;Non accertato;Inesploso
3810458;13;04/05/2018 18:35;Strada Urbana;VIALE VASCO DE GAMA;in corrispondenza;;del civico n.;35;;Scontro frontale/laterale SX fra veicoli in marcia;Rettilineo;Due carreggiate;Asciutto;Asfaltata;Assente;Nuvoloso;Normale;Buona;Ore Diurne;0;0;0;4;12.27754;41.73348;-1;2;Autovettura privata;In marcia / fermata / arresto;Passeggero;F;Illeso;0;;;
3810463;13;05/05/2018 10:45;Strada Urbana;VIA DELLE AZZORRE;in corrispondenza;;del civico n.;463;;Scontro laterale fra veicoli in marcia;Rettilineo;Due carreggiate;Asciutto;Asfaltata;Verticale ed orizzontale;Nebbia;Intenso;Buona;Ore Diurne;0;0;0;2;12.26456;41.73944;-1;1;Autovettura privata;In marcia / fermata / arresto;Conducente;F;Illeso;0;;Non accertato;Inesploso
3810463;13;05/05/2018 10:45;Strada Urbana;VIA DELLE AZZORRE;in corrispondenza;;del civico n.;463;;Scontro laterale fra veicoli in marcia;Rettilineo;Due carreggiate;Asciutto;Asfaltata;Verticale ed orizzontale;Nebbia;Intenso;Buona;Ore Diurne;0;0;0;2;12.26456;41.73944;-1;2;Autovettura privata;In marcia / fermata / arresto;Conducente;F;Illeso;0;;Non accertato;Inesploso
3810465;13;05/05/2018 20:30;Comunale extraurbana;VIA CRISTOFORO COLOMBO;da specificare;;;;altezza via di Acilia;Veicolo in marcia contro veicoli in arresto;Rettilineo;Più di due carreggiate;Asciutto;Asfaltata;Verticale ed orizzontale;Nuvoloso;Normale;Buona;Sufficiente;1;0;0;1;12.38327;41.76512;-1;1;Autovettura privata;In marcia / fermata / arresto;Conducente;F;Illeso;0;;;
3810465;13;05/05/2018 20:30;Comunale extraurbana;VIA CRISTOFORO COLOMBO;da specificare;;;;altezza via di Acilia;Veicolo in marcia contro veicoli in arresto;Rettilineo;Più di due carreggiate;Asciutto;Asfaltata;Verticale ed orizzontale;Nuvoloso;Normale;Buona;Sufficiente;1;0;0;1;12.38327;41.76512;-1;2;Motociclo a solo;In marcia / fermata / arresto;Conducente;M;Rimandato;0;NON DECEDUTO;Non accertato;
3810467;13;05/05/2018 23:20;Strada Urbana;VIA ANDREA DA GARESSIO;all'intersezione con;VIA FRANCESCO FOGOLLA;VIA FRANCESCO FOGOLLA;;;Scontro frontale/laterale DX fra veicoli in marcia;Incrocio;Una carreggiata a doppio senso;Asciutto;Asfaltata;Verticale;Nuvoloso;Scarso;Sufficiente;Sufficiente;4;0;0;3;12.35399;41.78583;-1;1;Autovettura privata;In marcia / fermata / arresto;Conducente;M;Rimandato;0;NON DECEDUTO;Non accertato;Inesploso
3810467;13;05/05/2018 23:20;Strada Urbana;VIA ANDREA DA GARESSIO;all'intersezione con;VIA FRANCESCO FOGOLLA;VIA FRANCESCO FOGOLLA;;;Scontro frontale/laterale DX fra veicoli in marcia;Incrocio;Una carreggiata a doppio senso;Asciutto;Asfaltata;Verticale;Nuvoloso;Scarso;Sufficiente;Sufficiente;4;0;0;3;12.35399;41.78583;-1;1;Autovettura privata;In marcia / fermata / arresto;Passeggero;M;Rimandato;0;NON DECEDUTO;;
3810467;13;05/05/2018 23:20;Strada Urbana;VIA ANDREA DA GARESSIO;all'intersezione con;VIA FRANCESCO FOGOLLA;VIA FRANCESCO FOGOLLA;;;Scontro frontale/laterale DX fra veicoli in marcia;Incrocio;Una carreggiata a doppio senso;Asciutto;Asfaltata;Verticale;Nuvoloso;Scarso;Sufficiente;Sufficiente;4;0;0;3;12.35399;41.78583;-1;1;Autovettura privata;In marcia / fermata / arresto;Passeggero;M;Rimandato;0;NON DECEDUTO;;
3810467;13;05/05/2018 23:20;Strada Urbana;VIA ANDREA DA GARESSIO;all'intersezione con;VIA FRANCESCO FOGOLLA;VIA FRANCESCO FOGOLLA;;;Scontro frontale/laterale DX fra veicoli in marcia;Incrocio;Una carreggiata a doppio senso;Asciutto;Asfaltata;Verticale;Nuvoloso;Scarso;Sufficiente;Sufficiente;4;0;0;3;12.35399;41.78583;-1;1;Autovettura privata;In marcia / fermata / arresto;Passeggero;M;Rimandato;0;NON DECEDUTO;;
3810467;13;05/05/2018 23:20;Strada Urbana;VIA ANDREA DA GARESSIO;all'intersezione con;VIA FRANCESCO FOGOLLA;VIA FRANCESCO FOGOLLA;;;Scontro frontale/laterale DX fra veicoli in marcia;Incrocio;Una carreggiata a doppio senso;Asciutto;Asfaltata;Verticale;Nuvoloso;Scarso;Sufficiente;Sufficiente;4;0;0;3;12.35399;41.78583;-1;2;Autovettura privata;In marcia / fermata / arresto;Conducente;F;Illeso;0;;Non accertato;Inesploso
3810467;13;05/05/2018 23:20;Strada Urbana;VIA ANDREA DA GARESSIO;all'intersezione con;VIA FRANCESCO FOGOLLA;VIA FRANCESCO FOGOLLA;;;Scontro frontale/laterale DX fra veicoli in marcia;Incrocio;Una carreggiata a doppio senso;Asciutto;Asfaltata;Verticale;Nuvoloso;Scarso;Sufficiente;Sufficiente;4;0;0;3;12.35399;41.78583;-1;2;Autovettura privata;In marcia / fermata / arresto;Passeggero;F;Illeso;0;;Non accertato;Inesploso
3810467;13;05/05/2018 23:20;Strada Urbana;VIA ANDREA DA GARESSIO;all'intersezione con;VIA FRANCESCO FOGOLLA;VIA FRANCESCO FOGOLLA;;;Scontro frontale/laterale DX fra veicoli in marcia;Incrocio;Una carreggiata a doppio senso;Asciutto;Asfaltata;Verticale;Nuvoloso;Scarso;Sufficiente;Sufficiente;4;0;0;3;12.35399;41.78583;-1;2;Autovettura privata;In marcia / fermata / arresto;Passeggero;F;Illeso;0;;;
3810469;9;05/05/2018 14:55;Strada Urbana;VIA GABI;in prossimità;;del civico n.;20;;Scontro laterale fra veicoli in marcia;Rettilineo;Una carreggiata a senso unico di marcia;Bagnato (pioggia);Asfaltata;Assente;Pioggia in atto;Scarso;Buona;Ore Diurne;0;0;0;2;12.50881;41.88161;-1;1;Autovettura privata;In marcia / fermata / arresto;Conducente;M;Illeso;0;;Non accertato;Inesploso
3810469;9;05/05/2018 14:55;Strada Urbana;VIA GABI;in prossimità;;del civico n.;20;;Scontro laterale fra veicoli in marcia;Rettilineo;Una carreggiata a senso unico di marcia;Bagnato (pioggia);Asfaltata;Assente;Pioggia in atto;Scarso;Buona;Ore Diurne;0;0;0;2;12.50881;41.88161;-1;2;Autovettura privata;In marcia / fermata / arresto;Conducente;F;Illeso;0;;Non accertato;Inesploso
3810470;13;05/05/2018 16:30;Strada Urbana;VIA CORRADO DEL GRECO;all'intersezione con;VIA TAGASTE;VIA TAGASTE;;;Scontro frontale/laterale DX fra veicoli in marcia;Incrocio;Una carreggiata a doppio senso;Asciutto;Asfaltata;Verticale ed orizzontale;Nuvoloso;Normale;Buona;Ore Diurne;0;0;0;3;12.2713;41.73829;-1;1;Autovettura privata;In marcia / fermata / arresto;Conducente;M;Illeso;0;;Non accertato;Inesploso
3810470;13;05/05/2018 16:30;Strada Urbana;VIA CORRADO DEL GRECO;all'intersezione con;VIA TAGASTE;VIA TAGASTE;;;Scontro frontale/laterale DX fra veicoli in marcia;Incrocio;Una carreggiata a doppio senso;Asciutto;Asfaltata;Verticale ed orizzontale;Nuvoloso;Normale;Buona;Ore Diurne;0;0;0;3;12.2713;41.73829;-1;1;Autovettura privata;In marcia / fermata / arresto;Passeggero;F;Illeso;0;;Non accertato;Inesploso
3810470;13;05/05/2018 16:30;Strada Urbana;VIA CORRADO DEL GRECO;all'intersezione con;VIA TAGASTE;VIA TAGASTE;;;Scontro frontale/laterale DX fra veicoli in marcia;Incrocio;Una carreggiata a doppio senso;Asciutto;Asfaltata;Verticale ed orizzontale;Nuvoloso;Normale;Buona;Ore Diurne;0;0;0;3;12.2713;41.73829;-1;2;Autovettura privata;In marcia / fermata / arresto;Conducente;M;Illeso;0;;Non accertato;Inesploso
3810471;13;05/05/2018 11:00;Strada Urbana;LUNGOMARE PAOLO TOSCANELLI;in corrispondenza;;del civico n.;132;;Tamponamento Multiplo;Rettilineo;Una carreggiata a senso unico di marcia;Asciutto;Asfaltata;Assente;Sereno;Normale;Buona;Ore Diurne;0;0;0;3;12.27537;41.73028;-1;1;Autovettura privata;In marcia / fermata / arresto;Conducente;F;Illeso;0;;Non accertato;Inesploso
3810471;13;05/05/2018 11:00;Strada Urbana;LUNGOMARE PAOLO TOSCANELLI;in corrispondenza;;del civico n.;132;;Tamponamento Multiplo;Rettilineo;Una carreggiata a senso unico di marcia;Asciutto;Asfaltata;Assente;Sereno;Normale;Buona;Ore Diurne;0;0;0;3;12.27537;41.73028;-1;2;Autovettura privata;In marcia / fermata / arresto;Conducente;F;Illeso;0;;Non accertato;Inesploso
3810471;13;05/05/2018 11:00;Strada Urbana;LUNGOMARE PAOLO TOSCANELLI;in corrispondenza;;del civico n.;132;;Tamponamento Multiplo;Rettilineo;Una carreggiata a senso unico di marcia;Asciutto;Asfaltata;Assente;Sereno;Normale;Buona;Ore Diurne;0;0;0;3;12.27537;41.73028;-1;3;Autocarro inferiore 35 q.;In marcia / fermata / arresto;Conducente;M;Illeso;0;;Non accertato;Inesploso
3810476;13;05/05/2018 10:00;Strada Urbana;VIA DELLE EBRIDI;da specificare;;;;alt. Via Ebridi, alt. EURONICS, dir. V. Martinica;Investimento di pedone;Rettilineo;Due carreggiate;Asciutto;Asfaltata;Verticale ed orizzontale;Nuvoloso;Normale;Buona;Ore Diurne;1;0;0;1;12.26188;41.73914;-1;;;;Pedone;M;Rimandato;0;NON DECEDUTO;;
3810476;13;05/05/2018 10:00;Strada Urbana;VIA DELLE EBRIDI;da specificare;;;;alt. Via Ebridi, alt. EURONICS, dir. V. Martinica;Investimento di pedone;Rettilineo;Due carreggiate;Asciutto;Asfaltata;Verticale ed orizzontale;Nuvoloso;Normale;Buona;Ore Diurne;1;0;0;1;12.26188;41.73914;-1;1;Autovettura privata;In marcia / fermata / arresto;Conducente;F;Illeso;0;;;