Protocollo;Gruppo;DataOraIncidente;Localizzazione1;STRADA1;Localizzazione2;STRADA2;Strada02;Chilometrica;DaSpecificare;NaturaIncidente;particolaritastrade;TipoStrada;FondoStradale;Pavimentazione;Segnaletica;CondizioneAtmosferica;Traffico;Visibilita;Illuminazione;NUM_FERITI;NUM_RISERVATA;NUM_MORTI;NUM_ILLESI;Longitudine;Latitudine;Confermato;Progressivo;TipoVeicolo;StatoVeicolo;TipoPersona;Sesso;Tipolesione;Deceduto;DecedutoDopo;CinturaCascoUtilizzato;Airbag
3810479;13;06/05/2018 18:18;Strada Urbana;VIA DEL MARE;in corrispondenza;;della chilometrica;23.9;;Scontro laterale fra veicoli in marcia;Rettilineo;Due carreggiate;Asciutto;Asfaltata;Verticale ed orizzontale;Sereno;Normale;Buona;Ore Diurne;1;0;0;3;12.46323;41.84026;-1;1;Autoambulanza;In marcia / fermata / arresto;Conducente;M;Rimandato;0;NON DECEDUTO;Non accertato;Inesploso
3810479;13;06/05/2018 18:18;Strada Urbana;VIA DEL MARE;in corrispondenza;;della chilometrica;23.9;;Scontro laterale fra veicoli in marcia;Rettilineo;Due carreggiate;Asciutto;Asfaltata;Verticale ed orizzontale;Sereno;Normale;Buona;Ore Diurne;1;0;0;3;12.46323;41.84026;-1;1;Autoambulanza;In marcia / fermata / arresto;Passeggero;F;Illeso;0;;Non accertato;Inesploso
3810479;13;06/05/2018 18:18;Strada Urbana;VIA DEL MARE;in corrispondenza;;della chilometrica;23.9;;Scontro laterale fra veicoli in marcia;Rettilineo;Due carreggiate;Asciutto;Asfaltata;Verticale ed orizzontale;Sereno;Normale;Buona;Ore Diurne;1;0;0;3;12.46323;41.84026;-1;1;Autoambulanza;In marcia / fermata / arresto;Passeggero;F;Illeso;0;;Non accertato;Inesploso
3810479;13;06/05/2018 18:18;Strada Urbana;VIA DEL MARE;in corrispondenza;;della chilometrica;23.9;;Scontro laterale fra veicoli in marcia;Rettilineo;Due carreggiate;Asciutto;Asfaltata;Verticale ed orizzontale;Sereno;Normale;Buona;Ore Diurne;1;0;0;3;12.46323;41.84026;-1;2;Autovettura privata;In marcia / fermata / arresto;Conducente;F;Illeso;0;;Non accertato;Inesploso
3810481;13;06/05/2018 21:00;Strada Urbana;VIA DELLE AZZORRE;da specificare;;;;prossimità Via Armando Crisciani;Veicolo in marcia contro veicoli in sosta;Rettilineo;Una carreggiata a doppio senso;Asciutto;Asfaltata;Verticale ed orizzontale;Sereno;Normale;Buona;Sufficiente;0;0;0;2;12.2738;41.74134;-1;1;Autovettura privata;In marcia / fermata / arresto;Conducente;M;Illeso;0;;Non accertato;Inesploso
3810481;13;06/05/2018 21:00;Strada Urbana;VIA DELLE AZZORRE;da specificare;;;;prossimità Via Armando Crisciani;Veicolo in marcia contro veicoli in sosta;Rettilineo;Una carreggiata a doppio senso;Asciutto;Asfaltata;Verticale ed orizzontale;Sereno;Normale;Buona;Sufficiente;0;0;0;2;12.2738;41.74134;-1;1;Autovettura privata;In marcia / fermata / arresto;Passeggero;M;Illeso;0;;;
3810487;9;05/05/2018 17:00;Strada Urbana;PIAZZA DI S. MARIA AUSILIATRICE;all'intersezione con;VIA EVANDRO;VIA EVANDRO;;;Scontro frontale/laterale SX fra veicoli in marcia;Incrocio;Una carreggiata a senso unico di marcia;Bagnato (pioggia);Asfaltata;Verticale ed orizzontale;Pioggia in atto;Normale;Buona;Ore Diurne;0;0;0;3;12.52959;41.87418;-1;1;Autovettura privata;In marcia / fermata / arresto;Conducente;M;Illeso;0;;Non accertato;
3810487;9;05/05/2018 17:00;Strada Urbana;PIAZZA DI S. MARIA AUSILIATRICE;all'intersezione con;VIA EVANDRO;VIA EVANDRO;;;Scontro frontale/laterale SX fra veicoli in marcia;Incrocio;Una carreggiata a senso unico di marcia;Bagnato (pioggia);Asfaltata;Verticale ed orizzontale;Pioggia in atto;Normale;Buona;Ore Diurne;0;0;0;3;12.52959;41.87418;-1;2;Autovettura privata;In marcia / fermata / arresto;Conducente;F;Illeso;0;;Non accertato;
3810487;9;05/05/2018 17:00;Strada Urbana;PIAZZA DI S. MARIA AUSILIATRICE;all'intersezione con;VIA EVANDRO;VIA EVANDRO;;;Scontro frontale/laterale SX fra veicoli in marcia;Incrocio;Una carreggiata a senso unico di marcia;Bagnato (pioggia);Asfaltata;Verticale ed orizzontale;Pioggia in atto;Normale;Buona;Ore Diurne;0;0;0;3;12.52959;41.87418;-1;2;Autovettura privata;In marcia / fermata / arresto;Passeggero;F;Illeso;0;;Non accertato;
3810490;13;06/05/2018 10:30;;VIA OSTIENSE;in prossimità;;della chilometrica;25.5;;Veicolo in marcia contro ostacolo fisso;;;;;;;;;;0;0;0;1;;;0;1;Motociclo a solo;In marcia / fermata / arresto;Conducente;F;Illeso;0;;;
3810492;6;06/05/2018 20:00;Strada Urbana;VIA DELLE BETULLE;all'intersezione con;VIA DELLE ROSE;VIA DELLE ROSE;;;Scontro frontale/laterale SX fra veicoli in marcia;Incrocio;Una carreggiata a senso unico di marcia;Asciutto;Asfaltata;Verticale ed orizzontale;Sereno;Scarso;Buona;Sufficiente;0;0;0;3;12.56299;41.88985;-1;1;Autovettura privata;In marcia / fermata / arresto;Conducente;F;Illeso;0;;;
3810492;6;06/05/2018 20:00;Strada Urbana;VIA DELLE BETULLE;all'intersezione con;VIA DELLE ROSE;VIA DELLE ROSE;;;Scontro frontale/laterale SX fra veicoli in marcia;Incrocio;Una carreggiata a senso unico di marcia;Asciutto;Asfaltata;Verticale ed orizzontale;Sereno;Scarso;Buona;Sufficiente;0;0;0;3;12.56299;41.88985;-1;2;Autovettura privata;In marcia / fermata / arresto;Conducente;F;Illeso;0;;;
3810492;6;06/05/2018 20:00;Strada Urbana;VIA DELLE BETULLE;all'intersezione con;VIA DELLE ROSE;VIA DELLE ROSE;;;Scontro frontale/laterale SX fra veicoli in marcia;Incrocio;Una carreggiata a senso unico di marcia;Asciutto;Asfaltata;Verticale ed orizzontale;Sereno;Scarso;Buona;Sufficiente;0;0;0;3;12.56299;41.88985;-1;2;Autovettura privata;In marcia / fermata / arresto;Passeggero;M;Illeso;0;;;
3810502;8;05/05/2018 16:50;Strada Urbana;VIA PRENESTINA;da specificare;;;;fronte civ. 1108;Veicolo in marcia contro ostacolo accidentale;Rettilineo;Una carreggiata a doppio senso;Asciutto;Asfaltata;Verticale ed orizzontale;Nuvoloso;Normale;Buona;Ore Diurne;0;0;0;3;12.61039;41.89349;-1;1;Autovettura privata;In marcia / fermata / arresto;Conducente;F;Illeso;0;;Non accertato;Inesploso
3810502;8;05/05/2018 16:50;Strada Urbana;VIA PRENESTINA;da specificare;;;;fronte civ. 1108;Veicolo in marcia contro ostacolo accidentale;Rettilineo;Una carreggiata a doppio senso;Asciutto;Asfaltata;Verticale ed orizzontale;Nuvoloso;Normale;Buona;Ore Diurne;0;0;0;3;12.61039;41.89349;-1;1;Autovettura privata;In marcia / fermata / arresto;Passeggero;M;Illeso;0;;Non accertato;Inesploso
3810502;8;05/05/2018 16:50;Strada Urbana;VIA PRENESTINA;da specificare;;;;fronte civ. 1108;Veicolo in marcia contro ostacolo accidentale;Rettilineo;Una carreggiata a doppio senso;Asciutto;Asfaltata;Verticale ed orizzontale;Nuvoloso;Normale;Buona;Ore Diurne;0;0;0;3;12.61039;41.89349;-1;1;Autovettura privata;In marcia / fermata / arresto;Passeggero;F;Illeso;0;;Non accertato;Inesploso
3810503;8;05/05/2018 15:10;Strada Urbana;VIA POLENSE;da specificare;;;;1 km dal casello autostradale A24;Veicolo in marcia contro ostacolo accidentale;Rettilineo;Una carreggiata a doppio senso;Bagnato (pioggia);Strada pavimentata dissestata;Assente;Pioggia in atto;Normale;Buona;Ore Diurne;0;0;0;1;12.71249;41.90579;0;1;Autovettura privata;In marcia / fermata / arresto;Conducente;M;Illeso;0;;Non accertato;Inesploso
3810504;7;05/05/2018 19:45;Strada Urbana;VIALE PALMIRO TOGLIATTI;all'intersezione con;VIA COLLATINA;VIA COLLATINA;;;Tamponamento;Intersezione stradale segnalata;Una carreggiata a senso unico di marcia;Asciutto;Asfaltata;Verticale ed orizzontale;Sereno;Normale;Buona;Sufficiente;2;0;0;1;12.57339;41.88769;-1;1;Autovettura privata;In marcia / fermata / arresto;Conducente;M;Rimandato;0;NON DECEDUTO;Non accertato;Inesploso
3810504;7;05/05/2018 19:45;Strada Urbana;VIALE PALMIRO TOGLIATTI;all'intersezione con;VIA COLLATINA;VIA COLLATINA;;;Tamponamento;Intersezione stradale segnalata;Una carreggiata a senso unico di marcia;Asciutto;Asfaltata;Verticale ed orizzontale;Sereno;Normale;Buona;Sufficiente;2;0;0;1;12.57339;41.88769;-1;1;Autovettura privata;In marcia / fermata / arresto;Passeggero;F;Rimandato;0;NON DECEDUTO;Non accertato;Inesploso
3810504;7;05/05/2018 19:45;Strada Urbana;VIALE PALMIRO TOGLIATTI;all'intersezione con;VIA COLLATINA;VIA COLLATINA;;;Tamponamento;Intersezione stradale segnalata;Una carreggiata a senso unico di marcia;Asciutto;Asfaltata;Verticale ed orizzontale;Sereno;Normale;Buona;Sufficiente;2;0;0;1;12.57339;41.88769;-1;2;Autovettura privata;In marcia / fermata / arresto;Conducente;M;Illeso;0;;Non accertato;Inesploso
3810510;8;05/05/2018 22:10;;VIA DI TOR BELLA MONACA;da specificare;;;;braccio immissione GRA dir. Firenze;Veicolo in marcia contro ostacolo accidentale;;;;;;;;;;0;0;0;1;;;0;1;Autovettura privata;In marcia / fermata / arresto;Conducente;M;Illeso;0;;;
3810511;20;06/05/2018 17:30;Strada Urbana;VIA MARESCIALLO CAVIGLIA;da specificare;;;;s.n.c.;Scontro laterale fra veicoli in marcia;Rettilineo;Una carreggiata a doppio senso;Asciutto;Asfaltata;Assente;Sereno;Intenso;Buona;Ore Diurne;0;0;0;6;12.46328;41.93737;-1;1;Autovettura privata;In marcia / fermata / arresto;Conducente;M;Illeso;0;;;
3810511;20;06/05/2018 17:30;Strada Urbana;VIA MARESCIALLO CAVIGLIA;da specificare;;;;s.n.c.;Scontro laterale fra veicoli in marcia;Rettilineo;Una carreggiata a doppio senso;Asciutto;Asfaltata;Assente;Sereno;Intenso;Buona;Ore Diurne;0;0;0;6;12.46328;41.93737;-1;1;Autovettura privata;In marcia / fermata / arresto;Passeggero;M;Illeso;0;;;
3810511;20;06/05/2018 17:30;Strada Urbana;VIA MARESCIALLO CAVIGLIA;da specificare;;;;s.n.c.;Scontro laterale fra veicoli in marcia;Rettilineo;Una carreggiata a doppio senso;Asciutto;Asfaltata;Assente;Sereno;Intenso;Buona;Ore Diurne;0;0;0;6;12.46328;41.93737;-1;2;Autovettura privata;In marcia / fermata / arresto;Conducente;M;Illeso;0;;;
3810511;20;06/05/2018 17:30;Strada Urbana;VIA MARESCIALLO CAVIGLIA;da specificare;;;;s.n.c.;Scontro laterale fra veicoli in marcia;Rettilineo;Una carreggiata a doppio senso;Asciutto;Asfaltata;Assente;Sereno;Intenso;Buona;Ore Diurne;0;0;0;6;12.46328;41.93737;-1;2;Autovettura privata;In marcia / fermata / arresto;Passeggero;F;Illeso;0;;;
3810511;20;06/05/2018 17:30;Strada Urbana;VIA MARESCIALLO CAVIGLIA;da specificare;;;;s.n.c.;Scontro laterale fra veicoli in marcia;Rettilineo;Una carreggiata a doppio senso;Asciutto;Asfaltata;Assente;Sereno;Intenso;Buona;Ore Diurne;0;0;0;6;12.46328;41.93737;-1;2;Autovettura privata;In marcia / fermata / arresto;Passeggero;F;Illeso;0;;;
3810511;20;06/05/2018 17:30;Strada Urbana;VIA MARESCIALLO CAVIGLIA;da specificare;;;;s.n.c.;Scontro laterale fra veicoli in marcia;Rettilineo;Una carreggiata a doppio senso;Asciutto;Asfaltata;Assente;Sereno;Intenso;Buona;Ore Diurne;0;0;0;6;12.46328;41.93737;-1;2;Autovettura privata;In marcia / fermata / arresto;Passeggero;F;Illeso;0;;;
3810512;8;05/05/2018 10:15;Statale entro l'abitato;VIA CASILINA;all'intersezione con;VIA GIAN CRISTOFORO ROMANO;VIA GIAN CRISTOFORO ROMANO;;;Scontro laterale fra veicoli in marcia;Incrocio;Una carreggiata a doppio senso;Asciutto;Asfaltata;Verticale ed orizzontale;Nuvoloso;Normale;Buona;Ore Diurne;1;0;0;3;12.62713;41.86324;0;1;Autovettura privata;In marcia / fermata / arresto;Conducente;M;Illeso;0;;Non accertato;Inesploso
3810512;8;05/05/2018 10:15;Statale entro l'abitato;VIA CASILINA;all'intersezione con;VIA GIAN CRISTOFORO ROMANO;VIA GIAN CRISTOFORO ROMANO;;;Scontro laterale fra veicoli in marcia;Incrocio;Una carreggiata a doppio senso;Asciutto;Asfaltata;Verticale ed orizzontale;Nuvoloso;Normale;Buona;Ore Diurne;1;0;0;3;12.62713;41.86324;0;1;Autovettura privata;In marcia / fermata / arresto;Passeggero;F;Illeso;0;;Non accertato;Inesploso
3810512;8;05/05/2018 10:15;Statale entro l'abitato;VIA CASILINA;all'intersezione con;VIA GIAN CRISTOFORO ROMANO;VIA GIAN CRISTOFORO ROMANO;;;Scontro laterale fra veicoli in marcia;Incrocio;Una carreggiata a doppio senso;Asciutto;Asfaltata;Verticale ed orizzontale;Nuvoloso;Normale;Buona;Ore Diurne;1;0;0;3;12.62713;41.86324;0;1;Autovettura privata;In marcia / fermata / arresto;Passeggero;F;Illeso;0;;Non accertato;Inesploso
3810512;8;05/05/2018 10:15;Statale entro l'abitato;VIA CASILINA;all'intersezione con;VIA GIAN CRISTOFORO ROMANO;VIA GIAN CRISTOFORO ROMANO;;;Scontro laterale fra veicoli in marcia;Incrocio;Una carreggiata a doppio senso;Asciutto;Asfaltata;Verticale ed orizzontale;Nuvoloso;Normale;Buona;Ore Diurne;1;0;0;3;12.62713;41.86324;0;2;Motociclo a solo;In marcia / fermata / arresto;Conducente;M;Rimandato;0;NON DECEDUTO;Non accertato;
3810515;4;05/05/2018 08:50;Provinciale entro l'abitato;VIA NOMENTANA;in corrispondenza;;del civico n.;681;;Veicolo in marcia contro veicolo in sosta;Rettilineo;Una carreggiata a doppio senso;Asciutto;Asfaltata;Verticale ed orizzontale;Nuvoloso;Normale;Buona;Ore Diurne;0;0;0;1;12.53803;41.93628;-1;1;Autovettura privata;In marcia / fermata / arresto;Conducente;F;Illeso;0;;Non accertato;
3810516;8;05/05/2018 07:15;Strada Urbana;VIA BORGHESIANA;in prossimità;;del palo luce n.;62;;Scontro frontale fra veicoli in marcia;Rettilineo;Una carreggiata a doppio senso;Asciutto;Strada pavimentata dissestata;Orizzontale;Sereno;Normale;Buona;Ore Diurne;2;0;0;0;12.67241;41.87651;-1;1;Autovettura privata;In marcia / fermata / arresto;Conducente;M;Rimandato;0;NON DECEDUTO;Non accertato;Inesploso
3810516;8;05/05/2018 07:15;Strada Urbana;VIA BORGHESIANA;in prossimità;;del palo luce n.;62;;Scontro frontale fra veicoli in marcia;Rettilineo;Una carreggiata a doppio senso;Asciutto;Strada pavimentata dissestata;Orizzontale;Sereno;Normale;Buona;Ore Diurne;2;0;0;0;12.67241;41.87651;-1;2;Autovettura privata;In marcia / fermata / arresto;Conducente;F;Rimandato;0;NON DECEDUTO;Non accertato;Inesploso
3810520;8;06/05/2018 12:10;Strada Urbana;VIA GIORGIO GRAPPELLI;da specificare;;;;alt. cavalcavia, tra palo luce 15 e 14;Scontro laterale fra veicoli in marcia;Curva senza visuale libera;Due carreggiate;Asciutto;Asfaltata;Verticale ed orizzontale;Sereno;Normale;Buona;Ore Diurne;0;0;0;4;12.65713;41.91176;-1;1;Autovettura privata;In marcia / fermata / arresto;Conducente;M;Illeso;0;;Non accertato;
3810520;8;06/05/2018 12:10;Strada Urbana;VIA GIORGIO GRAPPELLI;da specificare;;;;alt. cavalcavia, tra palo luce 15 e 14;Scontro laterale fra veicoli in marcia;Curva senza visuale libera;Due carreggiate;Asciutto;Asfaltata;Verticale ed orizzontale;Sereno;Normale;Buona;Ore Diurne;0;0;0;4;12.65713;41.91176;-1;2;Autovettura privata;In marcia / fermata / arresto;Conducente;M;Illeso;0;;Non accertato;
3810520;8;06/05/2018 12:10;Strada Urbana;VIA GIORGIO GRAPPELLI;da specificare;;;;alt. cavalcavia, tra palo luce 15 e 14;Scontro laterale fra veicoli in marcia;Curva senza visuale libera;Due carreggiate;Asciutto;Asfaltata;Verticale ed orizzontale;Sereno;Normale;Buona;Ore Diurne;0;0;0;4;12.65713;41.91176;-1;2;Autovettura privata;In marcia / fermata / arresto;Passeggero;M;Illeso;0;;Non accertato;
3810520;8;06/05/2018 12:10;Strada Urbana;VIA GIORGIO GRAPPELLI;da specificare;;;;alt. cavalcavia, tra palo luce 15 e 14;Scontro laterale fra veicoli in marcia;Curva senza visuale libera;Due carreggiate;Asciutto;Asfaltata;Verticale ed orizzontale;Sereno;Normale;Buona;Ore Diurne;0;0;0;4;12.65713;41.91176;-1;2;Autovettura privata;In marcia / fermata / arresto;Passeggero;M;Illeso;0;;Non accertato;
3810521;8;06/05/2018 09:30;Strada Urbana;VIA DI ROCCA CENCIA;in corrispondenza;;del civico n.;101;;Tamponamento;Pendenza;Una carreggiata a doppio senso;Asciutto;Asfaltata;Orizzontale;Nuvoloso;Scarso;Buona;Ore Diurne;2;0;0;1;12.68871;41.86685;0;1;Autovettura privata;In marcia / fermata / arresto;Conducente;M;Rimandato;0;NON DECEDUTO;Non accertato;Inesploso
3810521;8;06/05/2018 09:30;Strada Urbana;VIA DI ROCCA CENCIA;in corrispondenza;;del civico n.;101;;Tamponamento;Pendenza;Una carreggiata a doppio senso;Asciutto;Asfaltata;Orizzontale;Nuvoloso;Scarso;Buona;Ore Diurne;2;0;0;1;12.68871;41.86685;0;1;Autovettura privata;In marcia / fermata / arresto;Passeggero;M;Rifiuta cure immediate;0;NON DECEDUTO;Non accertato;Inesploso
3810521;8;06/05/2018 09:30;Strada Urbana;VIA DI ROCCA CENCIA;in corrispondenza;;del civico n.;101;;Tamponamento;Pendenza;Una carreggiata a doppio senso;Asciutto;Asfaltata;Orizzontale;Nuvoloso;Scarso;Buona;Ore Diurne;2;0;0;1;12.68871;41.86685;0;1;Autovettura privata;In marcia / fermata / arresto;Passeggero;F;Illeso;0;;Non accertato;Inesploso
3810524;8;06/05/2018 11:45;Strada Urbana;VIA DEL FOSSO DELL'OSA;all'intersezione con;VIA CARPINONE;VIA CARPINONE;;;Tamponamento;Incrocio;Una carreggiata a doppio senso;Asciutto;Asfaltata;Verticale;Sereno;Scarso;Buona;Ore Diurne;0;0;0;6;12.68423;41.90592;0;1;Autovettura privata;In marcia / fermata / arresto;Conducente;M;Illeso;0;;Non accertato;Inesploso
3810524;8;06/05/2018 11:45;Strada Urbana;VIA DEL FOSSO DELL'OSA;all'intersezione con;VIA CARPINONE;VIA CARPINONE;;;Tamponamento;Incrocio;Una carreggiata a doppio senso;Asciutto;Asfaltata;Verticale;Sereno;Scarso;Buona;Ore Diurne;0;0;0;6;12.68423;41.90592;0;1;Autovettura privata;In marcia / fermata / arresto;Passeggero;F;Illeso;0;;Non accertato;Inesploso
3810524;8;06/05/2018 11:45;Strada Urbana;VIA DEL FOSSO DELL'OSA;all'intersezione con;VIA CARPINONE;VIA CARPINONE;;;Tamponamento;Incrocio;Una carreggiata a doppio senso;Asciutto;Asfaltata;Verticale;Sereno;Scarso;Buona;Ore Diurne;0;0;0;6;12.68423;41.90592;0;1;Autovettura privata;In marcia / fermata / arresto;Passeggero;M;Illeso;0;;Non accertato;Inesploso
3810524;8;06/05/2018 11:45;Strada Urbana;VIA DEL FOSSO DELL'OSA;all'intersezione con;VIA CARPINONE;VIA CARPINONE;;;Tamponamento;Incrocio;Una carreggiata a doppio senso;Asciutto;Asfaltata;Verticale;Sereno;Scarso;Buona;Ore Diurne;0;0;0;6;12.68423;41.90592;0;1;Autovettura privata;In marcia / fermata / arresto;Passeggero;F;Illeso;0;;Non accertato;Inesploso
3810524;8;06/05/2018 11:45;Strada Urbana;VIA DEL FOSSO DELL'OSA;all'intersezione con;VIA CARPINONE;VIA CARPINONE;;;Tamponamento;Incrocio;Una carreggiata a doppio senso;Asciutto;Asfaltata;Verticale;Sereno;Scarso;Buona;Ore Diurne;0;0;0;6;12.68423;41.90592;0;2;Autovettura privata;In marcia / fermata / arresto;Conducente;M;Illeso;0;;Non accertato;Inesploso
3810524;8;06/05/2018 11:45;Strada Urbana;VIA DEL FOSSO DELL'OSA;all'intersezione con;VIA CARPINONE;VIA CARPINONE;;;Tamponamento;Incrocio;Una carreggiata a doppio senso;Asciutto;Asfaltata;Verticale;Sereno;Scarso;Buona;Ore Diurne;0;0;0;6;12.68423;41.90592;0;2;Autovettura privata;In marcia / fermata / arresto;Passeggero;M;Illeso;0;;Non accertato;Inesploso
3810525;9;05/05/2018 21:45;Strada Urbana;VIA APPIA NUOVA;da specificare;;;;fr.392;Scontro frontale/laterale SX fra veicoli in marcia;Rettilineo;Due carreggiate;Asciutto;Asfaltata;Verticale ed orizzontale;Sereno;Normale;Sufficiente;Sufficiente;2;0;0;1;12.52104;41.8764;0;1;Autovettura privata;In marcia / fermata / arresto;Conducente;M;Illeso;0;;;
3810525;9;05/05/2018 21:45;Strada Urbana;VIA APPIA NUOVA;da specificare;;;;fr.392;Scontro frontale/laterale SX fra veicoli in marcia;Rettilineo;Due carreggiate;Asciutto;Asfaltata;Verticale ed orizzontale;Sereno;Normale;Sufficiente;Sufficiente;2;0;0;1;12.52104;41.8764;0;2;Autovettura privata;In marcia / fermata / arresto;Conducente;M;Ricoverato;0;NON DECEDUTO;;
3810525;9;05/05/2018 21:45;Strada Urbana;VIA APPIA NUOVA;da specificare;;;;fr.392;Scontro frontale/laterale SX fra veicoli in marcia;Rettilineo;Due carreggiate;Asciutto;Asfaltata;Verticale ed orizzontale;Sereno;Normale;Sufficiente;Sufficiente;2;0;0;1;12.52104;41.8764;0;2;Autovettura privata;In marcia / fermata / arresto;Passeggero;F;Rimandato;0;NON DECEDUTO;;
3810528;8;07/05/2018 04:05;;VIA TIBURTINA;da specificare;;;;prox. Via M. Simone, palo Acea 595;Veicolo in marcia contro ostacolo accidentale;;;;;;;;;;0;0;0;1;;;0;1;Autovettura privata;In marcia / fermata / arresto;Conducente;M;Illeso;0;;;
3810537;5;04/05/2018 08:00;Strada Urbana;VIA TIBURTINA;all'intersezione con;VIA ELENA BRANDIZZI GIANNI;VIA ELENA BRANDIZZI GIANNI;;;Scontro frontale/laterale DX fra veicoli in marcia;Incrocio;Due carreggiate;Asciutto;Asfaltata;Verticale ed orizzontale;Sereno;Normale;Buona;Ore Diurne;0;0;0;5;12.57916;41.93154;-1;1;Motociclo a solo;In marcia / fermata / arresto;Conducente;M;Illeso;0;;Non accertato;
3810537;5;04/05/2018 08:00;Strada Urbana;VIA TIBURTINA;all'intersezione con;VIA ELENA BRANDIZZI GIANNI;VIA ELENA BRANDIZZI GIANNI;;;Scontro frontale/laterale DX fra veicoli in marcia;Incrocio;Due carreggiate;Asciutto;Asfaltata;Verticale ed orizzontale;Sereno;Normale;Buona;Ore Diurne;0;0;0;5;12.57916;41.93154;-1;2;Autovettura privata;In marcia / fermata / arresto;Conducente;M;Illeso;0;;Non accertato;Inesploso
3810537;5;04/05/2018 08:00;Strada Urbana;VIA TIBURTINA;all'intersezione con;VIA ELENA BRANDIZZI GIANNI;VIA ELENA BRANDIZZI GIANNI;;;Scontro frontale/laterale DX fra veicoli in marcia;Incrocio;Due carreggiate;Asciutto;Asfaltata;Verticale ed orizzontale;Sereno;Normale;Buona;Ore Diurne;0;0;0;5;12.57916;41.93154;-1;2;Autovettura privata;In marcia / fermata / arresto;Passeggero;F;Illeso;0;;Non accertato;Inesploso
3810537;5;04/05/2018 08:00;Strada Urbana;VIA TIBURTINA;all'intersezione con;VIA ELENA BRANDIZZI GIANNI;VIA ELENA BRANDIZZI GIANNI;;;Scontro frontale/laterale DX fra veicoli in marcia;Incrocio;Due carreggiate;Asciutto;Asfaltata;Verticale ed orizzontale;Sereno;Normale;Buona;Ore Diurne;0;0;0;5;12.57916;41.93154;-1;2;Autovettura privata;In marcia / fermata / arresto;Passeggero;F;Illeso;0;;Non accertato;Inesploso
3810537;5;04/05/2018 08:00;Strada Urbana;VIA TIBURTINA;all'intersezione con;VIA ELENA BRANDIZZI GIANNI;VIA ELENA BRANDIZZI GIANNI;;;Scontro frontale/laterale DX fra veicoli in marcia;Incrocio;Due carreggiate;Asciutto;Asfaltata;Verticale ed orizzontale;Sereno;Normale;Buona;Ore Diurne;0;0;0;5;12.57916;41.93154;-1;2;Autovettura privata;In marcia / fermata / arresto;Passeggero;M;Illeso;0;;Non accertato;Inesploso
3810545;20;05/05/2018 15:10;Strada Urbana;VIA ALESSANDRO FLEMING;in prossimità;;del civico n.;77;;Veicolo in marcia contro ostacolo accidentale;Curva senza visuale libera;Una carreggiata a doppio senso;Viscido da liquidi oleosi;Asfaltata;Orizzontale;Pioggia in atto;Scarso;Buona;Ore Diurne;1;0;0;0;12.47459;41.93839;-1;1;Motociclo a solo;In marcia / fermata / arresto;Conducente;M;Rimandato;0;NON DECEDUTO;Utilizzato;
3810546;20;05/05/2018 19:30;Strada Urbana;VIA CASSIA;all'intersezione con;VIA VIBIO MARIANO;VIA VIBIO MARIANO;;;Scontro frontale/laterale SX fra veicoli in marcia;Incrocio;Una carreggiata a doppio senso;Bagnato (umidità in atto);Asfaltata;Verticale ed orizzontale;Nuvoloso;Intenso;Sufficiente;Ore Diurne;0;0;0;4;12.44344;41.9652;-1;1;Autocarro inferiore 35 q.;In marcia / fermata / arresto;Conducente;M;Illeso;0;;;
3810546;20;05/05/2018 19:30;Strada Urbana;VIA CASSIA;all'intersezione con;VIA VIBIO MARIANO;VIA VIBIO MARIANO;;;Scontro frontale/laterale SX fra veicoli in marcia;Incrocio;Una carreggiata a doppio senso;Bagnato (umidità in atto);Asfaltata;Verticale ed orizzontale;Nuvoloso;Intenso;Sufficiente;Ore Diurne;0;0;0;4;12.44344;41.9652;-1;1;Autocarro inferiore 35 q.;In marcia / fermata / arresto;Passeggero;F;Illeso;0;;;
3810546;20;05/05/2018 19:30;Strada Urbana;VIA CASSIA;all'intersezione con;VIA VIBIO MARIANO;VIA VIBIO MARIANO;;;Scontro frontale/laterale SX fra veicoli in marcia;Incrocio;Una carreggiata a doppio senso;Bagnato (umidità in atto);Asfaltata;Verticale ed orizzontale;Nuvoloso;Intenso;Sufficiente;Ore Diurne;0;0;0;4;12.44344;41.9652;-1;2;Autovettura privata;In marcia / fermata / arresto;Conducente;M;Illeso;0;;;
3810546;20;05/05/2018 19:30;Strada Urbana;VIA CASSIA;all'intersezione con;VIA VIBIO MARIANO;VIA VIBIO MARIANO;;;Scontro frontale/laterale SX fra veicoli in marcia;Incrocio;Una carreggiata a doppio senso;Bagnato (umidità in atto);Asfaltata;Verticale ed orizzontale;Nuvoloso;Intenso;Sufficiente;Ore Diurne;0;0;0;4;12.44344;41.9652;-1;2;Autovettura privata;In marcia / fermata / arresto;Passeggero;F;Illeso;0;;;
3810552;5;04/05/2018 16:30;Strada Urbana;VIALE SACCO E VANZETTI;da specificare;;;;IN PROSSIMITA' DI VIA SCALARINI;Investimento di pedone;Rotatoria;Due carreggiate;Asciutto;Asfaltata;Verticale ed orizzontale;Nuvoloso;Normale;Buona;Ore Diurne;1;0;0;1;12.56848;41.90936;-1;;;;Pedone;F;Rimandato;0;NON DECEDUTO;;
3810552;5;04/05/2018 16:30;Strada Urbana;VIALE SACCO E VANZETTI;da specificare;;;;IN PROSSIMITA' DI VIA SCALARINI;Investimento di pedone;Rotatoria;Due carreggiate;Asciutto;Asfaltata;Verticale ed orizzontale;Nuvoloso;Normale;Buona;Ore Diurne;1;0;0;1;12.56848;41.90936;-1;1;Autovettura privata;In marcia / fermata / arresto;Conducente;M;Illeso;0;;Non accertato;Inesploso