Protocollo;Gruppo;DataOraIncidente;Localizzazione1;STRADA1;Localizzazione2;STRADA2;Strada02;Chilometrica;DaSpecificare;NaturaIncidente;particolaritastrade;TipoStrada;FondoStradale;Pavimentazione;Segnaletica;CondizioneAtmosferica;Traffico;Visibilita;Illuminazione;NUM_FERITI;NUM_RISERVATA;NUM_MORTI;NUM_ILLESI;Longitudine;Latitudine;Confermato;Progressivo;TipoVeicolo;StatoVeicolo;TipoPersona;Sesso;Tipolesione;Deceduto;DecedutoDopo;CinturaCascoUtilizzato;Airbag
3810559;20;07/05/2018 06:40;Provinciale entro l'abitato;VIA TIBERINA;in corrispondenza;;del civico n.;82;;Scontro frontale/laterale DX fra veicoli in marcia;Rettilineo;Una carreggiata a doppio senso;Asciutto;Asfaltata;Verticale ed orizzontale;Nuvoloso;Intenso;Buona;Ore Diurne;1;0;0;1;12.49962;42.00436;-1;1;Autovettura privata;In marcia / fermata / arresto;Conducente;M;Illeso;0;;Non accertato;Inesploso
3810559;20;07/05/2018 06:40;Provinciale entro l'abitato;VIA TIBERINA;in corrispondenza;;del civico n.;82;;Scontro frontale/laterale DX fra veicoli in marcia;Rettilineo;Una carreggiata a doppio senso;Asciutto;Asfaltata;Verticale ed orizzontale;Nuvoloso;Intenso;Buona;Ore Diurne;1;0;0;1;12.49962;42.00436;-1;2;Autovettura privata;In marcia / fermata / arresto;Conducente;M;Rimandato;0;NON DECEDUTO;Non accertato;Esploso
3810560;9;06/05/2018 07:30;Strada Urbana;VIA RAFFAELE DE CESARE;in prossimità;;del civico n.;56;;Veicolo in marcia contro veicoli in sosta;Rettilineo;Una carreggiata a senso unico di marcia;Asciutto;Asfaltata;Verticale ed orizzontale;Sereno;Scarso;Buona;Ore Diurne;0;0;0;1;12.52106;41.87225;-1;1;Autovettura privata;In marcia / fermata / arresto;Conducente;M;Illeso;0;;Non accertato;Inesploso
3810567;5;04/05/2018 19:00;Strada Urbana;VIA DI CASAL DEI PAZZI;in corrispondenza;;del civico n.;13;;Tamponamento Multiplo;Rettilineo;Una carreggiata a doppio senso;Asciutto;Asfaltata;Orizzontale;Nuvoloso;Normale;Buona;Ore Diurne;0;0;0;3;12.57102;41.92512;-1;1;Autovettura privata;In marcia / fermata / arresto;Conducente;M;Illeso;0;;Non accertato;Inesploso
3810567;5;04/05/2018 19:00;Strada Urbana;VIA DI CASAL DEI PAZZI;in corrispondenza;;del civico n.;13;;Tamponamento Multiplo;Rettilineo;Una carreggiata a doppio senso;Asciutto;Asfaltata;Orizzontale;Nuvoloso;Normale;Buona;Ore Diurne;0;0;0;3;12.57102;41.92512;-1;2;Autovettura privata;In marcia / fermata / arresto;Conducente;M;Illeso;0;;Non accertato;Inesploso
3810567;5;04/05/2018 19:00;Strada Urbana;VIA DI CASAL DEI PAZZI;in corrispondenza;;del civico n.;13;;Tamponamento Multiplo;Rettilineo;Una carreggiata a doppio senso;Asciutto;Asfaltata;Orizzontale;Nuvoloso;Normale;Buona;Ore Diurne;0;0;0;3;12.57102;41.92512;-1;3;Autovettura privata;In marcia / fermata / arresto;Conducente;M;Illeso;0;;Non utilizzato;Inesploso
3810575;19;04/05/2018 17:45;Strada Urbana;VIA BRACCIANO;in prossimità;;del civico n.;2;;Veicolo in marcia contro veicoli in sosta;Rettilineo;Una carreggiata a doppio senso;Asciutto;Asfaltata;Assente;Sereno;Scarso;Buona;Ore Diurne;1;0;0;0;12.42822;41.97406;-1;1;Autovettura privata;In marcia / fermata / arresto;Conducente;M;Rimandato;0;NON DECEDUTO;Non utilizzato;Inesploso
3810584;5;06/05/2018 02:20;Strada Urbana;VIA STANISLAO CANNIZZARO;da specificare;;;;fronte civ. 70;Veicolo in marcia contro veicoli in sosta;Curva a visuale libera;Una carreggiata a senso unico di marcia;Asciutto;Asfaltata;Verticale;Sereno;Scarso;Buona;Sufficiente;0;0;0;1;12.5721;41.92976;-1;1;Autovettura privata;In marcia / fermata / arresto;Conducente;M;Illeso;0;;Non accertato;Esploso
3810589;11;07/05/2018 05:55;Strada Urbana;VIA GIROLAMO BENZONI;in corrispondenza;;del civico n.;45;;Scontro frontale fra veicoli in marcia;Rettilineo;Una carreggiata a doppio senso;Asciutto;Asfaltata;Orizzontale;Sereno;Scarso;Buona;Ore Diurne;2;0;0;0;12.48442;41.86834;-1;1;Autocarro inferiore 35 q.;In marcia / fermata / arresto;Conducente;M;Rimandato;0;NON DECEDUTO;Non accertato;Inesploso
3810589;11;07/05/2018 05:55;Strada Urbana;VIA GIROLAMO BENZONI;in corrispondenza;;del civico n.;45;;Scontro frontale fra veicoli in marcia;Rettilineo;Una carreggiata a doppio senso;Asciutto;Asfaltata;Orizzontale;Sereno;Scarso;Buona;Ore Diurne;2;0;0;0;12.48442;41.86834;-1;2;Motociclo a solo;In marcia / fermata / arresto;Conducente;M;Rimandato;0;NON DECEDUTO;Non accertato;
3810590;4;04/05/2018 20:50;Strada Urbana;VIA RICCARDO BACCHELLI;all'intersezione con;VIA DARIO NICCODEMI;VIA DARIO NICCODEMI;;;Veicolo in marcia contro veicolo fermo;Intersezione stradale segnalata;Una carreggiata a doppio senso;Asciutto;Asfaltata;Verticale ed orizzontale;Nuvoloso;Normale;Buona;Sufficiente;0;0;0;2;12.54875;41.95491;-1;1;Autovettura privata;In marcia / fermata / arresto;Conducente;M;Illeso;0;;Non accertato;
3810590;4;04/05/2018 20:50;Strada Urbana;VIA RICCARDO BACCHELLI;all'intersezione con;VIA DARIO NICCODEMI;VIA DARIO NICCODEMI;;;Veicolo in marcia contro veicolo fermo;Intersezione stradale segnalata;Una carreggiata a doppio senso;Asciutto;Asfaltata;Verticale ed orizzontale;Nuvoloso;Normale;Buona;Sufficiente;0;0;0;2;12.54875;41.95491;-1;2;Autovettura privata;In marcia / fermata / arresto;Conducente;F;Illeso;0;;;
3810594;9;06/05/2018 08:55;;PIAZZA DEI RE DI ROMA;da specificare;;;;PROX VIA ALBALONGA;Investimento di pedone;;;;;;;;;;1;0;0;1;;;0;;;;Pedone;M;Rimandato;0;NON DECEDUTO;;
3810594;9;06/05/2018 08:55;;PIAZZA DEI RE DI ROMA;da specificare;;;;PROX VIA ALBALONGA;Investimento di pedone;;;;;;;;;;1;0;0;1;;;0;1;Velocipede;In marcia / fermata / arresto;Conducente;M;Illeso;0;;Esente;
3810609;20;06/05/2018 17:40;Strada Urbana;VIA DELLA MENDOLA;all'intersezione con;VIA MISURINA;VIA MISURINA;;;Investimento di pedone;Incrocio;Una carreggiata a senso unico di marcia;Asciutto;Asfaltata;Verticale ed orizzontale;Sereno;Scarso;Buona;Ore Diurne;0;0;0;2;12.44458;41.94767;-1;;;;Pedone;F;Illeso;0;;;
3810609;20;06/05/2018 17:40;Strada Urbana;VIA DELLA MENDOLA;all'intersezione con;VIA MISURINA;VIA MISURINA;;;Investimento di pedone;Incrocio;Una carreggiata a senso unico di marcia;Asciutto;Asfaltata;Verticale ed orizzontale;Sereno;Scarso;Buona;Ore Diurne;0;0;0;2;12.44458;41.94767;-1;1;Autovettura privata;In marcia / fermata / arresto;Conducente;F;Illeso;0;;;
3810621;4;05/05/2018 12:00;Strada Urbana;VIA CONCA D'ORO;in corrispondenza;;del civico n.;124;;Scontro laterale fra veicoli in marcia;Rettilineo;Una carreggiata a doppio senso;Asciutto;Asfaltata;Verticale ed orizzontale;Sereno;Normale;Buona;Ore Diurne;0;0;0;4;12.52769;41.93857;-1;1;Autovettura privata;In marcia / fermata / arresto;Conducente;F;Illeso;0;;;
3810621;4;05/05/2018 12:00;Strada Urbana;VIA CONCA D'ORO;in corrispondenza;;del civico n.;124;;Scontro laterale fra veicoli in marcia;Rettilineo;Una carreggiata a doppio senso;Asciutto;Asfaltata;Verticale ed orizzontale;Sereno;Normale;Buona;Ore Diurne;0;0;0;4;12.52769;41.93857;-1;2;Autovettura privata;In marcia / fermata / arresto;Conducente;M;Illeso;0;;;
3810621;4;05/05/2018 12:00;Strada Urbana;VIA CONCA D'ORO;in corrispondenza;;del civico n.;124;;Scontro laterale fra veicoli in marcia;Rettilineo;Una carreggiata a doppio senso;Asciutto;Asfaltata;Verticale ed orizzontale;Sereno;Normale;Buona;Ore Diurne;0;0;0;4;12.52769;41.93857;-1;2;Autovettura privata;In marcia / fermata / arresto;Passeggero;F;Illeso;0;;Non accertato;Inesploso
3810621;4;05/05/2018 12:00;Strada Urbana;VIA CONCA D'ORO;in corrispondenza;;del civico n.;124;;Scontro laterale fra veicoli in marcia;Rettilineo;Una carreggiata a doppio senso;Asciutto;Asfaltata;Verticale ed orizzontale;Sereno;Normale;Buona;Ore Diurne;0;0;0;4;12.52769;41.93857;-1;2;Autovettura privata;In marcia / fermata / arresto;Passeggero;M;Illeso;0;;Non accertato;Inesploso
3810624;9;06/05/2018 12:45;Strada Urbana;VIALE DELLE MURA LATINE;all'intersezione con;VIA CAMERIA;VIA CAMERIA;;;Scontro frontale/laterale DX fra veicoli in marcia;Incrocio;Una carreggiata a doppio senso;Asciutto;Asfaltata;Verticale ed orizzontale;Nuvoloso;Normale;Buona;Ore Diurne;0;0;0;2;12.50302;41.8752;-1;1;Autovettura privata;In marcia / fermata / arresto;Conducente;M;Illeso;0;;Non accertato;Inesploso
3810624;9;06/05/2018 12:45;Strada Urbana;VIALE DELLE MURA LATINE;all'intersezione con;VIA CAMERIA;VIA CAMERIA;;;Scontro frontale/laterale DX fra veicoli in marcia;Incrocio;Una carreggiata a doppio senso;Asciutto;Asfaltata;Verticale ed orizzontale;Nuvoloso;Normale;Buona;Ore Diurne;0;0;0;2;12.50302;41.8752;-1;2;Autovettura privata;In marcia / fermata / arresto;Conducente;M;Illeso;0;;Non accertato;Inesploso
3810637;19;05/05/2018 09:05;Strada Urbana;VIA TOMMASO DE VIO;all'intersezione con;PIAZZA ALFONSO CAPECELATRO;PIAZZA ALFONSO CAPECELATRO;;;Scontro laterale fra veicoli in marcia;Incrocio;Una carreggiata a senso unico di marcia;Asciutto;Asfaltata;Verticale ed orizzontale;Sereno;Scarso;Buona;Ore Diurne;1;0;0;2;12.41594;41.92102;-1;1;Autovettura privata;In marcia / fermata / arresto;Conducente;M;Illeso;0;;Non accertato;Inesploso
3810637;19;05/05/2018 09:05;Strada Urbana;VIA TOMMASO DE VIO;all'intersezione con;PIAZZA ALFONSO CAPECELATRO;PIAZZA ALFONSO CAPECELATRO;;;Scontro laterale fra veicoli in marcia;Incrocio;Una carreggiata a senso unico di marcia;Asciutto;Asfaltata;Verticale ed orizzontale;Sereno;Scarso;Buona;Ore Diurne;1;0;0;2;12.41594;41.92102;-1;1;Autovettura privata;In marcia / fermata / arresto;Passeggero;M;Illeso;0;;;
3810637;19;05/05/2018 09:05;Strada Urbana;VIA TOMMASO DE VIO;all'intersezione con;PIAZZA ALFONSO CAPECELATRO;PIAZZA ALFONSO CAPECELATRO;;;Scontro laterale fra veicoli in marcia;Incrocio;Una carreggiata a senso unico di marcia;Asciutto;Asfaltata;Verticale ed orizzontale;Sereno;Scarso;Buona;Ore Diurne;1;0;0;2;12.41594;41.92102;-1;2;Motociclo a solo;In marcia / fermata / arresto;Conducente;M;Rimandato;0;NON DECEDUTO;;
3810639;20;07/05/2018 00:30;Strada Urbana;VIA INVERIGO;in prossimità;;del civico n.;22;;Veicolo in marcia contro veicoli in sosta;Rettilineo;Una carreggiata a doppio senso;Asciutto;Asfaltata;Verticale ed orizzontale;Sereno;Scarso;Buona;Sufficiente;1;0;0;0;12.48174;42.00361;-1;1;Autovettura privata;In marcia / fermata / arresto;Conducente;M;Rimandato;0;NON DECEDUTO;Utilizzato;Esploso
3810650;4;05/05/2018 05:15;Strada Urbana;PIAZZA OTTAVIANO VIMERCATI;da specificare;;;;prossimità v. A. FORTIS;Veicolo in marcia contro ostacolo fisso;Rettilineo;Una carreggiata a doppio senso;Asciutto;Asfaltata;Verticale ed orizzontale;Sereno;Scarso;Buona;Ore Diurne;0;0;0;1;12.52423;41.95842;-1;1;Autovettura privata;In marcia / fermata / arresto;Conducente;M;Illeso;0;;;
3810651;20;05/05/2018 18:15;Regionale;VIA CASSIA;da specificare;;;;prossimità Via Baccanello;Tamponamento Multiplo;Curva a visuale libera;Una carreggiata a senso unico di marcia;Bagnato (umidità in atto);Asfaltata;Verticale ed orizzontale;Nuvoloso;Normale;Buona;Ore Diurne;0;0;0;4;12.41323;41.98292;-1;1;Autovettura privata;In marcia / fermata / arresto;Conducente;M;Illeso;0;;Non accertato;Inesploso
3810651;20;05/05/2018 18:15;Regionale;VIA CASSIA;da specificare;;;;prossimità Via Baccanello;Tamponamento Multiplo;Curva a visuale libera;Una carreggiata a senso unico di marcia;Bagnato (umidità in atto);Asfaltata;Verticale ed orizzontale;Nuvoloso;Normale;Buona;Ore Diurne;0;0;0;4;12.41323;41.98292;-1;1;Autovettura privata;In marcia / fermata / arresto;Passeggero;F;Illeso;0;;Non accertato;Inesploso
3810651;20;05/05/2018 18:15;Regionale;VIA CASSIA;da specificare;;;;prossimità Via Baccanello;Tamponamento Multiplo;Curva a visuale libera;Una carreggiata a senso unico di marcia;Bagnato (umidità in atto);Asfaltata;Verticale ed orizzontale;Nuvoloso;Normale;Buona;Ore Diurne;0;0;0;4;12.41323;41.98292;-1;2;Autovettura privata;In marcia / fermata / arresto;Conducente;M;Illeso;0;;Non accertato;Inesploso
3810651;20;05/05/2018 18:15;Regionale;VIA CASSIA;da specificare;;;;prossimità Via Baccanello;Tamponamento Multiplo;Curva a visuale libera;Una carreggiata a senso unico di marcia;Bagnato (umidità in atto);Asfaltata;Verticale ed orizzontale;Nuvoloso;Normale;Buona;Ore Diurne;0;0;0;4;12.41323;41.98292;-1;3;Autovettura privata;In marcia / fermata / arresto;Conducente;M;Illeso;0;;Non accertato;Inesploso
3810660;19;05/05/2018 00:15;Strada Urbana;VIALE ESPERIA SPERANI;da specificare;;;;prossimità Via Lola MONTEZ;Scontro laterale fra veicoli in marcia;Rettilineo;Una carreggiata a doppio senso;Bagnato (umidità in atto);Asfaltata;Verticale ed orizzontale;Nuvoloso;Normale;Buona;Sufficiente;0;0;0;4;12.39671;41.9617;-1;1;Autovettura privata;In marcia / fermata / arresto;Conducente;M;Illeso;0;;Non accertato;Inesploso
3810660;19;05/05/2018 00:15;Strada Urbana;VIALE ESPERIA SPERANI;da specificare;;;;prossimità Via Lola MONTEZ;Scontro laterale fra veicoli in marcia;Rettilineo;Una carreggiata a doppio senso;Bagnato (umidità in atto);Asfaltata;Verticale ed orizzontale;Nuvoloso;Normale;Buona;Sufficiente;0;0;0;4;12.39671;41.9617;-1;1;Autovettura privata;In marcia / fermata / arresto;Passeggero;F;Illeso;0;;Non accertato;Inesploso
3810660;19;05/05/2018 00:15;Strada Urbana;VIALE ESPERIA SPERANI;da specificare;;;;prossimità Via Lola MONTEZ;Scontro laterale fra veicoli in marcia;Rettilineo;Una carreggiata a doppio senso;Bagnato (umidità in atto);Asfaltata;Verticale ed orizzontale;Nuvoloso;Normale;Buona;Sufficiente;0;0;0;4;12.39671;41.9617;-1;2;Autovettura privata;In marcia / fermata / arresto;Conducente;M;Illeso;0;;Non accertato;Esploso
3810660;19;05/05/2018 00:15;Strada Urbana;VIALE ESPERIA SPERANI;da specificare;;;;prossimità Via Lola MONTEZ;Scontro laterale fra veicoli in marcia;Rettilineo;Una carreggiata a doppio senso;Bagnato (umidità in atto);Asfaltata;Verticale ed orizzontale;Nuvoloso;Normale;Buona;Sufficiente;0;0;0;4;12.39671;41.9617;-1;2;Autovettura privata;In marcia / fermata / arresto;Passeggero;M;Illeso;0;;Non accertato;Inesploso
3810668;6;06/05/2018 09:40;Strada Urbana;VIA COLLATINA;all'intersezione con;VIA CHERSO;VIA CHERSO;;;Scontro frontale/laterale SX fra veicoli in marcia;Intersezione non regolata/non segnalata;Una carreggiata a doppio senso;Asciutto;Asfaltata;Verticale ed orizzontale;Nuvoloso;Normale;Buona;Ore Diurne;0;0;0;3;12.66611;41.92234;-1;1;Autovettura privata;In marcia / fermata / arresto;Conducente;M;Illeso;0;;;Inesploso
3810668;6;06/05/2018 09:40;Strada Urbana;VIA COLLATINA;all'intersezione con;VIA CHERSO;VIA CHERSO;;;Scontro frontale/laterale SX fra veicoli in marcia;Intersezione non regolata/non segnalata;Una carreggiata a doppio senso;Asciutto;Asfaltata;Verticale ed orizzontale;Nuvoloso;Normale;Buona;Ore Diurne;0;0;0;3;12.66611;41.92234;-1;2;Autovettura privata;In marcia / fermata / arresto;Conducente;M;Illeso;0;;;Inesploso
3810668;6;06/05/2018 09:40;Strada Urbana;VIA COLLATINA;all'intersezione con;VIA CHERSO;VIA CHERSO;;;Scontro frontale/laterale SX fra veicoli in marcia;Intersezione non regolata/non segnalata;Una carreggiata a doppio senso;Asciutto;Asfaltata;Verticale ed orizzontale;Nuvoloso;Normale;Buona;Ore Diurne;0;0;0;3;12.66611;41.92234;-1;2;Autovettura privata;In marcia / fermata / arresto;Passeggero;M;Illeso;0;;;
3810672;9;06/05/2018 15:15;Strada Urbana;VIA APPIA NUOVA;all'intersezione con;VIA ALBA;VIA ALBA;;;Scontro frontale/laterale SX fra veicoli in marcia;Incrocio;Due carreggiate;Asciutto;Asfaltata;Verticale ed orizzontale;Sereno;Intenso;Buona;Ore Diurne;1;0;0;2;12.51715;41.87955;-1;1;Autovettura privata;In marcia / fermata / arresto;Conducente;M;Illeso;0;;Non accertato;Inesploso
3810672;9;06/05/2018 15:15;Strada Urbana;VIA APPIA NUOVA;all'intersezione con;VIA ALBA;VIA ALBA;;;Scontro frontale/laterale SX fra veicoli in marcia;Incrocio;Due carreggiate;Asciutto;Asfaltata;Verticale ed orizzontale;Sereno;Intenso;Buona;Ore Diurne;1;0;0;2;12.51715;41.87955;-1;1;Autovettura privata;In marcia / fermata / arresto;Passeggero;F;Illeso;0;;Non accertato;Inesploso
3810672;9;06/05/2018 15:15;Strada Urbana;VIA APPIA NUOVA;all'intersezione con;VIA ALBA;VIA ALBA;;;Scontro frontale/laterale SX fra veicoli in marcia;Incrocio;Due carreggiate;Asciutto;Asfaltata;Verticale ed orizzontale;Sereno;Intenso;Buona;Ore Diurne;1;0;0;2;12.51715;41.87955;-1;2;Motociclo a solo;In marcia / fermata / arresto;Conducente;M;Rimandato;0;NON DECEDUTO;Non accertato;
3810678;19;04/05/2018 23:00;Strada Urbana;VIA DI TORREVECCHIA;in prossimità;;del civico n.;169;;Veicolo in marcia contro veicolo in sosta;Rettilineo;Una carreggiata a doppio senso;Bagnato (umidità in atto);Asfaltata;Assente;Nuvoloso;Scarso;Buona;Sufficiente;0;0;0;1;12.41819;41.93004;-1;1;Autovettura privata;In marcia / fermata / arresto;Conducente;M;Illeso;0;;Non accertato;Esploso
3810684;4;05/05/2018 19:30;Strada Urbana;VIA DELLE VIGNE NUOVE;da specificare;;;;prossimita via Giovanni Conti;Ribaltamento senza urto contro ostacolo fisso;Curva a visuale libera;Due carreggiate;Bagnato (pioggia);Asfaltata;Verticale ed orizzontale;Pioggia in atto;Normale;Buona;Ore Diurne;2;0;0;0;12.53521;41.95817;-1;;;;Pedone;M;Rimandato;0;NON DECEDUTO;;
3810684;4;05/05/2018 19:30;Strada Urbana;VIA DELLE VIGNE NUOVE;da specificare;;;;prossimita via Giovanni Conti;Ribaltamento senza urto contro ostacolo fisso;Curva a visuale libera;Due carreggiate;Bagnato (pioggia);Asfaltata;Verticale ed orizzontale;Pioggia in atto;Normale;Buona;Ore Diurne;2;0;0;0;12.53521;41.95817;-1;1;Autovettura privata;In marcia / fermata / arresto;Conducente;M;Rifiuta cure immediate;0;NON DECEDUTO;;
3810688;20;05/05/2018 15:45;Statale entro l'abitato;VIA CASSIA NUOVA;da specificare;;;;corrispondenza Via S. Jacini;Scontro frontale/laterale SX fra veicoli in marcia;Rettilineo;Due carreggiate;Bagnato (pioggia);Asfaltata;Orizzontale;Pioggia in atto;Normale;Buona;Ore Diurne;1;0;0;3;12.46491;41.95356;-1;1;Autovettura privata;In marcia / fermata / arresto;Conducente;M;Rimandato;0;NON DECEDUTO;Non accertato;Inesploso
3810688;20;05/05/2018 15:45;Statale entro l'abitato;VIA CASSIA NUOVA;da specificare;;;;corrispondenza Via S. Jacini;Scontro frontale/laterale SX fra veicoli in marcia;Rettilineo;Due carreggiate;Bagnato (pioggia);Asfaltata;Orizzontale;Pioggia in atto;Normale;Buona;Ore Diurne;1;0;0;3;12.46491;41.95356;-1;2;Autoambulanza;In marcia / fermata / arresto;Conducente;M;Illeso;0;;Non accertato;Inesploso
3810688;20;05/05/2018 15:45;Statale entro l'abitato;VIA CASSIA NUOVA;da specificare;;;;corrispondenza Via S. Jacini;Scontro frontale/laterale SX fra veicoli in marcia;Rettilineo;Due carreggiate;Bagnato (pioggia);Asfaltata;Orizzontale;Pioggia in atto;Normale;Buona;Ore Diurne;1;0;0;3;12.46491;41.95356;-1;2;Autoambulanza;In marcia / fermata / arresto;Passeggero;M;Illeso;0;;Non accertato;Inesploso
3810688;20;05/05/2018 15:45;Statale entro l'abitato;VIA CASSIA NUOVA;da specificare;;;;corrispondenza Via S. Jacini;Scontro frontale/laterale SX fra veicoli in marcia;Rettilineo;Due carreggiate;Bagnato (pioggia);Asfaltata;Orizzontale;Pioggia in atto;Normale;Buona;Ore Diurne;1;0;0;3;12.46491;41.95356;-1;2;Autoambulanza;In marcia / fermata / arresto;Passeggero;M;Illeso;0;;Non accertato;Inesploso
3810700;16;06/05/2018 21:45;Strada Urbana;VIA PORTUENSE;in corrispondenza;;del civico n.;72;;Investimento di pedone;Rettilineo;Una carreggiata a doppio senso;Asciutto;Asfaltata;Verticale ed orizzontale;Sereno;Normale;Buona;Sufficiente;1;0;0;0;12.4659;41.8715;-1;;;;Pedone;F;Rimandato;0;NON DECEDUTO;;
3810701;19;04/05/2018 18:40;Strada Urbana;VIA DEL PODERE FIUME;in prossimità;;del civico n.;2;;Tamponamento;Rettilineo;Una carreggiata a doppio senso;Bagnato (pioggia);Asfaltata;Assente;Nuvoloso;Normale;Buona;Ore Diurne;0;0;0;2;12.40329;41.92567;-1;1;Autovettura privata;In marcia / fermata / arresto;Conducente;M;Illeso;0;;Non accertato;Inesploso
3810701;19;04/05/2018 18:40;Strada Urbana;VIA DEL PODERE FIUME;in prossimità;;del civico n.;2;;Tamponamento;Rettilineo;Una carreggiata a doppio senso;Bagnato (pioggia);Asfaltata;Assente;Nuvoloso;Normale;Buona;Ore Diurne;0;0;0;2;12.40329;41.92567;-1;2;Autovettura privata;In marcia / fermata / arresto;Conducente;F;Illeso;0;;Non accertato;Inesploso
3810711;17;04/05/2018 16:15;Strada Urbana;VIA CIPRO;all'intersezione semaforizzata con;VIA MARCANTONIO BRAGADIN;VIA MARCANTONIO BRAGADIN;;;Scontro frontale/laterale SX fra veicoli in marcia;Intersezione semaforizzata;Una carreggiata a doppio senso;Asciutto;Asfaltata;Verticale ed orizzontale;Sereno;Intenso;Buona;Ore Diurne;1;0;0;1;12.4459;41.90633;0;1;Autovettura privata;In marcia / fermata / arresto;Conducente;F;Illeso;0;;;
3810711;17;04/05/2018 16:15;Strada Urbana;VIA CIPRO;all'intersezione semaforizzata con;VIA MARCANTONIO BRAGADIN;VIA MARCANTONIO BRAGADIN;;;Scontro frontale/laterale SX fra veicoli in marcia;Intersezione semaforizzata;Una carreggiata a doppio senso;Asciutto;Asfaltata;Verticale ed orizzontale;Sereno;Intenso;Buona;Ore Diurne;1;0;0;1;12.4459;41.90633;0;2;Motociclo a solo;In marcia / fermata / arresto;Conducente;M;Rimandato;0;NON DECEDUTO;;
3810715;4;04/05/2018 21:10;Strada Urbana;VIA CARLO LUDOVICO BRAGAGLIA;in corrispondenza;;del civico n.;84;;Tamponamento;Rettilineo;Una carreggiata a doppio senso;Asciutto;Asfaltata;Verticale ed orizzontale;Nuvoloso;Normale;Buona;Sufficiente;1;0;0;2;12.53633;41.96767;-1;;;;Pedone;M;Rimandato;0;NON DECEDUTO;;
3810715;4;04/05/2018 21:10;Strada Urbana;VIA CARLO LUDOVICO BRAGAGLIA;in corrispondenza;;del civico n.;84;;Tamponamento;Rettilineo;Una carreggiata a doppio senso;Asciutto;Asfaltata;Verticale ed orizzontale;Nuvoloso;Normale;Buona;Sufficiente;1;0;0;2;12.53633;41.96767;-1;1;Autovettura privata;In marcia / fermata / arresto;Conducente;M;Illeso;0;;;
3810715;4;04/05/2018 21:10;Strada Urbana;VIA CARLO LUDOVICO BRAGAGLIA;in corrispondenza;;del civico n.;84;;Tamponamento;Rettilineo;Una carreggiata a doppio senso;Asciutto;Asfaltata;Verticale ed orizzontale;Nuvoloso;Normale;Buona;Sufficiente;1;0;0;2;12.53633;41.96767;-1;2;Autovettura privata;In marcia / fermata / arresto;Conducente;M;Illeso;0;;;
3810720;4;05/05/2018 12:05;Strada Urbana;VIA MONTE CIRCEO;in prossimità;;del civico n.;10;;Investimento di pedone;Curva senza visuale libera;Una carreggiata a senso unico di marcia;Asciutto;Asfaltata;Verticale ed orizzontale;Nuvoloso;Scarso;Buona;Ore Diurne;1;0;0;1;12.53922;41.94302;-1;;;;Pedone;F;Rimandato;0;NON DECEDUTO;;
3810720;4;05/05/2018 12:05;Strada Urbana;VIA MONTE CIRCEO;in prossimità;;del civico n.;10;;Investimento di pedone;Curva senza visuale libera;Una carreggiata a senso unico di marcia;Asciutto;Asfaltata;Verticale ed orizzontale;Nuvoloso;Scarso;Buona;Ore Diurne;1;0;0;1;12.53922;41.94302;-1;1;Autovettura privata;In marcia / fermata / arresto;Conducente;M;Illeso;0;;;
3810721;19;04/05/2018 21:50;Strada Urbana;CORSO DI FRANCIA;in prossimità;;del civico n.;136;;Scontro laterale fra veicoli in marcia;Rettilineo;Due carreggiate;Asciutto;Asfaltata;Verticale ed orizzontale;Sereno;Normale;Buona;Sufficiente;0;0;0;4;12.47062;41.94223;-1;1;Autovettura privata;In marcia / fermata / arresto;Conducente;M;Illeso;0;;Non accertato;Inesploso
3810721;19;04/05/2018 21:50;Strada Urbana;CORSO DI FRANCIA;in prossimità;;del civico n.;136;;Scontro laterale fra veicoli in marcia;Rettilineo;Due carreggiate;Asciutto;Asfaltata;Verticale ed orizzontale;Sereno;Normale;Buona;Sufficiente;0;0;0;4;12.47062;41.94223;-1;1;Autovettura privata;In marcia / fermata / arresto;Passeggero;F;Illeso;0;;Non accertato;Inesploso
3810721;19;04/05/2018 21:50;Strada Urbana;CORSO DI FRANCIA;in prossimità;;del civico n.;136;;Scontro laterale fra veicoli in marcia;Rettilineo;Due carreggiate;Asciutto;Asfaltata;Verticale ed orizzontale;Sereno;Normale;Buona;Sufficiente;0;0;0;4;12.47062;41.94223;-1;1;Autovettura privata;In marcia / fermata / arresto;Passeggero;F;Illeso;0;;Non accertato;Inesploso
3810721;19;04/05/2018 21:50;Strada Urbana;CORSO DI FRANCIA;in prossimità;;del civico n.;136;;Scontro laterale fra veicoli in marcia;Rettilineo;Due carreggiate;Asciutto;Asfaltata;Verticale ed orizzontale;Sereno;Normale;Buona;Sufficiente;0;0;0;4;12.47062;41.94223;-1;2;Autovettura privata;In marcia / fermata / arresto;Conducente;F;Illeso;0;;Non accertato;Inesploso
3810743;19;06/05/2018 17:45;Strada Urbana;VIA TRIONFALE;da specificare;;;;intersezione Via A. GABELLI;Tamponamento;Rettilineo;Una carreggiata a doppio senso;Asciutto;Asfaltata;Verticale ed orizzontale;Sereno;Normale;Buona;Ore Diurne;0;0;0;2;12.41855;41.94431;-1;1;Autovettura privata;In marcia / fermata / arresto;Conducente;M;Illeso;0;;Non accertato;Inesploso
3810743;19;06/05/2018 17:45;Strada Urbana;VIA TRIONFALE;da specificare;;;;intersezione Via A. GABELLI;Tamponamento;Rettilineo;Una carreggiata a doppio senso;Asciutto;Asfaltata;Verticale ed orizzontale;Sereno;Normale;Buona;Ore Diurne;0;0;0;2;12.41855;41.94431;-1;2;Autovettura privata;In marcia / fermata / arresto;Conducente;M;Illeso;0;;Non accertato;Inesploso