Protocollo;Gruppo;DataOraIncidente;Localizzazione1;STRADA1;Localizzazione2;STRADA2;Strada02;Chilometrica;DaSpecificare;NaturaIncidente;particolaritastrade;TipoStrada;FondoStradale;Pavimentazione;Segnaletica;CondizioneAtmosferica;Traffico;Visibilita;Illuminazione;NUM_FERITI;NUM_RISERVATA;NUM_MORTI;NUM_ILLESI;Longitudine;Latitudine;Confermato;Progressivo;TipoVeicolo;StatoVeicolo;TipoPersona;Sesso;Tipolesione;Deceduto;DecedutoDopo;CinturaCascoUtilizzato;Airbag
3812183;15;07/05/2018 19:50;Strada Urbana;VIA DELLA MAGLIANA;all'intersezione con;VIA UGO GUIDO MONDOLFO;VIA UGO GUIDO MONDOLFO;;;Scontro frontale/laterale DX fra veicoli in marcia;Incrocio;Una carreggiata a doppio senso;Bagnato (umidità in atto);Asfaltata;Verticale ed orizzontale;Nuvoloso;Normale;Sufficiente;Ore Diurne;0;0;0;3;12.41962;41.83172;-1;1;Autovettura privata;In marcia / fermata / arresto;Conducente;M;Illeso;0;;Utilizzato;
3812183;15;07/05/2018 19:50;Strada Urbana;VIA DELLA MAGLIANA;all'intersezione con;VIA UGO GUIDO MONDOLFO;VIA UGO GUIDO MONDOLFO;;;Scontro frontale/laterale DX fra veicoli in marcia;Incrocio;Una carreggiata a doppio senso;Bagnato (umidità in atto);Asfaltata;Verticale ed orizzontale;Nuvoloso;Normale;Sufficiente;Ore Diurne;0;0;0;3;12.41962;41.83172;-1;1;Autovettura privata;In marcia / fermata / arresto;Passeggero;M;Illeso;0;;Utilizzato;
3812183;15;07/05/2018 19:50;Strada Urbana;VIA DELLA MAGLIANA;all'intersezione con;VIA UGO GUIDO MONDOLFO;VIA UGO GUIDO MONDOLFO;;;Scontro frontale/laterale DX fra veicoli in marcia;Incrocio;Una carreggiata a doppio senso;Bagnato (umidità in atto);Asfaltata;Verticale ed orizzontale;Nuvoloso;Normale;Sufficiente;Ore Diurne;0;0;0;3;12.41962;41.83172;-1;2;Autovettura privata;In marcia / fermata / arresto;Conducente;M;Illeso;0;;Utilizzato;
3812188;5;07/05/2018 15:10;Strada Urbana;VIA DELLE CASE ROSSE;in prossimità;;del civico n.;53;;Scontro frontale/laterale DX fra veicoli in marcia;Rettilineo;Una carreggiata a doppio senso;Asciutto;Asfaltata;Verticale ed orizzontale;Nuvoloso;Normale;Sufficiente;Ore Diurne;1;0;0;2;12.63604;41.92701;-1;1;Autovettura privata;In marcia / fermata / arresto;Conducente;M;Rimandato;0;NON DECEDUTO;Non accertato;Inesploso
3812188;5;07/05/2018 15:10;Strada Urbana;VIA DELLE CASE ROSSE;in prossimità;;del civico n.;53;;Scontro frontale/laterale DX fra veicoli in marcia;Rettilineo;Una carreggiata a doppio senso;Asciutto;Asfaltata;Verticale ed orizzontale;Nuvoloso;Normale;Sufficiente;Ore Diurne;1;0;0;2;12.63604;41.92701;-1;2;Autovettura privata;In marcia / fermata / arresto;Conducente;M;Illeso;0;;Non accertato;Inesploso
3812188;5;07/05/2018 15:10;Strada Urbana;VIA DELLE CASE ROSSE;in prossimità;;del civico n.;53;;Scontro frontale/laterale DX fra veicoli in marcia;Rettilineo;Una carreggiata a doppio senso;Asciutto;Asfaltata;Verticale ed orizzontale;Nuvoloso;Normale;Sufficiente;Ore Diurne;1;0;0;2;12.63604;41.92701;-1;2;Autovettura privata;In marcia / fermata / arresto;Passeggero;M;Illeso;0;;Non accertato;Inesploso
3812190;12;07/05/2018 13:30;Strada Urbana;VIA CRISTOFORO COLOMBO;all'intersezione con;VIALE OCEANIA;VIALE OCEANIA;;;Scontro frontale/laterale DX fra veicoli in marcia;Incrocio;Una carreggiata a senso unico di marcia;Asciutto;Asfaltata;Verticale ed orizzontale;Nuvoloso;Normale;Buona;Ore Diurne;1;0;0;1;12.45633;41.81562;-1;1;Autovettura pubblica;In marcia / fermata / arresto;Conducente;M;Illeso;0;;Utilizzato;Inesploso
3812190;12;07/05/2018 13:30;Strada Urbana;VIA CRISTOFORO COLOMBO;all'intersezione con;VIALE OCEANIA;VIALE OCEANIA;;;Scontro frontale/laterale DX fra veicoli in marcia;Incrocio;Una carreggiata a senso unico di marcia;Asciutto;Asfaltata;Verticale ed orizzontale;Nuvoloso;Normale;Buona;Ore Diurne;1;0;0;1;12.45633;41.81562;-1;2;Motociclo a solo;In marcia / fermata / arresto;Conducente;M;Rimandato;0;NON DECEDUTO;;
3812195;19;07/05/2018 16:30;Strada Urbana;VIA APPIANO;da specificare;;;;Fronte civ. 2;Investimento di pedone;Rettilineo;Una carreggiata a doppio senso;Bagnato (pioggia);Asfaltata;Verticale ed orizzontale;Pioggia in atto;Normale;Buona;Ore Diurne;1;0;0;2;12.43897;41.91352;-1;;;;Pedone;F;Rimandato;0;NON DECEDUTO;;
3812195;19;07/05/2018 16:30;Strada Urbana;VIA APPIANO;da specificare;;;;Fronte civ. 2;Investimento di pedone;Rettilineo;Una carreggiata a doppio senso;Bagnato (pioggia);Asfaltata;Verticale ed orizzontale;Pioggia in atto;Normale;Buona;Ore Diurne;1;0;0;2;12.43897;41.91352;-1;1;Autovettura privata;In marcia / fermata / arresto;Conducente;M;Illeso;0;;Non accertato;
3812195;19;07/05/2018 16:30;Strada Urbana;VIA APPIANO;da specificare;;;;Fronte civ. 2;Investimento di pedone;Rettilineo;Una carreggiata a doppio senso;Bagnato (pioggia);Asfaltata;Verticale ed orizzontale;Pioggia in atto;Normale;Buona;Ore Diurne;1;0;0;2;12.43897;41.91352;-1;1;Autovettura privata;In marcia / fermata / arresto;Passeggero;M;Illeso;0;;Non accertato;
3812196;5;07/05/2018 15:25;Strada Urbana;VIA TIBURTINA;in prossimità;;del civico n.;1161;;Scontro frontale/laterale DX fra veicoli in marcia;Rettilineo;Due carreggiate;Asciutto;Asfaltata;Verticale ed orizzontale;Nuvoloso;Intenso;Buona;Ore Diurne;0;0;0;2;12.5982;41.93301;-1;1;Autobus di linea;In marcia / fermata / arresto;Conducente;M;Illeso;0;;Non accertato;Inesploso
3812196;5;07/05/2018 15:25;Strada Urbana;VIA TIBURTINA;in prossimità;;del civico n.;1161;;Scontro frontale/laterale DX fra veicoli in marcia;Rettilineo;Due carreggiate;Asciutto;Asfaltata;Verticale ed orizzontale;Nuvoloso;Intenso;Buona;Ore Diurne;0;0;0;2;12.5982;41.93301;-1;2;Autovettura privata;In marcia / fermata / arresto;Conducente;M;Illeso;0;;;
3812203;1;04/05/2018 16:00;Strada Urbana;PIAZZA DELLA ROVERE;all'intersezione con;VIA DI PORTA S. SPIRITO;VIA DI PORTA S. SPIRITO;;;Infortunio per sola frenata improvvisa;Incrocio;Una carreggiata a senso unico di marcia;Bagnato (pioggia);Asfaltata;Verticale ed orizzontale;Nuvoloso;Normale;Sufficiente;Ore Diurne;1;0;0;1;12.46206;41.89976;-1;1;Ciclomotore;In marcia / fermata / arresto;Conducente;F;Rimandato;0;NON DECEDUTO;Non accertato;
3812203;1;04/05/2018 16:00;Strada Urbana;PIAZZA DELLA ROVERE;all'intersezione con;VIA DI PORTA S. SPIRITO;VIA DI PORTA S. SPIRITO;;;Infortunio per sola frenata improvvisa;Incrocio;Una carreggiata a senso unico di marcia;Bagnato (pioggia);Asfaltata;Verticale ed orizzontale;Nuvoloso;Normale;Sufficiente;Ore Diurne;1;0;0;1;12.46206;41.89976;-1;2;Autovettura privata;In marcia / fermata / arresto;Conducente;F;Illeso;0;;;
3812217;16;08/05/2018 01:40;Strada Urbana;VIA AGOSTINO CHIGI;da specificare;;;;in prossimità  via G. Q. Giglioli;Veicolo in marcia contro ostacolo fisso;Rettilineo;Due carreggiate;Bagnato (umidità in atto);Asfaltata;Verticale ed orizzontale;Nuvoloso;Scarso;Buona;Sufficiente;2;1;1;2;12.31418;41.76354;0;1;Autovettura privata;In marcia / fermata / arresto;Conducente;M;Rimandato;0;NON DECEDUTO;Non accertato;
3812217;16;08/05/2018 01:40;Strada Urbana;VIA AGOSTINO CHIGI;da specificare;;;;in prossimità  via G. Q. Giglioli;Veicolo in marcia contro ostacolo fisso;Rettilineo;Due carreggiate;Bagnato (umidità in atto);Asfaltata;Verticale ed orizzontale;Nuvoloso;Scarso;Buona;Sufficiente;2;1;1;2;12.31418;41.76354;0;1;Autovettura privata;In marcia / fermata / arresto;Passeggero;M;Prognosi riservata;0;NON DECEDUTO;;
3812217;16;08/05/2018 01:40;Strada Urbana;VIA AGOSTINO CHIGI;da specificare;;;;in prossimità  via G. Q. Giglioli;Veicolo in marcia contro ostacolo fisso;Rettilineo;Due carreggiate;Bagnato (umidità in atto);Asfaltata;Verticale ed orizzontale;Nuvoloso;Scarso;Buona;Sufficiente;2;1;1;2;12.31418;41.76354;0;1;Autovettura privata;In marcia / fermata / arresto;Passeggero;M;Deceduto sul posto;-1;;;
3812217;16;08/05/2018 01:40;Strada Urbana;VIA AGOSTINO CHIGI;da specificare;;;;in prossimità  via G. Q. Giglioli;Veicolo in marcia contro ostacolo fisso;Rettilineo;Due carreggiate;Bagnato (umidità in atto);Asfaltata;Verticale ed orizzontale;Nuvoloso;Scarso;Buona;Sufficiente;2;1;1;2;12.31418;41.76354;0;1;Autovettura privata;In marcia / fermata / arresto;Passeggero;F;Ricoverato;0;NON DECEDUTO;;
3812217;16;08/05/2018 01:40;Strada Urbana;VIA AGOSTINO CHIGI;da specificare;;;;in prossimità  via G. Q. Giglioli;Veicolo in marcia contro ostacolo fisso;Rettilineo;Due carreggiate;Bagnato (umidità in atto);Asfaltata;Verticale ed orizzontale;Nuvoloso;Scarso;Buona;Sufficiente;2;1;1;2;12.31418;41.76354;0;2;Autovettura privata;In marcia / fermata / arresto;Conducente;M;Illeso;0;;;
3812217;16;08/05/2018 01:40;Strada Urbana;VIA AGOSTINO CHIGI;da specificare;;;;in prossimità  via G. Q. Giglioli;Veicolo in marcia contro ostacolo fisso;Rettilineo;Due carreggiate;Bagnato (umidità in atto);Asfaltata;Verticale ed orizzontale;Nuvoloso;Scarso;Buona;Sufficiente;2;1;1;2;12.31418;41.76354;0;2;Autovettura privata;In marcia / fermata / arresto;Passeggero;M;Illeso;0;;;
3812223;11;07/05/2018 11:15;Strada Urbana;VIALE DEL TINTORETTO;in corrispondenza;;del civico n.;326;;Scontro laterale fra veicoli in marcia;Rettilineo;Due carreggiate;Asciutto;Asfaltata;Orizzontale;Nuvoloso;Normale;Buona;Ore Diurne;1;0;0;1;12.49228;41.83339;-1;1;Motociclo a solo;In marcia / fermata / arresto;Conducente;F;Rimandato;0;NON DECEDUTO;;
3812223;11;07/05/2018 11:15;Strada Urbana;VIALE DEL TINTORETTO;in corrispondenza;;del civico n.;326;;Scontro laterale fra veicoli in marcia;Rettilineo;Due carreggiate;Asciutto;Asfaltata;Orizzontale;Nuvoloso;Normale;Buona;Ore Diurne;1;0;0;1;12.49228;41.83339;-1;2;Autovettura privata;In marcia / fermata / arresto;Conducente;F;Illeso;0;;;
3812231;20;07/05/2018 07:25;Statale entro l'abitato;VIA CASSIA;in corrispondenza;;del civico n.;877;;Scontro frontale/laterale DX fra veicoli in marcia;Rettilineo;Una carreggiata a doppio senso;Asciutto;Asfaltata;Orizzontale;Nuvoloso;Intenso;Buona;Ore Diurne;1;0;0;1;12.43619;41.96982;-1;1;Autovettura privata;In marcia / fermata / arresto;Conducente;F;Illeso;0;;;
3812231;20;07/05/2018 07:25;Statale entro l'abitato;VIA CASSIA;in corrispondenza;;del civico n.;877;;Scontro frontale/laterale DX fra veicoli in marcia;Rettilineo;Una carreggiata a doppio senso;Asciutto;Asfaltata;Orizzontale;Nuvoloso;Intenso;Buona;Ore Diurne;1;0;0;1;12.43619;41.96982;-1;2;Motociclo a solo;In marcia / fermata / arresto;Conducente;M;Ricoverato;0;NON DECEDUTO;;
3812242;5;07/05/2018 19:40;Strada Urbana;VIA DI MARCO SIMONE;da specificare;;;;pross. rotatoria via Casal Bianco (dir. Tiburtina);Veicolo in marcia contro ostacolo accidentale;Rettilineo;Una carreggiata a doppio senso;Bagnato (pioggia);Con buche;Orizzontale;Pioggia in atto;Normale;Sufficiente;Sufficiente;0;0;0;2;12.64569;41.94735;-1;1;Autovettura privata;In marcia / fermata / arresto;Conducente;F;Illeso;0;;Non accertato;
3812242;5;07/05/2018 19:40;Strada Urbana;VIA DI MARCO SIMONE;da specificare;;;;pross. rotatoria via Casal Bianco (dir. Tiburtina);Veicolo in marcia contro ostacolo accidentale;Rettilineo;Una carreggiata a doppio senso;Bagnato (pioggia);Con buche;Orizzontale;Pioggia in atto;Normale;Sufficiente;Sufficiente;0;0;0;2;12.64569;41.94735;-1;1;Autovettura privata;In marcia / fermata / arresto;Passeggero;M;Illeso;0;;Non accertato;
3812243;20;07/05/2018 07:50;Strada Urbana;VIA CASSIA;in prossimità;;del civico n.;1279;;Scontro frontale fra veicoli in marcia;Curva senza visuale libera;Una carreggiata a doppio senso;Asciutto;Asfaltata;Verticale ed orizzontale;Sereno;Normale;Sufficiente;Ore Diurne;2;0;0;1;12.40911;41.9835;-1;1;Ciclomotore con passeggero;In marcia / fermata / arresto;Conducente;F;Rimandato;0;NON DECEDUTO;Non accertato;
3812243;20;07/05/2018 07:50;Strada Urbana;VIA CASSIA;in prossimità;;del civico n.;1279;;Scontro frontale fra veicoli in marcia;Curva senza visuale libera;Una carreggiata a doppio senso;Asciutto;Asfaltata;Verticale ed orizzontale;Sereno;Normale;Sufficiente;Ore Diurne;2;0;0;1;12.40911;41.9835;-1;1;Ciclomotore con passeggero;In marcia / fermata / arresto;Passeggero;F;Rimandato;0;NON DECEDUTO;Non accertato;
3812243;20;07/05/2018 07:50;Strada Urbana;VIA CASSIA;in prossimità;;del civico n.;1279;;Scontro frontale fra veicoli in marcia;Curva senza visuale libera;Una carreggiata a doppio senso;Asciutto;Asfaltata;Verticale ed orizzontale;Sereno;Normale;Sufficiente;Ore Diurne;2;0;0;1;12.40911;41.9835;-1;2;Autovettura privata;In marcia / fermata / arresto;Conducente;F;Illeso;0;;;
3812247;19;07/05/2018 18:30;Strada Urbana;PIAZZALE DELLE MEDAGLIE D'ORO;in corrispondenza;;del civico n.;10;;Tamponamento;Rettilineo;Una carreggiata a doppio senso;Bagnato (pioggia);Asfaltata;Verticale ed orizzontale;Nuvoloso;Normale;Buona;Ore Diurne;0;0;0;3;12.4475;41.92362;-1;1;Autovettura privata;In marcia / fermata / arresto;Conducente;M;Illeso;0;;Non accertato;
3812247;19;07/05/2018 18:30;Strada Urbana;PIAZZALE DELLE MEDAGLIE D'ORO;in corrispondenza;;del civico n.;10;;Tamponamento;Rettilineo;Una carreggiata a doppio senso;Bagnato (pioggia);Asfaltata;Verticale ed orizzontale;Nuvoloso;Normale;Buona;Ore Diurne;0;0;0;3;12.4475;41.92362;-1;2;Autovettura privata;In marcia / fermata / arresto;Conducente;F;Illeso;0;;Non accertato;Inesistente
3812247;19;07/05/2018 18:30;Strada Urbana;PIAZZALE DELLE MEDAGLIE D'ORO;in corrispondenza;;del civico n.;10;;Tamponamento;Rettilineo;Una carreggiata a doppio senso;Bagnato (pioggia);Asfaltata;Verticale ed orizzontale;Nuvoloso;Normale;Buona;Ore Diurne;0;0;0;3;12.4475;41.92362;-1;2;Autovettura privata;In marcia / fermata / arresto;Passeggero;M;Illeso;0;;Non accertato;
3812249;12;07/05/2018 18:00;Strada Urbana;VIA DI PRATICA;in prossimità;;della chilometrica;1.2;;Veicolo in marcia contro ostacolo fisso;Curva senza visuale libera;Una carreggiata a doppio senso;Bagnato (pioggia);Asfaltata;Verticale ed orizzontale;Pioggia in atto;Normale;Buona;Ore Diurne;1;0;0;0;12.45822;41.67368;-1;1;Autovettura privata;In marcia / fermata / arresto;Conducente;M;Rimandato;0;NON DECEDUTO;Non accertato;Esploso
3812257;8;06/05/2018 17:40;Strada Urbana;VIA DEL CORVIO;all'intersezione con;VIA DELLA FONTANA DEL FINOCCHIO;VIA DELLA FONTANA DEL FINOCCHIO;;;Scontro frontale/laterale DX fra veicoli in marcia;Incrocio;Una carreggiata a doppio senso;Asciutto;Asfaltata;Verticale;Sereno;Scarso;Sufficiente;Ore Diurne;1;0;0;3;12.68869;41.85497;0;1;Autovettura privata;In marcia / fermata / arresto;Conducente;M;Illeso;0;;Utilizzato;Inesploso
3812257;8;06/05/2018 17:40;Strada Urbana;VIA DEL CORVIO;all'intersezione con;VIA DELLA FONTANA DEL FINOCCHIO;VIA DELLA FONTANA DEL FINOCCHIO;;;Scontro frontale/laterale DX fra veicoli in marcia;Incrocio;Una carreggiata a doppio senso;Asciutto;Asfaltata;Verticale;Sereno;Scarso;Sufficiente;Ore Diurne;1;0;0;3;12.68869;41.85497;0;1;Autovettura privata;In marcia / fermata / arresto;Passeggero;F;Rimandato;0;NON DECEDUTO;Non accertato;Inesploso
3812257;8;06/05/2018 17:40;Strada Urbana;VIA DEL CORVIO;all'intersezione con;VIA DELLA FONTANA DEL FINOCCHIO;VIA DELLA FONTANA DEL FINOCCHIO;;;Scontro frontale/laterale DX fra veicoli in marcia;Incrocio;Una carreggiata a doppio senso;Asciutto;Asfaltata;Verticale;Sereno;Scarso;Sufficiente;Ore Diurne;1;0;0;3;12.68869;41.85497;0;2;Autovettura privata;In marcia / fermata / arresto;Conducente;F;Illeso;0;;Non accertato;Inesploso
3812257;8;06/05/2018 17:40;Strada Urbana;VIA DEL CORVIO;all'intersezione con;VIA DELLA FONTANA DEL FINOCCHIO;VIA DELLA FONTANA DEL FINOCCHIO;;;Scontro frontale/laterale DX fra veicoli in marcia;Incrocio;Una carreggiata a doppio senso;Asciutto;Asfaltata;Verticale;Sereno;Scarso;Sufficiente;Ore Diurne;1;0;0;3;12.68869;41.85497;0;2;Autovettura privata;In marcia / fermata / arresto;Passeggero;M;Illeso;0;;Non accertato;Inesploso
3812258;18;07/05/2018 22:00;Strada Urbana;VIA PIETRO MAFFI;in prossimità;;del civico n.;108;;Veicolo in marcia contro veicoli in sosta;Rettilineo;Una carreggiata a doppio senso;Bagnato (pioggia);Asfaltata;Verticale ed orizzontale;Pioggia in atto;Normale;Buona;Sufficiente;2;0;0;1;12.41978;41.92557;-1;1;Autovettura privata;In marcia / fermata / arresto;Conducente;M;Illeso;0;;;
3812258;18;07/05/2018 22:00;Strada Urbana;VIA PIETRO MAFFI;in prossimità;;del civico n.;108;;Veicolo in marcia contro veicoli in sosta;Rettilineo;Una carreggiata a doppio senso;Bagnato (pioggia);Asfaltata;Verticale ed orizzontale;Pioggia in atto;Normale;Buona;Sufficiente;2;0;0;1;12.41978;41.92557;-1;2;Motociclo a solo;In marcia / fermata / arresto;Conducente;M;Rimandato;0;NON DECEDUTO;;
3812258;18;07/05/2018 22:00;Strada Urbana;VIA PIETRO MAFFI;in prossimità;;del civico n.;108;;Veicolo in marcia contro veicoli in sosta;Rettilineo;Una carreggiata a doppio senso;Bagnato (pioggia);Asfaltata;Verticale ed orizzontale;Pioggia in atto;Normale;Buona;Sufficiente;2;0;0;1;12.41978;41.92557;-1;3;Autovettura privata;In marcia / fermata / arresto;Conducente;F;Rifiuta cure immediate;0;NON DECEDUTO;;
3812259;11;07/05/2018 15:20;Strada Urbana;VIALE GUGLIELMO MARCONI;in corrispondenza;;del civico n.;644;;Tamponamento;Rettilineo;Due carreggiate;Asciutto;Asfaltata;Verticale ed orizzontale;Nuvoloso;Normale;Buona;Ore Diurne;0;0;0;2;12.47343;41.85123;-1;1;Autovettura privata;In marcia / fermata / arresto;Conducente;F;Illeso;0;;;
3812259;11;07/05/2018 15:20;Strada Urbana;VIALE GUGLIELMO MARCONI;in corrispondenza;;del civico n.;644;;Tamponamento;Rettilineo;Due carreggiate;Asciutto;Asfaltata;Verticale ed orizzontale;Nuvoloso;Normale;Buona;Ore Diurne;0;0;0;2;12.47343;41.85123;-1;2;Autovettura privata;In marcia / fermata / arresto;Conducente;F;Illeso;0;;;
3812264;1;05/05/2018 19:10;Strada Urbana;VIA CAVOUR;in prossimità;;del civico n.;249;;Scontro frontale/laterale DX fra veicoli in marcia;Rettilineo;Una carreggiata a doppio senso;Bagnato (pioggia);Asfaltata;Verticale ed orizzontale;Pioggia in atto;Normale;Buona;Ore Diurne;1;0;0;1;12.49122;41.89425;-1;1;Autovettura pubblica;In marcia / fermata / arresto;Conducente;M;Illeso;0;;Non accertato;Inesploso
3812264;1;05/05/2018 19:10;Strada Urbana;VIA CAVOUR;in prossimità;;del civico n.;249;;Scontro frontale/laterale DX fra veicoli in marcia;Rettilineo;Una carreggiata a doppio senso;Bagnato (pioggia);Asfaltata;Verticale ed orizzontale;Pioggia in atto;Normale;Buona;Ore Diurne;1;0;0;1;12.49122;41.89425;-1;2;Motociclo a solo;In marcia / fermata / arresto;Conducente;F;Rimandato;0;NON DECEDUTO;Non accertato;
3812265;13;07/05/2018 08:15;;VIA DELLE BALENIERE;all'intersezione semaforizzata con;VIA ISOLE DEL CAPO VERDE;VIA ISOLE DEL CAPO VERDE;;;Tamponamento;;;;;;;;;;0;0;0;2;12.27948;41.73814;0;1;Autovettura privata;In marcia / fermata / arresto;Conducente;F;Illeso;0;;Non accertato;Inesploso
3812265;13;07/05/2018 08:15;;VIA DELLE BALENIERE;all'intersezione semaforizzata con;VIA ISOLE DEL CAPO VERDE;VIA ISOLE DEL CAPO VERDE;;;Tamponamento;;;;;;;;;;0;0;0;2;12.27948;41.73814;0;2;Autovettura privata;In marcia / fermata / arresto;Conducente;M;Illeso;0;;Non accertato;Inesploso
3812267;6;07/05/2018 16:00;Strada Urbana;VIA PRENESTINA;in corrispondenza;;del civico n.;76c;;Veicolo in marcia contro veicolo in sosta;Rettilineo;Più di due carreggiate;Asciutto;Asfaltata;Assente;Nuvoloso;Normale;Buona;Ore Diurne;0;0;0;1;12.52361;41.89097;-1;1;Autocarro inferiore 35 q.;Allontanatosi;Conducente;M;Illeso;0;;;
3812286;1;05/05/2018 20:30;Strada Urbana;LUNGOTEVERE DE' CENCI;all'intersezione semaforizzata con;PONTE GARIBALDI;PONTE GARIBALDI;;;Scontro laterale fra veicoli in marcia;Intersezione semaforizzata;Una carreggiata a senso unico di marcia;Asciutto;Asfaltata;Verticale ed orizzontale;Nuvoloso;Normale;Sufficiente;Sufficiente;0;0;0;3;12.47647;41.89194;-1;1;Autovettura privata;In marcia / fermata / arresto;Conducente;M;Illeso;0;;Non accertato;Inesploso
3812286;1;05/05/2018 20:30;Strada Urbana;LUNGOTEVERE DE' CENCI;all'intersezione semaforizzata con;PONTE GARIBALDI;PONTE GARIBALDI;;;Scontro laterale fra veicoli in marcia;Intersezione semaforizzata;Una carreggiata a senso unico di marcia;Asciutto;Asfaltata;Verticale ed orizzontale;Nuvoloso;Normale;Sufficiente;Sufficiente;0;0;0;3;12.47647;41.89194;-1;1;Autovettura privata;In marcia / fermata / arresto;Passeggero;M;Illeso;0;;Non accertato;Inesploso
3812286;1;05/05/2018 20:30;Strada Urbana;LUNGOTEVERE DE' CENCI;all'intersezione semaforizzata con;PONTE GARIBALDI;PONTE GARIBALDI;;;Scontro laterale fra veicoli in marcia;Intersezione semaforizzata;Una carreggiata a senso unico di marcia;Asciutto;Asfaltata;Verticale ed orizzontale;Nuvoloso;Normale;Sufficiente;Sufficiente;0;0;0;3;12.47647;41.89194;-1;2;Motociclo a solo;In marcia / fermata / arresto;Conducente;F;Illeso;0;;Non accertato;
3812290;20;07/05/2018 17:20;Strada Urbana;VIA DELLA STAZIONE DI CESANO;in corrispondenza;;del civico n.;336;;Investimento di pedone;Rotatoria;Una carreggiata a doppio senso;Bagnato (pioggia);Asfaltata;Orizzontale;Pioggia in atto;Scarso;Buona;Ore Diurne;1;0;0;2;12.32721;42.0621;-1;;;;Pedone;M;Rimandato;0;NON DECEDUTO;;
3812290;20;07/05/2018 17:20;Strada Urbana;VIA DELLA STAZIONE DI CESANO;in corrispondenza;;del civico n.;336;;Investimento di pedone;Rotatoria;Una carreggiata a doppio senso;Bagnato (pioggia);Asfaltata;Orizzontale;Pioggia in atto;Scarso;Buona;Ore Diurne;1;0;0;2;12.32721;42.0621;-1;1;Autovettura privata;In marcia / fermata / arresto;Conducente;M;Illeso;0;;Non accertato;Inesploso
3812290;20;07/05/2018 17:20;Strada Urbana;VIA DELLA STAZIONE DI CESANO;in corrispondenza;;del civico n.;336;;Investimento di pedone;Rotatoria;Una carreggiata a doppio senso;Bagnato (pioggia);Asfaltata;Orizzontale;Pioggia in atto;Scarso;Buona;Ore Diurne;1;0;0;2;12.32721;42.0621;-1;1;Autovettura privata;In marcia / fermata / arresto;Passeggero;F;Illeso;0;;Non accertato;Inesploso
3812296;18;07/05/2018 22:00;Strada Urbana;VIA DI BOCCEA;all'intersezione semaforizzata con;VIA CORNELIA;VIA CORNELIA;;;Scontro frontale/laterale SX fra veicoli in marcia;Intersezione semaforizzata;Una carreggiata a doppio senso;Bagnato (pioggia);Asfaltata;Verticale ed orizzontale;Pioggia in atto;Scarso;Sufficiente;Sufficiente;2;0;0;2;12.38466;41.91495;-1;1;Autovettura privata;In marcia / fermata / arresto;Conducente;M;Illeso;0;;;
3812296;18;07/05/2018 22:00;Strada Urbana;VIA DI BOCCEA;all'intersezione semaforizzata con;VIA CORNELIA;VIA CORNELIA;;;Scontro frontale/laterale SX fra veicoli in marcia;Intersezione semaforizzata;Una carreggiata a doppio senso;Bagnato (pioggia);Asfaltata;Verticale ed orizzontale;Pioggia in atto;Scarso;Sufficiente;Sufficiente;2;0;0;2;12.38466;41.91495;-1;1;Autovettura privata;In marcia / fermata / arresto;Passeggero;M;Illeso;0;;;
3812296;18;07/05/2018 22:00;Strada Urbana;VIA DI BOCCEA;all'intersezione semaforizzata con;VIA CORNELIA;VIA CORNELIA;;;Scontro frontale/laterale SX fra veicoli in marcia;Intersezione semaforizzata;Una carreggiata a doppio senso;Bagnato (pioggia);Asfaltata;Verticale ed orizzontale;Pioggia in atto;Scarso;Sufficiente;Sufficiente;2;0;0;2;12.38466;41.91495;-1;1;Autovettura privata;In marcia / fermata / arresto;Passeggero;F;Rimandato;0;NON DECEDUTO;;
3812296;18;07/05/2018 22:00;Strada Urbana;VIA DI BOCCEA;all'intersezione semaforizzata con;VIA CORNELIA;VIA CORNELIA;;;Scontro frontale/laterale SX fra veicoli in marcia;Intersezione semaforizzata;Una carreggiata a doppio senso;Bagnato (pioggia);Asfaltata;Verticale ed orizzontale;Pioggia in atto;Scarso;Sufficiente;Sufficiente;2;0;0;2;12.38466;41.91495;-1;2;Motociclo a solo;In marcia / fermata / arresto;Conducente;M;Rimandato;0;NON DECEDUTO;;
3812305;20;07/05/2018 15:00;Strada Urbana;VIA DI QUARTO PEPERINO;in corrispondenza;;del palo luce n.;68;;Veicolo in marcia contro ostacolo accidentale;Rettilineo;Una carreggiata a doppio senso;Asciutto;Asfaltata;Verticale ed orizzontale;Nuvoloso;Normale;Buona;Ore Diurne;0;0;0;2;12.48776;41.97941;-1;1;Autovettura privata;In marcia / fermata / arresto;Conducente;M;Illeso;0;;;
3812305;20;07/05/2018 15:00;Strada Urbana;VIA DI QUARTO PEPERINO;in corrispondenza;;del palo luce n.;68;;Veicolo in marcia contro ostacolo accidentale;Rettilineo;Una carreggiata a doppio senso;Asciutto;Asfaltata;Verticale ed orizzontale;Nuvoloso;Normale;Buona;Ore Diurne;0;0;0;2;12.48776;41.97941;-1;1;Autovettura privata;In marcia / fermata / arresto;Passeggero;F;Illeso;0;;;
3812314;13;07/05/2018 18:10;Strada Urbana;VIA DEI PESCATORI;all'intersezione con;VIA DI CASAL PALOCCO;VIA DI CASAL PALOCCO;;;Scontro frontale/laterale DX fra veicoli in marcia;Incrocio;Una carreggiata a doppio senso;Bagnato (pioggia);Asfaltata;Orizzontale;Pioggia in atto;Normale;Buona;Ore Diurne;0;0;0;4;12.33443;41.75221;-1;1;Autovettura privata;In marcia / fermata / arresto;Conducente;M;Illeso;0;;Non accertato;Inesploso