Protocollo;Gruppo;DataOraIncidente;Localizzazione1;STRADA1;Localizzazione2;STRADA2;Strada02;Chilometrica;DaSpecificare;NaturaIncidente;particolaritastrade;TipoStrada;FondoStradale;Pavimentazione;Segnaletica;CondizioneAtmosferica;Traffico;Visibilita;Illuminazione;NUM_FERITI;NUM_RISERVATA;NUM_MORTI;NUM_ILLESI;Longitudine;Latitudine;Confermato;Progressivo;TipoVeicolo;StatoVeicolo;TipoPersona;Sesso;Tipolesione;Deceduto;DecedutoDopo;CinturaCascoUtilizzato;Airbag
3817749;12;10/05/2018 14:40;Strada Urbana;VIA RINALDO D'AMI;in corrispondenza;;del civico n.;6;;Veicolo in marcia contro ostacolo accidentale;Rettilineo;Una carreggiata a doppio senso;Asciutto;Asfaltata;Verticale ed orizzontale;Sereno;Scarso;Buona;Ore Diurne;0;0;0;3;12.42813;41.80045;-1;1;Autovettura privata;In marcia / fermata / arresto;Passeggero;M;Illeso;0;;;
3817749;12;10/05/2018 14:40;Strada Urbana;VIA RINALDO D'AMI;in corrispondenza;;del civico n.;6;;Veicolo in marcia contro ostacolo accidentale;Rettilineo;Una carreggiata a doppio senso;Asciutto;Asfaltata;Verticale ed orizzontale;Sereno;Scarso;Buona;Ore Diurne;0;0;0;3;12.42813;41.80045;-1;1;Autovettura privata;In marcia / fermata / arresto;Passeggero;F;Illeso;0;;;
3817759;12;10/05/2018 17:25;Strada Urbana;VIALE DELLA PITTURA;in prossimità;;del civico n.;50;;Scontro laterale fra veicoli in marcia;Rettilineo;Una carreggiata a senso unico di marcia;Asciutto;Asfaltata;Orizzontale;Nuvoloso;Scarso;Buona;Ore Diurne;2;0;0;0;12.47594;41.83365;-1;1;Autovettura privata;In marcia / fermata / arresto;Conducente;F;Rimandato;0;NON DECEDUTO;Non accertato;Inesploso
3817759;12;10/05/2018 17:25;Strada Urbana;VIALE DELLA PITTURA;in prossimità;;del civico n.;50;;Scontro laterale fra veicoli in marcia;Rettilineo;Una carreggiata a senso unico di marcia;Asciutto;Asfaltata;Orizzontale;Nuvoloso;Scarso;Buona;Ore Diurne;2;0;0;0;12.47594;41.83365;-1;2;Autocarro inferiore 35 q.;In marcia / fermata / arresto;Conducente;M;Rimandato;0;NON DECEDUTO;Non accertato;Inesploso
3817773;13;10/05/2018 11:15;Strada Urbana;VIA DI ACILIA;all'intersezione con;VIA PRATINA;VIA PRATINA;;;Infortunio per sola frenata improvvisa;Incrocio;Una carreggiata a doppio senso;Asciutto;Strada pavimentata dissestata;Verticale ed orizzontale;Sereno;Normale;Buona;Ore Diurne;1;0;0;0;12.37143;41.77369;-1;1;Motociclo a solo;In marcia / fermata / arresto;Conducente;M;Rimandato;0;NON DECEDUTO;Non accertato;
3817781;13;10/05/2018 14:30;Strada Urbana;VIA DI ACILIA;da specificare;;;;pross. via Galimberti;Scontro frontale/laterale DX fra veicoli in marcia;Rettilineo;Una carreggiata a doppio senso;Asciutto;Asfaltata;Assente;Sereno;Normale;Buona;Ore Diurne;0;0;0;2;12.37143;41.77369;-1;1;Autovettura privata;In marcia / fermata / arresto;Conducente;M;Illeso;0;;Non accertato;Inesploso
3817781;13;10/05/2018 14:30;Strada Urbana;VIA DI ACILIA;da specificare;;;;pross. via Galimberti;Scontro frontale/laterale DX fra veicoli in marcia;Rettilineo;Una carreggiata a doppio senso;Asciutto;Asfaltata;Assente;Sereno;Normale;Buona;Ore Diurne;0;0;0;2;12.37143;41.77369;-1;2;Autovettura privata;In marcia / fermata / arresto;Conducente;M;Illeso;0;;Non accertato;Inesploso
3817783;13;10/05/2018 13:50;Strada Urbana;VIALE DI CASTEL PORZIANO;in corrispondenza;;del civico n.;558;;Scontro laterale fra veicoli in marcia;Rettilineo;Una carreggiata a doppio senso;Asciutto;Asfaltata;Assente;Sereno;Scarso;Buona;Ore Diurne;0;0;0;2;12.38341;41.74034;-1;1;Autovettura privata;In marcia / fermata / arresto;Conducente;F;Illeso;0;;;
3817783;13;10/05/2018 13:50;Strada Urbana;VIALE DI CASTEL PORZIANO;in corrispondenza;;del civico n.;558;;Scontro laterale fra veicoli in marcia;Rettilineo;Una carreggiata a doppio senso;Asciutto;Asfaltata;Assente;Sereno;Scarso;Buona;Ore Diurne;0;0;0;2;12.38341;41.74034;-1;2;Autovettura privata;In marcia / fermata / arresto;Conducente;M;Illeso;0;;;
3817788;13;10/05/2018 11:00;Strada Urbana;VIA FRANCESCO MENZIO;all'intersezione con;VIA EDOARDO GIOJA;VIA EDOARDO GIOJA;;;Scontro frontale/laterale DX fra veicoli in marcia;Incrocio;Una carreggiata a doppio senso;Asciutto;Asfaltata;Verticale;Nuvoloso;Normale;Buona;Ore Diurne;1;0;0;1;12.37442;41.77447;-1;1;Autovettura privata;In marcia / fermata / arresto;Conducente;F;Rimandato;0;NON DECEDUTO;Non accertato;Inesploso
3817788;13;10/05/2018 11:00;Strada Urbana;VIA FRANCESCO MENZIO;all'intersezione con;VIA EDOARDO GIOJA;VIA EDOARDO GIOJA;;;Scontro frontale/laterale DX fra veicoli in marcia;Incrocio;Una carreggiata a doppio senso;Asciutto;Asfaltata;Verticale;Nuvoloso;Normale;Buona;Ore Diurne;1;0;0;1;12.37442;41.77447;-1;2;Autovettura privata;In marcia / fermata / arresto;Conducente;M;Illeso;0;;Non accertato;Inesploso
3817789;11;10/05/2018 17:10;Strada Urbana;LUNGOTEVERE DI S. PAOLO;da specificare;;;;altezza palo ACEA n.38;Tamponamento;Rettilineo;Due carreggiate;Asciutto;Asfaltata;Verticale ed orizzontale;Sereno;Normale;Buona;Ore Diurne;0;0;0;2;12.47527;41.86028;-1;1;Autovettura privata;In marcia / fermata / arresto;Conducente;M;Illeso;0;;;
3817789;11;10/05/2018 17:10;Strada Urbana;LUNGOTEVERE DI S. PAOLO;da specificare;;;;altezza palo ACEA n.38;Tamponamento;Rettilineo;Due carreggiate;Asciutto;Asfaltata;Verticale ed orizzontale;Sereno;Normale;Buona;Ore Diurne;0;0;0;2;12.47527;41.86028;-1;2;Autovettura privata;In marcia / fermata / arresto;Conducente;F;Illeso;0;;;
3817791;8;10/05/2018 18:20;;VIA BOLOGNANO;all'intersezione con;VIA MASSA DI SAN GIULIANO;VIA MASSA DI SAN GIULIANO;;;Veicolo in marcia contro ostacolo fisso;;;;;;;;;;0;0;0;1;;;0;1;Autocarro inferiore 35 q.;In marcia / fermata / arresto;Conducente;M;Illeso;0;;Non accertato;Inesploso
3817792;11;10/05/2018 20:00;Strada Urbana;VIA ARDEATINA;da specificare;;;;fronte VICOLO SETTE CHIESE;Veicolo in marcia contro ostacolo accidentale;Curva a visuale libera;Una carreggiata a doppio senso;Asciutto;Asfaltata;Orizzontale;Sereno;Scarso;Buona;Sufficiente;0;0;0;1;12.51;41.85784;-1;1;Autovettura privata;In marcia / fermata / arresto;Conducente;M;Illeso;0;;Non accertato;
3817795;8;10/05/2018 09:30;Strada Urbana;VIA DI VERMICINO;all'intersezione con;VIA RIESI;VIA RIESI;;;Scontro laterale fra veicoli in marcia;Intersezione stradale segnalata;Una carreggiata a doppio senso;Asciutto;Asfaltata;Orizzontale;Sereno;Scarso;Buona;Ore Diurne;0;0;0;2;12.66142;41.84258;-1;1;Autovettura privata;In marcia / fermata / arresto;Conducente;M;Illeso;0;;Non accertato;Inesploso
3817795;8;10/05/2018 09:30;Strada Urbana;VIA DI VERMICINO;all'intersezione con;VIA RIESI;VIA RIESI;;;Scontro laterale fra veicoli in marcia;Intersezione stradale segnalata;Una carreggiata a doppio senso;Asciutto;Asfaltata;Orizzontale;Sereno;Scarso;Buona;Ore Diurne;0;0;0;2;12.66142;41.84258;-1;2;Autovettura privata;In marcia / fermata / arresto;Conducente;F;Illeso;0;;Non accertato;Inesploso
3817801;8;10/05/2018 13:40;Strada Urbana;VIA TERMINI IMERESE;all'intersezione semaforizzata con;VIA MINEO;VIA MINEO;;;Scontro frontale/laterale DX fra veicoli in marcia;Incrocio;Una carreggiata a doppio senso;Asciutto;Asfaltata;Assente;Nuvoloso;Scarso;Buona;Ore Diurne;2;0;0;0;12.65774;41.87174;-1;1;Autovettura privata;In marcia / fermata / arresto;Conducente;M;Rifiuta cure immediate;0;NON DECEDUTO;;
3817801;8;10/05/2018 13:40;Strada Urbana;VIA TERMINI IMERESE;all'intersezione semaforizzata con;VIA MINEO;VIA MINEO;;;Scontro frontale/laterale DX fra veicoli in marcia;Incrocio;Una carreggiata a doppio senso;Asciutto;Asfaltata;Assente;Nuvoloso;Scarso;Buona;Ore Diurne;2;0;0;0;12.65774;41.87174;-1;2;Autovettura privata;In marcia / fermata / arresto;Conducente;F;Ricoverato;0;NON DECEDUTO;Non accertato;Esploso
3817809;8;10/05/2018 17:50;Strada Urbana;VIA CARPINONE;all'intersezione con;VIA DELLE CERQUETE;VIA DELLE CERQUETE;;;Tamponamento;Intersezione stradale segnalata;Una carreggiata a doppio senso;Asciutto;Asfaltata;Verticale ed orizzontale;Nuvoloso;Scarso;Buona;Ore Diurne;0;0;0;2;12.67129;41.91692;-1;1;Motociclo con passeggero;In marcia / fermata / arresto;Conducente;M;Illeso;0;;Non accertato;
3817809;8;10/05/2018 17:50;Strada Urbana;VIA CARPINONE;all'intersezione con;VIA DELLE CERQUETE;VIA DELLE CERQUETE;;;Tamponamento;Intersezione stradale segnalata;Una carreggiata a doppio senso;Asciutto;Asfaltata;Verticale ed orizzontale;Nuvoloso;Scarso;Buona;Ore Diurne;0;0;0;2;12.67129;41.91692;-1;2;Autovettura privata;In marcia / fermata / arresto;Conducente;M;Illeso;0;;Non accertato;Inesploso
3817810;5;10/05/2018 12:10;Strada Urbana;VIALE EGIDIO GALBANI;da specificare;;;;altezza via Attilio Benigni;Tamponamento;Rettilineo;Due carreggiate;Asciutto;Asfaltata;Verticale ed orizzontale;Nuvoloso;Normale;Buona;Ore Diurne;0;0;0;4;12.56125;41.93101;-1;1;Autocarro inferiore 35 q.;In marcia / fermata / arresto;Conducente;M;Illeso;0;;Non accertato;Inesploso
3817810;5;10/05/2018 12:10;Strada Urbana;VIALE EGIDIO GALBANI;da specificare;;;;altezza via Attilio Benigni;Tamponamento;Rettilineo;Due carreggiate;Asciutto;Asfaltata;Verticale ed orizzontale;Nuvoloso;Normale;Buona;Ore Diurne;0;0;0;4;12.56125;41.93101;-1;1;Autocarro inferiore 35 q.;In marcia / fermata / arresto;Passeggero;M;Illeso;0;;Non accertato;Inesploso
3817810;5;10/05/2018 12:10;Strada Urbana;VIALE EGIDIO GALBANI;da specificare;;;;altezza via Attilio Benigni;Tamponamento;Rettilineo;Due carreggiate;Asciutto;Asfaltata;Verticale ed orizzontale;Nuvoloso;Normale;Buona;Ore Diurne;0;0;0;4;12.56125;41.93101;-1;2;Autovettura privata;In marcia / fermata / arresto;Conducente;F;Illeso;0;;Non accertato;Inesploso
3817810;5;10/05/2018 12:10;Strada Urbana;VIALE EGIDIO GALBANI;da specificare;;;;altezza via Attilio Benigni;Tamponamento;Rettilineo;Due carreggiate;Asciutto;Asfaltata;Verticale ed orizzontale;Nuvoloso;Normale;Buona;Ore Diurne;0;0;0;4;12.56125;41.93101;-1;2;Autovettura privata;In marcia / fermata / arresto;Passeggero;F;Illeso;0;;Non accertato;Inesploso
3817817;11;10/05/2018 07:35;Strada Urbana;VIA ARDEATINA;in prossimità;;del palo luce n.;305;;Scontro laterale fra veicoli in marcia;Rotatoria;Due carreggiate;Asciutto;Asfaltata;Verticale ed orizzontale;Sereno;Intenso;Buona;Ore Diurne;0;0;0;3;12.5286;41.81007;-1;1;Autovettura privata;In marcia / fermata / arresto;Conducente;F;Illeso;0;;;
3817817;11;10/05/2018 07:35;Strada Urbana;VIA ARDEATINA;in prossimità;;del palo luce n.;305;;Scontro laterale fra veicoli in marcia;Rotatoria;Due carreggiate;Asciutto;Asfaltata;Verticale ed orizzontale;Sereno;Intenso;Buona;Ore Diurne;0;0;0;3;12.5286;41.81007;-1;1;Autovettura privata;In marcia / fermata / arresto;Passeggero;M;Illeso;0;;;
3817817;11;10/05/2018 07:35;Strada Urbana;VIA ARDEATINA;in prossimità;;del palo luce n.;305;;Scontro laterale fra veicoli in marcia;Rotatoria;Due carreggiate;Asciutto;Asfaltata;Verticale ed orizzontale;Sereno;Intenso;Buona;Ore Diurne;0;0;0;3;12.5286;41.81007;-1;2;Autovettura privata;In marcia / fermata / arresto;Conducente;M;Illeso;0;;;
3817825;8;10/05/2018 13:05;Strada Urbana;VIA GROTTAMINARDA;in prossimità;;del civico n.;25;;Veicolo in marcia contro veicoli in sosta;Rettilineo;Una carreggiata a senso unico di marcia;Asciutto;Asfaltata;Verticale;Sereno;Normale;Sufficiente;Ore Diurne;0;0;0;3;12.63122;41.89188;-1;1;Autocarro inferiore 35 q.;In marcia / fermata / arresto;Conducente;M;Illeso;0;;Non accertato;Inesploso
3817825;8;10/05/2018 13:05;Strada Urbana;VIA GROTTAMINARDA;in prossimità;;del civico n.;25;;Veicolo in marcia contro veicoli in sosta;Rettilineo;Una carreggiata a senso unico di marcia;Asciutto;Asfaltata;Verticale;Sereno;Normale;Sufficiente;Ore Diurne;0;0;0;3;12.63122;41.89188;-1;2;Autovettura privata;In marcia / fermata / arresto;Conducente;M;Illeso;0;;Non accertato;Inesploso
3817825;8;10/05/2018 13:05;Strada Urbana;VIA GROTTAMINARDA;in prossimità;;del civico n.;25;;Veicolo in marcia contro veicoli in sosta;Rettilineo;Una carreggiata a senso unico di marcia;Asciutto;Asfaltata;Verticale;Sereno;Normale;Sufficiente;Ore Diurne;0;0;0;3;12.63122;41.89188;-1;2;Autovettura privata;In marcia / fermata / arresto;Passeggero;F;Illeso;0;;Non accertato;Inesploso
3817826;9;10/05/2018 23:20;Strada Urbana;VIA NOLA;all'intersezione con;VIA LA SPEZIA;VIA LA SPEZIA;;;Scontro frontale/laterale SX fra veicoli in marcia;Incrocio;Due carreggiate;Asciutto;Asfaltata;Verticale ed orizzontale;Nuvoloso;Scarso;Buona;Sufficiente;0;0;0;4;12.51486;41.88733;-1;1;Autovettura privata;In marcia / fermata / arresto;Conducente;F;Illeso;0;;Non accertato;Inesploso
3817826;9;10/05/2018 23:20;Strada Urbana;VIA NOLA;all'intersezione con;VIA LA SPEZIA;VIA LA SPEZIA;;;Scontro frontale/laterale SX fra veicoli in marcia;Incrocio;Due carreggiate;Asciutto;Asfaltata;Verticale ed orizzontale;Nuvoloso;Scarso;Buona;Sufficiente;0;0;0;4;12.51486;41.88733;-1;1;Autovettura privata;In marcia / fermata / arresto;Passeggero;F;Illeso;0;;Non accertato;Inesploso
3817826;9;10/05/2018 23:20;Strada Urbana;VIA NOLA;all'intersezione con;VIA LA SPEZIA;VIA LA SPEZIA;;;Scontro frontale/laterale SX fra veicoli in marcia;Incrocio;Due carreggiate;Asciutto;Asfaltata;Verticale ed orizzontale;Nuvoloso;Scarso;Buona;Sufficiente;0;0;0;4;12.51486;41.88733;-1;1;Autovettura privata;In marcia / fermata / arresto;Passeggero;F;Illeso;0;;Non accertato;Inesploso
3817826;9;10/05/2018 23:20;Strada Urbana;VIA NOLA;all'intersezione con;VIA LA SPEZIA;VIA LA SPEZIA;;;Scontro frontale/laterale SX fra veicoli in marcia;Incrocio;Due carreggiate;Asciutto;Asfaltata;Verticale ed orizzontale;Nuvoloso;Scarso;Buona;Sufficiente;0;0;0;4;12.51486;41.88733;-1;2;Autovettura pubblica;In marcia / fermata / arresto;Conducente;M;Illeso;0;;Non accertato;Inesploso
3817830;8;10/05/2018 19:35;;VIA DI TOR VERGATA;all'intersezione con;VIA GIOVANNI BATTISTA PININFARINA;VIA GIOVANNI BATTISTA PININFARINA;;;Investimento di pedone;;;;;;;;;;1;0;0;1;;;0;;;;Pedone;M;Rimandato;0;NON DECEDUTO;;
3817830;8;10/05/2018 19:35;;VIA DI TOR VERGATA;all'intersezione con;VIA GIOVANNI BATTISTA PININFARINA;VIA GIOVANNI BATTISTA PININFARINA;;;Investimento di pedone;;;;;;;;;;1;0;0;1;;;0;1;Autovettura privata;In marcia / fermata / arresto;Conducente;F;Illeso;0;;Non accertato;Inesploso
3817831;8;10/05/2018 15:20;Strada Urbana;VIA OSVALDO LICINI;all'intersezione con;VIA LUCIO FONTANA;VIA LUCIO FONTANA;;;Veicolo in marcia contro ostacolo accidentale;Incrocio;Una carreggiata a senso unico alternato;Bagnato (umidità in atto);Strada pavimentata dissestata;Assente;Nuvoloso;Normale;Buona;Ore Diurne;0;0;0;2;12.61767;41.9088;-1;1;Autovettura privata;In marcia / fermata / arresto;Conducente;M;Illeso;0;;Non accertato;Inesploso
3817831;8;10/05/2018 15:20;Strada Urbana;VIA OSVALDO LICINI;all'intersezione con;VIA LUCIO FONTANA;VIA LUCIO FONTANA;;;Veicolo in marcia contro ostacolo accidentale;Incrocio;Una carreggiata a senso unico alternato;Bagnato (umidità in atto);Strada pavimentata dissestata;Assente;Nuvoloso;Normale;Buona;Ore Diurne;0;0;0;2;12.61767;41.9088;-1;1;Autovettura privata;In marcia / fermata / arresto;Passeggero;F;Illeso;0;;Non accertato;Inesploso
3817836;8;10/05/2018 17:45;Strada Urbana;VIA LAERTE;da specificare;;;;fronte civico 80;Veicolo in marcia contro ostacolo accidentale;Rettilineo;Una carreggiata a doppio senso;Bagnato (pioggia);Asfaltata;Verticale;Pioggia in atto;Scarso;Buona;Ore Diurne;0;0;0;1;12.61558;41.86956;-1;1;Autovettura privata;In marcia / fermata / arresto;Conducente;M;Illeso;0;;Non accertato;Inesploso
3817847;8;10/05/2018 13:30;Provinciale entro l'abitato;VIA PRENESTINA;in corrispondenza;;del civico n.;1156;;Veicolo in marcia contro ostacolo accidentale;Rettilineo;Una carreggiata a doppio senso;Asciutto;Asfaltata;Verticale ed orizzontale;Sereno;Normale;Buona;Ore Diurne;0;0;0;1;12.62095;41.8929;-1;1;Autovettura privata;In marcia / fermata / arresto;Conducente;M;Illeso;0;;Non accertato;Inesploso
3817855;8;11/05/2018 04:40;Strada Urbana;VIA DI TOR BELLA MONACA;da specificare;;;;dir CASILINA 500 mt. dopo usc. G.R.A. carreg. est.;Veicolo in marcia contro ostacolo accidentale;Rettilineo;Due carreggiate;Asciutto;Con buche;Orizzontale;Sereno;Scarso;Sufficiente;Sufficiente;0;0;0;1;12.62375;41.87848;-1;1;Autovettura privata;In marcia / fermata / arresto;Conducente;M;Illeso;0;;Non accertato;Inesploso
3817858;10;10/05/2018 17:00;Strada Urbana;VIA TUSCOLANA;in corrispondenza;;del civico n.;891/a;;Veicolo in marcia contro veicolo in sosta;Rettilineo;Due carreggiate;Asciutto;Asfaltata;Verticale ed orizzontale;Sereno;Normale;Sufficiente;Ore Diurne;0;0;0;1;12.56209;41.85718;-1;1;Autovettura privata;In marcia / fermata / arresto;Conducente;F;Illeso;0;;Non accertato;Inesploso
3817859;8;10/05/2018 14:45;Strada Urbana;VIA AVOLA;in prossimità;;del civico n.;25;;Veicolo in marcia contro ostacolo accidentale;Rettilineo;Una carreggiata a doppio senso;Bagnato (pioggia);Asfaltata;Assente;Pioggia in atto;Normale;Buona;Ore Diurne;0;0;0;1;12.65803;41.89153;-1;1;Autovettura privata;In marcia / fermata / arresto;Conducente;F;Illeso;0;;;
3817866;8;10/05/2018 07:00;Strada Urbana;VIA MONSIGNOR PIETRO ORSI;all'intersezione con;LARGO MONSIGNOR RAFFAELE DIMICCOLI;LARGO MONSIGNOR RAFFAELE DIMICCOLI;;;Veicolo in marcia contro ostacolo accidentale;Incrocio;Una carreggiata a doppio senso;Asciutto;Asfaltata;Verticale ed orizzontale;Nuvoloso;Scarso;Buona;Ore Diurne;0;0;0;1;12.67053;41.90558;-1;1;Motociclo a solo;In marcia / fermata / arresto;Conducente;M;Illeso;0;;;
3817869;8;10/05/2018 15:00;Strada Urbana;VIA DI LUNGHEZZINA;da specificare;;;;altezza cavalcavia A 24;Veicolo in marcia contro ostacolo accidentale;Rettilineo;Una carreggiata a doppio senso;Asciutto;Asfaltata;Orizzontale;Nuvoloso;Normale;Buona;Ore Diurne;0;0;0;1;12.70704;41.92963;-1;1;Autovettura privata;In marcia / fermata / arresto;Conducente;M;Illeso;0;;Non accertato;Inesploso
3817871;8;10/05/2018 10:00;Strada Urbana;VIA DI TOR BELLA MONACA;all'intersezione con;VIALE DUILIO CAMBELLOTTI;VIALE DUILIO CAMBELLOTTI;;;Veicolo in marcia contro ostacolo accidentale;Incrocio;Due carreggiate;Asciutto;Asfaltata;Verticale ed orizzontale;Nuvoloso;Normale;Buona;Ore Diurne;0;0;0;1;12.62375;41.87848;-1;1;Autovettura privata;In marcia / fermata / arresto;Conducente;F;Illeso;0;;Non accertato;Inesploso
3817873;10;10/05/2018 19:00;Strada Urbana;VIA STEFANO OBERTO;in corrispondenza;;del civico n.;57;;Veicolo in marcia contro ostacolo accidentale;Rettilineo;Una carreggiata a doppio senso;Asciutto;Asfaltata;Verticale ed orizzontale;Nuvoloso;Normale;Sufficiente;Sufficiente;0;0;0;1;12.58685;41.84947;-1;1;Autovettura privata;In marcia / fermata / arresto;Conducente;M;Illeso;0;;Non accertato;Inesploso
3817874;17;10/05/2018 17:48;Strada Urbana;VIA ANDREA DORIA;all'intersezione con;VIA LA GOLETTA;VIA LA GOLETTA;;;Scontro frontale/laterale DX fra veicoli in marcia;Incrocio;Due carreggiate;Asciutto;Asfaltata;Assente;Sereno;Scarso;Sufficiente;Ore Diurne;0;0;0;4;12.45212;41.90973;0;1;Autovettura privata;In marcia / fermata / arresto;Conducente;M;Illeso;0;;;
3817874;17;10/05/2018 17:48;Strada Urbana;VIA ANDREA DORIA;all'intersezione con;VIA LA GOLETTA;VIA LA GOLETTA;;;Scontro frontale/laterale DX fra veicoli in marcia;Incrocio;Due carreggiate;Asciutto;Asfaltata;Assente;Sereno;Scarso;Sufficiente;Ore Diurne;0;0;0;4;12.45212;41.90973;0;1;Autovettura privata;In marcia / fermata / arresto;Passeggero;M;Illeso;0;;;
3817874;17;10/05/2018 17:48;Strada Urbana;VIA ANDREA DORIA;all'intersezione con;VIA LA GOLETTA;VIA LA GOLETTA;;;Scontro frontale/laterale DX fra veicoli in marcia;Incrocio;Due carreggiate;Asciutto;Asfaltata;Assente;Sereno;Scarso;Sufficiente;Ore Diurne;0;0;0;4;12.45212;41.90973;0;2;Motociclo a solo;In marcia / fermata / arresto;Conducente;M;Illeso;0;;;
3817876;8;10/05/2018 08:30;Strada Urbana;VIA COLLATINA;da specificare;;;;uscita rotatoria via FORLANINI dir. LUNGHEZZA;Veicolo in marcia contro ostacolo accidentale;Rotatoria;Una carreggiata a senso unico di marcia;Asciutto;Con buche;Orizzontale;Sereno;Normale;Buona;Ore Diurne;0;0;0;1;12.66611;41.92234;-1;1;Autovettura privata;In marcia / fermata / arresto;Conducente;F;Illeso;0;;Non accertato;Inesploso
3817886;20;10/05/2018 23:00;Strada Urbana;VIA DI SELVA CANDIDA;in corrispondenza;;del civico n.;522;;Veicolo in marcia contro ostacolo fisso;Rettilineo;Una carreggiata a doppio senso;Asciutto;Asfaltata;Assente;Nuvoloso;Intenso;Buona;Sufficiente;1;0;0;1;12.38076;41.94338;-1;1;Autovettura privata;In marcia / fermata / arresto;Conducente;M;Rimandato;0;NON DECEDUTO;;
3817886;20;10/05/2018 23:00;Strada Urbana;VIA DI SELVA CANDIDA;in corrispondenza;;del civico n.;522;;Veicolo in marcia contro ostacolo fisso;Rettilineo;Una carreggiata a doppio senso;Asciutto;Asfaltata;Assente;Nuvoloso;Intenso;Buona;Sufficiente;1;0;0;1;12.38076;41.94338;-1;2;Autovettura privata;In marcia / fermata / arresto;Conducente;M;Illeso;0;;Non accertato;
3817891;10;10/05/2018 07:50;Strada Urbana;VIA TUSCOLANA;in prossimità;;del civico n.;1008;;Veicolo in marcia contro ostacolo accidentale;Rettilineo;Due carreggiate;Asciutto;Asfaltata;Orizzontale;Sereno;Normale;Buona;Ore Diurne;1;0;0;0;12.55415;41.86105;-1;1;Motociclo a solo;In marcia / fermata / arresto;Conducente;M;Rimandato;0;NON DECEDUTO;Non accertato;
3817897;4;10/05/2018 10:00;Strada Urbana;VIA CONCA D'ORO;all'intersezione con;LARGO VAL D'ALA;LARGO VAL D'ALA;;;Infortunio per sola frenata improvvisa;Incrocio;Una carreggiata a doppio senso;Asciutto;Asfaltata;Verticale ed orizzontale;Sereno;Normale;Buona;Ore Diurne;1;0;0;0;12.52436;41.94052;-1;1;Motociclo a solo;In marcia / fermata / arresto;Conducente;M;Rifiuta cure immediate;0;NON DECEDUTO;;
3817899;19;10/05/2018 21:30;Strada Urbana;VIA DELLA STAZIONE DI OTTAVIA;da specificare;;;;alt. Via Pericle PERALI;Veicolo in marcia contro veicolo in sosta;Rettilineo;Una carreggiata a senso unico di marcia;Asciutto;Asfaltata;Verticale;Sereno;Normale;Buona;Sufficiente;0;0;0;2;12.4051;41.9637;-1;1;Autovettura privata;Sosta;Passeggero;M;Illeso;0;;Non accertato;
3817899;19;10/05/2018 21:30;Strada Urbana;VIA DELLA STAZIONE DI OTTAVIA;da specificare;;;;alt. Via Pericle PERALI;Veicolo in marcia contro veicolo in sosta;Rettilineo;Una carreggiata a senso unico di marcia;Asciutto;Asfaltata;Verticale;Sereno;Normale;Buona;Sufficiente;0;0;0;2;12.4051;41.9637;-1;2;Autovettura privata;In marcia / fermata / arresto;Conducente;M;Illeso;0;;Non accertato;
3817902;15;11/05/2018 06:20;Strada Urbana;VIA DELLA CASETTA MATTEI;in corrispondenza;;del civico n.;325;;Scontro frontale/laterale SX fra veicoli in marcia;Rettilineo;Una carreggiata a doppio senso;Asciutto;Asfaltata;Orizzontale;Sereno;Normale;Buona;Ore Diurne;1;0;0;1;12.42028;41.86195;-1;1;Autovettura privata;In marcia / fermata / arresto;Conducente;M;Illeso;0;;Non accertato;Inesploso
3817902;15;11/05/2018 06:20;Strada Urbana;VIA DELLA CASETTA MATTEI;in corrispondenza;;del civico n.;325;;Scontro frontale/laterale SX fra veicoli in marcia;Rettilineo;Una carreggiata a doppio senso;Asciutto;Asfaltata;Orizzontale;Sereno;Normale;Buona;Ore Diurne;1;0;0;1;12.42028;41.86195;-1;2;Motociclo a solo;In marcia / fermata / arresto;Conducente;M;Ricoverato;0;NON DECEDUTO;Non accertato;
3817915;10;11/05/2018 05:45;Strada Urbana;VIA TUSCOLANA;in corrispondenza;;del civico n.;1245;;Scontro frontale/laterale SX fra veicoli in marcia;Rettilineo;Più di due carreggiate;Asciutto;Asfaltata;Verticale ed orizzontale;Sereno;Intenso;Buona;Ore Diurne;1;0;0;1;12.60228;41.83659;-1;1;Autovettura privata;In marcia / fermata / arresto;Conducente;M;Illeso;0;;Non accertato;Inesploso
3817915;10;11/05/2018 05:45;Strada Urbana;VIA TUSCOLANA;in corrispondenza;;del civico n.;1245;;Scontro frontale/laterale SX fra veicoli in marcia;Rettilineo;Più di due carreggiate;Asciutto;Asfaltata;Verticale ed orizzontale;Sereno;Intenso;Buona;Ore Diurne;1;0;0;1;12.60228;41.83659;-1;2;Autovettura privata;In marcia / fermata / arresto;Conducente;M;Rimandato;0;NON DECEDUTO;Non accertato;Inesploso
3817929;16;09/05/2018 16:40;Strada Urbana;VIA FONTEIANA;in corrispondenza;;del civico n.;63;;Veicolo in marcia contro veicolo in sosta;Rettilineo;Una carreggiata a doppio senso;Bagnato (umidità in atto);Asfaltata;Orizzontale;Nuvoloso;Normale;Buona;Ore Diurne;0;0;0;3;12.45484;41.88176;-1;1;Autocarro inferiore 35 q.;Sosta;Passeggero;M;Illeso;0;;Non accertato;Inesploso
3817929;16;09/05/2018 16:40;Strada Urbana;VIA FONTEIANA;in corrispondenza;;del civico n.;63;;Veicolo in marcia contro veicolo in sosta;Rettilineo;Una carreggiata a doppio senso;Bagnato (umidità in atto);Asfaltata;Orizzontale;Nuvoloso;Normale;Buona;Ore Diurne;0;0;0;3;12.45484;41.88176;-1;2;Autovettura privata;In marcia / fermata / arresto;Conducente;F;Illeso;0;;Non accertato;Inesploso