Protocollo;Gruppo;DataOraIncidente;Localizzazione1;STRADA1;Localizzazione2;STRADA2;Strada02;Chilometrica;DaSpecificare;NaturaIncidente;particolaritastrade;TipoStrada;FondoStradale;Pavimentazione;Segnaletica;CondizioneAtmosferica;Traffico;Visibilita;Illuminazione;NUM_FERITI;NUM_RISERVATA;NUM_MORTI;NUM_ILLESI;Longitudine;Latitudine;Confermato;Progressivo;TipoVeicolo;StatoVeicolo;TipoPersona;Sesso;Tipolesione;Deceduto;DecedutoDopo;CinturaCascoUtilizzato;Airbag
3822452;3;11/05/2018 09:00;Strada Urbana;VIA CATANIA;in corrispondenza;;del civico n.;48;;Scontro laterale fra veicoli in marcia;Rettilineo;Una carreggiata a doppio senso;Asciutto;Asfaltata;Verticale ed orizzontale;Sereno;Normale;Buona;Ore Diurne;0;0;0;2;12.5185;41.90999;-1;1;Autovettura privata;In marcia / fermata / arresto;Conducente;F;Illeso;0;;Non accertato;Inesploso
3822452;3;11/05/2018 09:00;Strada Urbana;VIA CATANIA;in corrispondenza;;del civico n.;48;;Scontro laterale fra veicoli in marcia;Rettilineo;Una carreggiata a doppio senso;Asciutto;Asfaltata;Verticale ed orizzontale;Sereno;Normale;Buona;Ore Diurne;0;0;0;2;12.5185;41.90999;-1;2;Autovettura privata;In marcia / fermata / arresto;Conducente;M;Illeso;0;;Non accertato;Inesploso
3822472;3;11/05/2018 11:20;Strada Urbana;VIA GIOVANNI BATTISTA MORGAGNI;all'intersezione con;VIALE REGINA MARGHERITA;VIALE REGINA MARGHERITA;;;Scontro frontale/laterale DX fra veicoli in marcia;Intersezione semaforizzata;Una carreggiata a doppio senso;Asciutto;Asfaltata;Verticale ed orizzontale;Sereno;Normale;Buona;Ore Diurne;1;0;0;2;12.51055;41.9098;-1;1;Autovettura privata;In marcia / fermata / arresto;Conducente;M;Illeso;0;;Non accertato;Inesploso
3822472;3;11/05/2018 11:20;Strada Urbana;VIA GIOVANNI BATTISTA MORGAGNI;all'intersezione con;VIALE REGINA MARGHERITA;VIALE REGINA MARGHERITA;;;Scontro frontale/laterale DX fra veicoli in marcia;Intersezione semaforizzata;Una carreggiata a doppio senso;Asciutto;Asfaltata;Verticale ed orizzontale;Sereno;Normale;Buona;Ore Diurne;1;0;0;2;12.51055;41.9098;-1;1;Autovettura privata;In marcia / fermata / arresto;Passeggero;F;Illeso;0;;Non accertato;Inesploso
3822472;3;11/05/2018 11:20;Strada Urbana;VIA GIOVANNI BATTISTA MORGAGNI;all'intersezione con;VIALE REGINA MARGHERITA;VIALE REGINA MARGHERITA;;;Scontro frontale/laterale DX fra veicoli in marcia;Intersezione semaforizzata;Una carreggiata a doppio senso;Asciutto;Asfaltata;Verticale ed orizzontale;Sereno;Normale;Buona;Ore Diurne;1;0;0;2;12.51055;41.9098;-1;2;Motociclo a solo;In marcia / fermata / arresto;Conducente;M;Rimandato;0;NON DECEDUTO;Non accertato;
3822489;3;11/05/2018 16:00;Strada Urbana;VIA NOMENTANA;da specificare;;;;corsia centrale pross fc 329;Tamponamento;Rettilineo;Più di due carreggiate;Asciutto;Asfaltata;Verticale ed orizzontale;Sereno;Intenso;Buona;Ore Diurne;0;0;0;2;12.57281;41.95789;-1;1;Motociclo a solo;In marcia / fermata / arresto;Conducente;F;Illeso;0;;Non accertato;
3822489;3;11/05/2018 16:00;Strada Urbana;VIA NOMENTANA;da specificare;;;;corsia centrale pross fc 329;Tamponamento;Rettilineo;Più di due carreggiate;Asciutto;Asfaltata;Verticale ed orizzontale;Sereno;Intenso;Buona;Ore Diurne;0;0;0;2;12.57281;41.95789;-1;2;Autovettura privata;In marcia / fermata / arresto;Conducente;F;Illeso;0;;Non accertato;Inesploso
3822492;18;11/05/2018 18:30;Strada Urbana;VIA DI CASALOTTI;all'intersezione con;VIA ASTERIO;VIA ASTERIO;;;Scontro frontale/laterale SX fra veicoli in marcia;Incrocio;Una carreggiata a doppio senso;Asciutto;Asfaltata;Verticale ed orizzontale;Sereno;Normale;Buona;Ore Diurne;0;0;0;3;12.36849;41.91586;-1;1;Autovettura privata;In marcia / fermata / arresto;Conducente;M;Illeso;0;;;
3822492;18;11/05/2018 18:30;Strada Urbana;VIA DI CASALOTTI;all'intersezione con;VIA ASTERIO;VIA ASTERIO;;;Scontro frontale/laterale SX fra veicoli in marcia;Incrocio;Una carreggiata a doppio senso;Asciutto;Asfaltata;Verticale ed orizzontale;Sereno;Normale;Buona;Ore Diurne;0;0;0;3;12.36849;41.91586;-1;1;Autovettura privata;In marcia / fermata / arresto;Passeggero;M;Illeso;0;;;
3822492;18;11/05/2018 18:30;Strada Urbana;VIA DI CASALOTTI;all'intersezione con;VIA ASTERIO;VIA ASTERIO;;;Scontro frontale/laterale SX fra veicoli in marcia;Incrocio;Una carreggiata a doppio senso;Asciutto;Asfaltata;Verticale ed orizzontale;Sereno;Normale;Buona;Ore Diurne;0;0;0;3;12.36849;41.91586;-1;2;Autovettura privata;In marcia / fermata / arresto;Conducente;F;Illeso;0;;;
3822512;2;14/05/2018 02:00;Strada Urbana;VIA NOMENTANA NUOVA;da specificare;;;;fronte civ. 41;Veicolo in marcia contro veicolo in sosta;Rettilineo;Una carreggiata a doppio senso;Bagnato (umidità in atto);Asfaltata;Verticale;Nuvoloso;Scarso;Buona;Sufficiente;0;0;0;2;12.53107;41.93423;-1;1;Autovettura privata;In marcia / fermata / arresto;Conducente;F;Illeso;0;;Non accertato;Inesploso
3822512;2;14/05/2018 02:00;Strada Urbana;VIA NOMENTANA NUOVA;da specificare;;;;fronte civ. 41;Veicolo in marcia contro veicolo in sosta;Rettilineo;Una carreggiata a doppio senso;Bagnato (umidità in atto);Asfaltata;Verticale;Nuvoloso;Scarso;Buona;Sufficiente;0;0;0;2;12.53107;41.93423;-1;1;Autovettura privata;In marcia / fermata / arresto;Passeggero;M;Illeso;0;;;
3822527;7;11/05/2018 23:13;Strada Urbana;VIA CASILINA;all'intersezione con;VIALE FILARETE;VIALE FILARETE;;;Scontro laterale fra veicoli in marcia;Incrocio;Due carreggiate;Asciutto;Asfaltata;Verticale ed orizzontale;Sereno;Normale;Buona;Sufficiente;0;0;0;3;9.644;45.397;-1;1;Autovettura privata;In marcia / fermata / arresto;Conducente;M;Illeso;0;;;
3822527;7;11/05/2018 23:13;Strada Urbana;VIA CASILINA;all'intersezione con;VIALE FILARETE;VIALE FILARETE;;;Scontro laterale fra veicoli in marcia;Incrocio;Due carreggiate;Asciutto;Asfaltata;Verticale ed orizzontale;Sereno;Normale;Buona;Sufficiente;0;0;0;3;9.644;45.397;-1;1;Autovettura privata;In marcia / fermata / arresto;Passeggero;M;Illeso;0;;;
3822527;7;11/05/2018 23:13;Strada Urbana;VIA CASILINA;all'intersezione con;VIALE FILARETE;VIALE FILARETE;;;Scontro laterale fra veicoli in marcia;Incrocio;Due carreggiate;Asciutto;Asfaltata;Verticale ed orizzontale;Sereno;Normale;Buona;Sufficiente;0;0;0;3;9.644;45.397;-1;2;Autovettura privata;Allontanatosi;Conducente;M;Illeso;0;;;
3822534;13;13/05/2018 11:15;Strada Urbana;VIA CAPO PALINURO;all'intersezione con;VIA ALESSANDRO PIOLA CASELLI;VIA ALESSANDRO PIOLA CASELLI;;;Scontro laterale fra veicoli in marcia;Incrocio;Una carreggiata a doppio senso;Asciutto;Asfaltata;Verticale ed orizzontale;Sereno;Normale;Buona;Ore Diurne;0;0;0;4;12.28746;41.73745;-1;1;Autovettura privata;In marcia / fermata / arresto;Conducente;M;Illeso;0;;Non accertato;Inesploso
3822534;13;13/05/2018 11:15;Strada Urbana;VIA CAPO PALINURO;all'intersezione con;VIA ALESSANDRO PIOLA CASELLI;VIA ALESSANDRO PIOLA CASELLI;;;Scontro laterale fra veicoli in marcia;Incrocio;Una carreggiata a doppio senso;Asciutto;Asfaltata;Verticale ed orizzontale;Sereno;Normale;Buona;Ore Diurne;0;0;0;4;12.28746;41.73745;-1;1;Autovettura privata;In marcia / fermata / arresto;Passeggero;F;Illeso;0;;;
3822534;13;13/05/2018 11:15;Strada Urbana;VIA CAPO PALINURO;all'intersezione con;VIA ALESSANDRO PIOLA CASELLI;VIA ALESSANDRO PIOLA CASELLI;;;Scontro laterale fra veicoli in marcia;Incrocio;Una carreggiata a doppio senso;Asciutto;Asfaltata;Verticale ed orizzontale;Sereno;Normale;Buona;Ore Diurne;0;0;0;4;12.28746;41.73745;-1;1;Autovettura privata;In marcia / fermata / arresto;Passeggero;F;Illeso;0;;;
3822534;13;13/05/2018 11:15;Strada Urbana;VIA CAPO PALINURO;all'intersezione con;VIA ALESSANDRO PIOLA CASELLI;VIA ALESSANDRO PIOLA CASELLI;;;Scontro laterale fra veicoli in marcia;Incrocio;Una carreggiata a doppio senso;Asciutto;Asfaltata;Verticale ed orizzontale;Sereno;Normale;Buona;Ore Diurne;0;0;0;4;12.28746;41.73745;-1;2;Autovettura privata;In marcia / fermata / arresto;Conducente;F;Illeso;0;;;
3822550;12;11/05/2018 16:45;Strada Urbana;VIALE DELL'OCEANO ATLANTICO;da specificare;;;;direz. Laurentina lato parco G. Agnelli;Veicolo in marcia contro ostacolo accidentale;Rettilineo;Due carreggiate;Asciutto;Con buche;Verticale ed orizzontale;Sereno;Normale;Buona;Ore Diurne;0;0;0;2;12.4714;41.8201;-1;1;Autovettura privata;In marcia / fermata / arresto;Conducente;F;Illeso;0;;Utilizzato;Inesploso
3822550;12;11/05/2018 16:45;Strada Urbana;VIALE DELL'OCEANO ATLANTICO;da specificare;;;;direz. Laurentina lato parco G. Agnelli;Veicolo in marcia contro ostacolo accidentale;Rettilineo;Due carreggiate;Asciutto;Con buche;Verticale ed orizzontale;Sereno;Normale;Buona;Ore Diurne;0;0;0;2;12.4714;41.8201;-1;1;Autovettura privata;In marcia / fermata / arresto;Passeggero;F;Illeso;0;;Utilizzato;
3822559;18;14/05/2018 10:55;Strada Urbana;VIA AURELIA;all'intersezione con;LARGO TOMASO PERASSI;LARGO TOMASO PERASSI;;;Tamponamento;Intersezione semaforizzata;Due carreggiate;Asciutto;Asfaltata;Verticale;Nuvoloso;Normale;Buona;Ore Diurne;1;0;0;1;12.41086;41.88985;-1;1;Autovettura privata;In marcia / fermata / arresto;Conducente;M;Illeso;0;;;Inesploso
3822559;18;14/05/2018 10:55;Strada Urbana;VIA AURELIA;all'intersezione con;LARGO TOMASO PERASSI;LARGO TOMASO PERASSI;;;Tamponamento;Intersezione semaforizzata;Due carreggiate;Asciutto;Asfaltata;Verticale;Nuvoloso;Normale;Buona;Ore Diurne;1;0;0;1;12.41086;41.88985;-1;2;Autovettura privata;In marcia / fermata / arresto;Conducente;M;Rifiuta cure immediate;0;NON DECEDUTO;Non accertato;Inesploso
3822589;7;12/05/2018 02:40;Strada Urbana;VIA TOR DE' SCHIAVI;all'intersezione con;VIA ANAGNI;VIA ANAGNI;;;Scontro frontale/laterale DX fra veicoli in marcia;Incrocio;Due carreggiate;Asciutto;Asfaltata;Verticale ed orizzontale;Sereno;Normale;Sufficiente;Ore Diurne;2;0;0;0;12.56042;41.8906;-1;1;Autovettura privata;In marcia / fermata / arresto;Conducente;F;Rimandato;0;NON DECEDUTO;Non accertato;Inesploso
3822589;7;12/05/2018 02:40;Strada Urbana;VIA TOR DE' SCHIAVI;all'intersezione con;VIA ANAGNI;VIA ANAGNI;;;Scontro frontale/laterale DX fra veicoli in marcia;Incrocio;Due carreggiate;Asciutto;Asfaltata;Verticale ed orizzontale;Sereno;Normale;Sufficiente;Ore Diurne;2;0;0;0;12.56042;41.8906;-1;2;Autovettura privata;In marcia / fermata / arresto;Conducente;M;Rimandato;0;NON DECEDUTO;Non accertato;Inesploso
3822633;17;11/05/2018 13:40;Strada Urbana;PIAZZALE MARESCIALLO GIARDINO;in prossimità;;del civico n.;1;;Scontro laterale fra veicoli in marcia;Curva a visuale libera;Più di due carreggiate;Asciutto;Asfaltata;Verticale ed orizzontale;Sereno;Normale;Buona;Ore Diurne;0;0;0;2;12.45875;41.92265;-1;1;Autovettura privata;In marcia / fermata / arresto;Conducente;M;Illeso;0;;;
3822633;17;11/05/2018 13:40;Strada Urbana;PIAZZALE MARESCIALLO GIARDINO;in prossimità;;del civico n.;1;;Scontro laterale fra veicoli in marcia;Curva a visuale libera;Più di due carreggiate;Asciutto;Asfaltata;Verticale ed orizzontale;Sereno;Normale;Buona;Ore Diurne;0;0;0;2;12.45875;41.92265;-1;2;Motociclo a solo;In marcia / fermata / arresto;Conducente;M;Illeso;0;;;
3822635;7;13/05/2018 18:40;Strada Urbana;VIA DEI CICLAMINI;in prossimità;;del civico n.;207;;Veicolo in marcia contro veicolo in sosta;Rettilineo;Una carreggiata a doppio senso;Asciutto;Asfaltata;Verticale ed orizzontale;Sereno;Scarso;Buona;Ore Diurne;0;0;0;1;12.56603;41.89385;-1;1;Autovettura privata;In marcia / fermata / arresto;Conducente;M;Illeso;0;;;
3822638;7;11/05/2018;Strada Urbana;LARGO FEDERICO DELPINO;in prossimità;;del civico n.;8;;Veicolo in marcia contro veicolo in sosta;Rettilineo;Una carreggiata a senso unico alternato;Asciutto;Asfaltata;Assente;Sereno;Normale;Buona;Ore Diurne;0;0;0;3;12.56089;41.89053;-1;1;Autovettura privata;Sosta;Passeggero;M;Illeso;0;;;
3822638;7;11/05/2018;Strada Urbana;LARGO FEDERICO DELPINO;in prossimità;;del civico n.;8;;Veicolo in marcia contro veicolo in sosta;Rettilineo;Una carreggiata a senso unico alternato;Asciutto;Asfaltata;Assente;Sereno;Normale;Buona;Ore Diurne;0;0;0;3;12.56089;41.89053;-1;1;Autovettura privata;Sosta;Passeggero;F;Illeso;0;;;
3822638;7;11/05/2018;Strada Urbana;LARGO FEDERICO DELPINO;in prossimità;;del civico n.;8;;Veicolo in marcia contro veicolo in sosta;Rettilineo;Una carreggiata a senso unico alternato;Asciutto;Asfaltata;Assente;Sereno;Normale;Buona;Ore Diurne;0;0;0;3;12.56089;41.89053;-1;2;Autovettura privata;In marcia / fermata / arresto;Conducente;F;Illeso;0;;Non accertato;Inesploso
3822642;9;12/05/2018 20:15;Strada Urbana;PIAZZALE LABICANO;all'intersezione semaforizzata con;VIA PRENESTINA;VIA PRENESTINA;;;Scontro frontale/laterale SX fra veicoli in marcia;Intersezione semaforizzata;Più di due carreggiate;Asciutto;Asfaltata;Verticale ed orizzontale;Sereno;Normale;Buona;Sufficiente;1;0;0;1;12.51607;41.89168;0;1;Autovettura privata;In marcia / fermata / arresto;Conducente;M;Illeso;0;;;
3822642;9;12/05/2018 20:15;Strada Urbana;PIAZZALE LABICANO;all'intersezione semaforizzata con;VIA PRENESTINA;VIA PRENESTINA;;;Scontro frontale/laterale SX fra veicoli in marcia;Intersezione semaforizzata;Più di due carreggiate;Asciutto;Asfaltata;Verticale ed orizzontale;Sereno;Normale;Buona;Sufficiente;1;0;0;1;12.51607;41.89168;0;2;Velocipede;In marcia / fermata / arresto;Conducente;M;Rimandato;0;NON DECEDUTO;Esente;
3822647;17;12/05/2018 12:30;Strada Urbana;VIA SANTAMAURA;in corrispondenza;;del civico n.;90;;Scontro laterale fra veicoli in marcia;Rettilineo;Una carreggiata a senso unico di marcia;Asciutto;Asfaltata;Verticale ed orizzontale;Sereno;Normale;Buona;Ore Diurne;0;0;0;2;12.45339;41.90979;0;1;Autovettura privata;In marcia / fermata / arresto;Conducente;M;Illeso;0;;;
3822647;17;12/05/2018 12:30;Strada Urbana;VIA SANTAMAURA;in corrispondenza;;del civico n.;90;;Scontro laterale fra veicoli in marcia;Rettilineo;Una carreggiata a senso unico di marcia;Asciutto;Asfaltata;Verticale ed orizzontale;Sereno;Normale;Buona;Ore Diurne;0;0;0;2;12.45339;41.90979;0;2;Motociclo a solo;In marcia / fermata / arresto;Conducente;F;Illeso;0;;;
3822712;7;13/05/2018 13:00;Strada Urbana;VIALE PALMIRO TOGLIATTI;in prossimità;;del civico n.;740;;Tamponamento Multiplo;Rettilineo;Due carreggiate;Asciutto;Asfaltata;Orizzontale;Nuvoloso;Normale;Buona;Ore Diurne;0;0;0;6;12.57358;41.88277;-1;1;Autovettura privata;In marcia / fermata / arresto;Conducente;M;Illeso;0;;Non accertato;Inesploso
3822712;7;13/05/2018 13:00;Strada Urbana;VIALE PALMIRO TOGLIATTI;in prossimità;;del civico n.;740;;Tamponamento Multiplo;Rettilineo;Due carreggiate;Asciutto;Asfaltata;Orizzontale;Nuvoloso;Normale;Buona;Ore Diurne;0;0;0;6;12.57358;41.88277;-1;2;Autovettura privata;In marcia / fermata / arresto;Conducente;M;Illeso;0;;Non accertato;Inesploso
3822712;7;13/05/2018 13:00;Strada Urbana;VIALE PALMIRO TOGLIATTI;in prossimità;;del civico n.;740;;Tamponamento Multiplo;Rettilineo;Due carreggiate;Asciutto;Asfaltata;Orizzontale;Nuvoloso;Normale;Buona;Ore Diurne;0;0;0;6;12.57358;41.88277;-1;2;Autovettura privata;In marcia / fermata / arresto;Passeggero;M;Illeso;0;;Non accertato;Inesploso
3822712;7;13/05/2018 13:00;Strada Urbana;VIALE PALMIRO TOGLIATTI;in prossimità;;del civico n.;740;;Tamponamento Multiplo;Rettilineo;Due carreggiate;Asciutto;Asfaltata;Orizzontale;Nuvoloso;Normale;Buona;Ore Diurne;0;0;0;6;12.57358;41.88277;-1;2;Autovettura privata;In marcia / fermata / arresto;Passeggero;M;Illeso;0;;Non accertato;Inesploso
3822712;7;13/05/2018 13:00;Strada Urbana;VIALE PALMIRO TOGLIATTI;in prossimità;;del civico n.;740;;Tamponamento Multiplo;Rettilineo;Due carreggiate;Asciutto;Asfaltata;Orizzontale;Nuvoloso;Normale;Buona;Ore Diurne;0;0;0;6;12.57358;41.88277;-1;2;Autovettura privata;In marcia / fermata / arresto;Passeggero;M;Illeso;0;;Non accertato;Inesploso
3822712;7;13/05/2018 13:00;Strada Urbana;VIALE PALMIRO TOGLIATTI;in prossimità;;del civico n.;740;;Tamponamento Multiplo;Rettilineo;Due carreggiate;Asciutto;Asfaltata;Orizzontale;Nuvoloso;Normale;Buona;Ore Diurne;0;0;0;6;12.57358;41.88277;-1;3;Autovettura privata;In marcia / fermata / arresto;Conducente;M;Illeso;0;;Non accertato;Inesploso
3822719;12;11/05/2018 20:30;Strada Urbana;VIA FILIPPO DE GRENET;in prossimità;;del civico n.;67;;Veicolo in marcia contro ostacolo accidentale;Rettilineo;Una carreggiata a doppio senso;Asciutto;Asfaltata;Verticale;Sereno;Scarso;Buona;Sufficiente;0;0;0;2;12.43639;41.78536;-1;1;Autovettura privata;In marcia / fermata / arresto;Conducente;M;Illeso;0;;Non accertato;Inesploso
3822719;12;11/05/2018 20:30;Strada Urbana;VIA FILIPPO DE GRENET;in prossimità;;del civico n.;67;;Veicolo in marcia contro ostacolo accidentale;Rettilineo;Una carreggiata a doppio senso;Asciutto;Asfaltata;Verticale;Sereno;Scarso;Buona;Sufficiente;0;0;0;2;12.43639;41.78536;-1;1;Autovettura privata;In marcia / fermata / arresto;Passeggero;M;Illeso;0;;Utilizzato;Inesploso
3822728;3;13/05/2018 13:05;Strada Urbana;PIAZZALE ALDO MORO;in prossimità;;del civico n.;3;;Scontro laterale fra veicoli in marcia;Rettilineo;Una carreggiata a senso unico di marcia;Asciutto;Asfaltata;Orizzontale;Sereno;Scarso;Buona;Ore Diurne;1;0;0;1;12.51238;41.90146;0;1;Autovettura privata;In marcia / fermata / arresto;Conducente;F;Illeso;0;;Non accertato;Inesploso
3822728;3;13/05/2018 13:05;Strada Urbana;PIAZZALE ALDO MORO;in prossimità;;del civico n.;3;;Scontro laterale fra veicoli in marcia;Rettilineo;Una carreggiata a senso unico di marcia;Asciutto;Asfaltata;Orizzontale;Sereno;Scarso;Buona;Ore Diurne;1;0;0;1;12.51238;41.90146;0;2;Motociclo a solo;In marcia / fermata / arresto;Conducente;M;Rimandato;0;NON DECEDUTO;Non accertato;
3822739;3;13/05/2018 20:10;Strada Urbana;VIALE VENTUNO APRILE;da specificare;;;;fronte civico 6;Scontro laterale fra veicoli in marcia;Rettilineo;Una carreggiata a doppio senso;Asciutto;Asfaltata;Assente;Sereno;Normale;Buona;Ore Diurne;0;0;0;3;12.51854;41.92053;-1;1;Autovettura privata;In marcia / fermata / arresto;Conducente;F;Illeso;0;;Non accertato;
3822739;3;13/05/2018 20:10;Strada Urbana;VIALE VENTUNO APRILE;da specificare;;;;fronte civico 6;Scontro laterale fra veicoli in marcia;Rettilineo;Una carreggiata a doppio senso;Asciutto;Asfaltata;Assente;Sereno;Normale;Buona;Ore Diurne;0;0;0;3;12.51854;41.92053;-1;2;Autovettura privata;In marcia / fermata / arresto;Conducente;M;Illeso;0;;Non accertato;
3822739;3;13/05/2018 20:10;Strada Urbana;VIALE VENTUNO APRILE;da specificare;;;;fronte civico 6;Scontro laterale fra veicoli in marcia;Rettilineo;Una carreggiata a doppio senso;Asciutto;Asfaltata;Assente;Sereno;Normale;Buona;Ore Diurne;0;0;0;3;12.51854;41.92053;-1;2;Autovettura privata;In marcia / fermata / arresto;Passeggero;F;Illeso;0;;Non accertato;
3822750;12;11/05/2018 23:25;Strada Urbana;VIA EDOARDO AMALDI;all'intersezione con;VIA EUGENIO BELTRAMI;VIA EUGENIO BELTRAMI;;;Scontro laterale fra veicoli in marcia;Incrocio;Una carreggiata a senso unico di marcia;Asciutto;Asfaltata;Verticale ed orizzontale;Sereno;Scarso;Buona;Sufficiente;0;0;0;3;12.48687;41.79437;-1;1;Autovettura privata;In marcia / fermata / arresto;Conducente;M;Illeso;0;;;
3822750;12;11/05/2018 23:25;Strada Urbana;VIA EDOARDO AMALDI;all'intersezione con;VIA EUGENIO BELTRAMI;VIA EUGENIO BELTRAMI;;;Scontro laterale fra veicoli in marcia;Incrocio;Una carreggiata a senso unico di marcia;Asciutto;Asfaltata;Verticale ed orizzontale;Sereno;Scarso;Buona;Sufficiente;0;0;0;3;12.48687;41.79437;-1;1;Autovettura privata;In marcia / fermata / arresto;Passeggero;F;Illeso;0;;;Esploso
3822750;12;11/05/2018 23:25;Strada Urbana;VIA EDOARDO AMALDI;all'intersezione con;VIA EUGENIO BELTRAMI;VIA EUGENIO BELTRAMI;;;Scontro laterale fra veicoli in marcia;Incrocio;Una carreggiata a senso unico di marcia;Asciutto;Asfaltata;Verticale ed orizzontale;Sereno;Scarso;Buona;Sufficiente;0;0;0;3;12.48687;41.79437;-1;2;Autovettura privata;In marcia / fermata / arresto;Conducente;M;Illeso;0;;;
3822769;5;14/05/2018 12:20;Strada Urbana;VIA DEI MONTI DI PIETRALATA;all'intersezione con;VIA VACUNA;VIA VACUNA;;;Scontro frontale/laterale DX fra veicoli in marcia;Incrocio;Una carreggiata a senso unico di marcia;Asciutto;Asfaltata;Verticale ed orizzontale;Sereno;Normale;Buona;Ore Diurne;0;0;0;3;12.53587;41.91095;-1;1;Autovettura privata;In marcia / fermata / arresto;Conducente;M;Illeso;0;;;
3822769;5;14/05/2018 12:20;Strada Urbana;VIA DEI MONTI DI PIETRALATA;all'intersezione con;VIA VACUNA;VIA VACUNA;;;Scontro frontale/laterale DX fra veicoli in marcia;Incrocio;Una carreggiata a senso unico di marcia;Asciutto;Asfaltata;Verticale ed orizzontale;Sereno;Normale;Buona;Ore Diurne;0;0;0;3;12.53587;41.91095;-1;1;Autovettura privata;In marcia / fermata / arresto;Passeggero;F;Illeso;0;;;
3822769;5;14/05/2018 12:20;Strada Urbana;VIA DEI MONTI DI PIETRALATA;all'intersezione con;VIA VACUNA;VIA VACUNA;;;Scontro frontale/laterale DX fra veicoli in marcia;Incrocio;Una carreggiata a senso unico di marcia;Asciutto;Asfaltata;Verticale ed orizzontale;Sereno;Normale;Buona;Ore Diurne;0;0;0;3;12.53587;41.91095;-1;2;Autovettura privata;In marcia / fermata / arresto;Conducente;M;Illeso;0;;Non accertato;Inesploso
3822774;12;12/05/2018 07:20;Provinciale;VIA ARDEATINA;da specificare;;;;prossimità via dei Crochi;Scontro laterale fra veicoli in marcia;Rettilineo;Una carreggiata a doppio senso;Asciutto;Asfaltata;Verticale ed orizzontale;Sereno;Scarso;Buona;Ore Diurne;0;0;0;2;;;0;1;Autovettura privata;In marcia / fermata / arresto;Conducente;M;Illeso;0;;Non accertato;Inesploso
3822774;12;12/05/2018 07:20;Provinciale;VIA ARDEATINA;da specificare;;;;prossimità via dei Crochi;Scontro laterale fra veicoli in marcia;Rettilineo;Una carreggiata a doppio senso;Asciutto;Asfaltata;Verticale ed orizzontale;Sereno;Scarso;Buona;Ore Diurne;0;0;0;2;;;0;2;Autovettura privata;In marcia / fermata / arresto;Conducente;M;Illeso;0;;;
3822817;20;14/05/2018 12:50;Strada Urbana;VIALE DI TOR DI QUINTO;in corrispondenza;;del palo luce n.;43;;Tamponamento Multiplo;Rettilineo;Una carreggiata a doppio senso;Asciutto;Asfaltata;Verticale ed orizzontale;Nuvoloso;Normale;Buona;Ore Diurne;0;0;0;3;12.47848;41.94471;-1;1;Autovettura privata;In marcia / fermata / arresto;Conducente;M;Illeso;0;;Non accertato;Inesploso
3822817;20;14/05/2018 12:50;Strada Urbana;VIALE DI TOR DI QUINTO;in corrispondenza;;del palo luce n.;43;;Tamponamento Multiplo;Rettilineo;Una carreggiata a doppio senso;Asciutto;Asfaltata;Verticale ed orizzontale;Nuvoloso;Normale;Buona;Ore Diurne;0;0;0;3;12.47848;41.94471;-1;2;Autovettura privata;In marcia / fermata / arresto;Conducente;M;Illeso;0;;Non accertato;Inesploso
3822817;20;14/05/2018 12:50;Strada Urbana;VIALE DI TOR DI QUINTO;in corrispondenza;;del palo luce n.;43;;Tamponamento Multiplo;Rettilineo;Una carreggiata a doppio senso;Asciutto;Asfaltata;Verticale ed orizzontale;Nuvoloso;Normale;Buona;Ore Diurne;0;0;0;3;12.47848;41.94471;-1;3;Autocarro inferiore 35 q.;In marcia / fermata / arresto;Conducente;M;Illeso;0;;Non accertato;Inesploso
3822825;10;14/05/2018 13:05;Strada Urbana;VIA ANAGNINA;all'intersezione semaforizzata con;VIA DEI SETTE METRI;VIA DEI SETTE METRI;;;Tamponamento;Intersezione semaforizzata;Due carreggiate;Asciutto;Asfaltata;Verticale ed orizzontale;Nuvoloso;Normale;Buona;Ore Diurne;1;0;0;1;12.61153;41.81994;-1;1;Autovettura privata;In marcia / fermata / arresto;Conducente;M;Illeso;0;;Non accertato;Inesploso
3822825;10;14/05/2018 13:05;Strada Urbana;VIA ANAGNINA;all'intersezione semaforizzata con;VIA DEI SETTE METRI;VIA DEI SETTE METRI;;;Tamponamento;Intersezione semaforizzata;Due carreggiate;Asciutto;Asfaltata;Verticale ed orizzontale;Nuvoloso;Normale;Buona;Ore Diurne;1;0;0;1;12.61153;41.81994;-1;2;Autovettura privata;In marcia / fermata / arresto;Conducente;M;Rimandato;0;NON DECEDUTO;Utilizzato;Esploso
3822835;18;12/05/2018 10:00;Strada Urbana;VIA BRA;in prossimità;;del civico n.;40;;Veicolo in marcia contro ostacolo accidentale;Rettilineo;Una carreggiata a doppio senso;Asciutto;Con buche;Assente;Sereno;Scarso;Buona;Ore Diurne;0;0;0;1;12.41347;41.90138;-1;1;Autovettura privata;In marcia / fermata / arresto;Conducente;F;Illeso;0;;Non accertato;Inesploso
3822859;11;11/05/2018 23:00;Statale;VIA DEL MARE;in corrispondenza;;della chilometrica;8.9;;Tamponamento;Rettilineo;Una carreggiata a doppio senso;Asciutto;Asfaltata;Verticale ed orizzontale;Sereno;Normale;Sufficiente;Insufficiente;0;1;0;1;12.46323;41.84026;-1;1;Autovettura privata;In marcia / fermata / arresto;Conducente;M;Illeso;0;;;