Protocollo;Gruppo;DataOraIncidente;Localizzazione1;STRADA1;Localizzazione2;STRADA2;Strada02;Chilometrica;DaSpecificare;NaturaIncidente;particolaritastrade;TipoStrada;FondoStradale;Pavimentazione;Segnaletica;CondizioneAtmosferica;Traffico;Visibilita;Illuminazione;NUM_FERITI;NUM_RISERVATA;NUM_MORTI;NUM_ILLESI;Longitudine;Latitudine;Confermato;Progressivo;TipoVeicolo;StatoVeicolo;TipoPersona;Sesso;Tipolesione;Deceduto;DecedutoDopo;CinturaCascoUtilizzato;Airbag
3825913;7;15/05/2018 23:55;Strada Urbana;VIA PRENESTINA;da specificare;;;;altezza gra;Tamponamento;Rettilineo;Una carreggiata a doppio senso;Bagnato (pioggia);Asfaltata;Verticale ed orizzontale;Pioggia in atto;Scarso;Buona;Sufficiente;0;0;0;3;12.61039;41.89349;-1;1;Autovettura privata;In marcia / fermata / arresto;Passeggero;M;Illeso;0;;Non accertato;Inesploso
3825913;7;15/05/2018 23:55;Strada Urbana;VIA PRENESTINA;da specificare;;;;altezza gra;Tamponamento;Rettilineo;Una carreggiata a doppio senso;Bagnato (pioggia);Asfaltata;Verticale ed orizzontale;Pioggia in atto;Scarso;Buona;Sufficiente;0;0;0;3;12.61039;41.89349;-1;2;Autovettura privata;In marcia / fermata / arresto;Conducente;M;Illeso;0;;Non accertato;Inesploso
3825922;1;15/05/2018 22:30;Strada Urbana;VIA PRINCIPE EUGENIO;da specificare;;;;fronte VIA PIANCIANI;Veicolo in marcia contro ostacolo fisso;Rettilineo;Più di due carreggiate;Asciutto;Asfaltata;Verticale ed orizzontale;Nuvoloso;Normale;Sufficiente;Sufficiente;0;0;0;1;;;0;1;Autovettura privata;In marcia / fermata / arresto;Conducente;M;Illeso;0;;Non accertato;Inesploso
3825949;16;15/05/2018 12:05;Strada Urbana;VIALE DEI QUATTRO VENTI;all'intersezione semaforizzata con;VIA ORESTE REGNOLI;VIA ORESTE REGNOLI;;;Investimento di pedone;Intersezione semaforizzata;Una carreggiata a doppio senso;Bagnato (pioggia);Asfaltata;Verticale ed orizzontale;Pioggia in atto;Normale;Buona;Ore Diurne;0;0;1;1;;;0;;;;Pedone;M;Deceduto durante prime cure;-1;;;
3825949;16;15/05/2018 12:05;Strada Urbana;VIALE DEI QUATTRO VENTI;all'intersezione semaforizzata con;VIA ORESTE REGNOLI;VIA ORESTE REGNOLI;;;Investimento di pedone;Intersezione semaforizzata;Una carreggiata a doppio senso;Bagnato (pioggia);Asfaltata;Verticale ed orizzontale;Pioggia in atto;Normale;Buona;Ore Diurne;0;0;1;1;;;0;1;Autocarro inferiore 35 q.;In marcia / fermata / arresto;Conducente;M;Illeso;0;;;
3826000;3;15/05/2018 16:20;Strada Urbana;CIRCONVALLAZIONE NOMENTANA;all'intersezione con;LARGO RODOLFO LANCIANI;LARGO RODOLFO LANCIANI;;;Scontro frontale/laterale DX fra veicoli in marcia;Intersezione semaforizzata;Due carreggiate;Asciutto;Asfaltata;Verticale ed orizzontale;Nuvoloso;Normale;Buona;Ore Diurne;1;0;0;1;12.52637;41.92133;-1;1;Motociclo a solo;In marcia / fermata / arresto;Conducente;M;Rimandato;0;NON DECEDUTO;Non accertato;
3826000;3;15/05/2018 16:20;Strada Urbana;CIRCONVALLAZIONE NOMENTANA;all'intersezione con;LARGO RODOLFO LANCIANI;LARGO RODOLFO LANCIANI;;;Scontro frontale/laterale DX fra veicoli in marcia;Intersezione semaforizzata;Due carreggiate;Asciutto;Asfaltata;Verticale ed orizzontale;Nuvoloso;Normale;Buona;Ore Diurne;1;0;0;1;12.52637;41.92133;-1;2;Autovettura privata;In marcia / fermata / arresto;Conducente;M;Illeso;0;;Non accertato;
3826004;1;16/05/2018 08:50;Strada Urbana;VIA DI S. MARIA IN COSMEDIN;all'intersezione semaforizzata con;VIA DELLA GRECA;VIA DELLA GRECA;;;Scontro laterale fra veicoli in marcia;Incrocio;Una carreggiata a senso unico di marcia;Asciutto;Asfaltata;Assente;Sereno;Intenso;Buona;Ore Diurne;0;0;0;2;12.48217;41.88718;-1;1;Autovettura privata;In marcia / fermata / arresto;Conducente;M;Illeso;0;;;
3826004;1;16/05/2018 08:50;Strada Urbana;VIA DI S. MARIA IN COSMEDIN;all'intersezione semaforizzata con;VIA DELLA GRECA;VIA DELLA GRECA;;;Scontro laterale fra veicoli in marcia;Incrocio;Una carreggiata a senso unico di marcia;Asciutto;Asfaltata;Assente;Sereno;Intenso;Buona;Ore Diurne;0;0;0;2;12.48217;41.88718;-1;2;Autocarro inferiore 35 q.;In marcia / fermata / arresto;Conducente;M;Illeso;0;;;
3826017;3;15/05/2018 15:40;Strada Urbana;VIA TIBURTINA;da specificare;;;;dir piazzale del verano sotto ponte circ.ne tiburt;Veicolo in marcia contro ostacolo accidentale;Pendenza;Più di due carreggiate;Bagnato (pioggia);Con buche;Verticale ed orizzontale;Pioggia in atto;Normale;Buona;Ore Diurne;0;0;0;1;12.57376;41.92564;-1;1;Autovettura pubblica;In marcia / fermata / arresto;Conducente;M;Illeso;0;;Non accertato;Inesploso
3826036;3;15/05/2018 15:30;Strada Urbana;VIA TIBURTINA;da specificare;;;;direz. Verano sotto il cavalcaivia Tangenziale Est;Veicolo in marcia contro ostacolo accidentale;Pendenza;Più di due carreggiate;Bagnato (pioggia);Asfaltata;Assente;Nuvoloso;Normale;Buona;Ore Diurne;0;0;0;2;12.53152;41.90835;-1;1;Autovettura privata;In marcia / fermata / arresto;Passeggero;M;Illeso;0;;Non accertato;
3826036;3;15/05/2018 15:30;Strada Urbana;VIA TIBURTINA;da specificare;;;;direz. Verano sotto il cavalcaivia Tangenziale Est;Veicolo in marcia contro ostacolo accidentale;Pendenza;Più di due carreggiate;Bagnato (pioggia);Asfaltata;Assente;Nuvoloso;Normale;Buona;Ore Diurne;0;0;0;2;12.53152;41.90835;-1;1;Autovettura privata;In marcia / fermata / arresto;Conducente;F;Illeso;0;;Non accertato;
3826074;16;15/05/2018 08:35;Strada Urbana;VIALE DEI QUATTRO VENTI;da specificare;;;;fronte civico 156;Veicolo in marcia contro veicolo fermo;Rettilineo;Una carreggiata a doppio senso;Bagnato (pioggia);Asfaltata;Orizzontale;Nuvoloso;Normale;Buona;Ore Diurne;0;0;0;2;12.4585;41.87951;-1;1;Motociclo a solo;In marcia / fermata / arresto;Conducente;M;Illeso;0;;Non accertato;
3826074;16;15/05/2018 08:35;Strada Urbana;VIALE DEI QUATTRO VENTI;da specificare;;;;fronte civico 156;Veicolo in marcia contro veicolo fermo;Rettilineo;Una carreggiata a doppio senso;Bagnato (pioggia);Asfaltata;Orizzontale;Nuvoloso;Normale;Buona;Ore Diurne;0;0;0;2;12.4585;41.87951;-1;2;Autobus di linea;In marcia / fermata / arresto;Conducente;M;Illeso;0;;Non accertato;Inesploso
3826094;16;15/05/2018 10:00;Strada Urbana;VIA EDOARDO JENNER;da specificare;;;;FRONTE VIA VESTRI;Scontro laterale fra veicoli in marcia;Rettilineo;Una carreggiata a doppio senso;Bagnato (umidità in atto);Asfaltata;Verticale ed orizzontale;Nuvoloso;Normale;Buona;Ore Diurne;1;0;0;1;12.44472;41.8724;-1;1;Autovettura privata;In marcia / fermata / arresto;Conducente;M;Illeso;0;;Non accertato;Inesploso
3826094;16;15/05/2018 10:00;Strada Urbana;VIA EDOARDO JENNER;da specificare;;;;FRONTE VIA VESTRI;Scontro laterale fra veicoli in marcia;Rettilineo;Una carreggiata a doppio senso;Bagnato (umidità in atto);Asfaltata;Verticale ed orizzontale;Nuvoloso;Normale;Buona;Ore Diurne;1;0;0;1;12.44472;41.8724;-1;2;Motociclo a solo;In marcia / fermata / arresto;Conducente;M;Ricoverato;0;NON DECEDUTO;Non accertato;
3826103;16;15/05/2018 11:30;Strada Urbana;PIAZZA CARLO FORLANINI;da specificare;;;;in prossimità del fronte civico 3;Scontro frontale/laterale SX fra veicoli in marcia;Rettilineo;Due carreggiate;Bagnato (umidità in atto);Asfaltata;Verticale ed orizzontale;Nuvoloso;Normale;Buona;Ore Diurne;2;0;0;1;12.44924;41.86651;-1;1;Autovettura privata;In marcia / fermata / arresto;Conducente;M;Rifiuta cure immediate;0;NON DECEDUTO;Non accertato;Esploso
3826103;16;15/05/2018 11:30;Strada Urbana;PIAZZA CARLO FORLANINI;da specificare;;;;in prossimità del fronte civico 3;Scontro frontale/laterale SX fra veicoli in marcia;Rettilineo;Due carreggiate;Bagnato (umidità in atto);Asfaltata;Verticale ed orizzontale;Nuvoloso;Normale;Buona;Ore Diurne;2;0;0;1;12.44924;41.86651;-1;2;Autovettura privata;In marcia / fermata / arresto;Conducente;F;Illeso;0;;Non accertato;Inesploso
3826103;16;15/05/2018 11:30;Strada Urbana;PIAZZA CARLO FORLANINI;da specificare;;;;in prossimità del fronte civico 3;Scontro frontale/laterale SX fra veicoli in marcia;Rettilineo;Due carreggiate;Bagnato (umidità in atto);Asfaltata;Verticale ed orizzontale;Nuvoloso;Normale;Buona;Ore Diurne;2;0;0;1;12.44924;41.86651;-1;2;Autovettura privata;In marcia / fermata / arresto;Passeggero;M;Rimandato;0;NON DECEDUTO;Non accertato;Inesploso
3826117;16;15/05/2018 16:30;;VIA LEONE XIII;in prossimità;;del civico n.;75;;Investimento di pedone;;;;;;;;;;0;0;0;3;;;0;1;Autovettura privata;In marcia / fermata / arresto;Conducente;F;Illeso;0;;;
3826117;16;15/05/2018 16:30;;VIA LEONE XIII;in prossimità;;del civico n.;75;;Investimento di pedone;;;;;;;;;;0;0;0;3;;;0;1;Autovettura privata;In marcia / fermata / arresto;Passeggero;M;Illeso;0;;;
3826117;16;15/05/2018 16:30;;VIA LEONE XIII;in prossimità;;del civico n.;75;;Investimento di pedone;;;;;;;;;;0;0;0;3;;;0;2;Autovettura privata;In marcia / fermata / arresto;Conducente;M;Illeso;0;;;
3826167;12;16/05/2018 06:30;Strada Urbana;VIA DEI PLUMBAGHI;all'intersezione con;VIA DEI RANUNCOLI;VIA DEI RANUNCOLI;;;Scontro frontale/laterale SX fra veicoli in marcia;Incrocio;Una carreggiata a doppio senso;Asciutto;Asfaltata;Assente;Sereno;Scarso;Buona;Ore Diurne;0;0;0;2;12.57877;41.71102;-1;1;Autocarro superiore 35 q.;In marcia / fermata / arresto;Conducente;M;Illeso;0;;Utilizzato;Inesploso
3826167;12;16/05/2018 06:30;Strada Urbana;VIA DEI PLUMBAGHI;all'intersezione con;VIA DEI RANUNCOLI;VIA DEI RANUNCOLI;;;Scontro frontale/laterale SX fra veicoli in marcia;Incrocio;Una carreggiata a doppio senso;Asciutto;Asfaltata;Assente;Sereno;Scarso;Buona;Ore Diurne;0;0;0;2;12.57877;41.71102;-1;2;Autovettura privata;In marcia / fermata / arresto;Conducente;M;Illeso;0;;Utilizzato;Esploso
3826177;5;16/05/2018 11:00;Strada Urbana;VIA PIERO CALEFFI;all'intersezione con;VIA VITO GIUSEPPE GALATI;VIA VITO GIUSEPPE GALATI;;;Scontro frontale/laterale DX fra veicoli in marcia;Incrocio;Una carreggiata a doppio senso;Asciutto;Asfaltata;Verticale ed orizzontale;Sereno;Normale;Sufficiente;Ore Diurne;0;0;0;2;12.56869;41.91118;-1;1;Autovettura privata;In marcia / fermata / arresto;Conducente;M;Illeso;0;;Non accertato;Inesploso
3826177;5;16/05/2018 11:00;Strada Urbana;VIA PIERO CALEFFI;all'intersezione con;VIA VITO GIUSEPPE GALATI;VIA VITO GIUSEPPE GALATI;;;Scontro frontale/laterale DX fra veicoli in marcia;Incrocio;Una carreggiata a doppio senso;Asciutto;Asfaltata;Verticale ed orizzontale;Sereno;Normale;Sufficiente;Ore Diurne;0;0;0;2;12.56869;41.91118;-1;2;Autovettura privata;In marcia / fermata / arresto;Conducente;F;Illeso;0;;Non accertato;Inesploso
3826195;18;16/05/2018 11:30;Strada Urbana;VIA AURELIA;da specificare;;;;prossimità via dei fagella;Tamponamento Multiplo;Curva senza visuale libera;Due carreggiate;Asciutto;Asfaltata;Verticale;Sereno;Normale;Buona;Ore Diurne;0;0;0;4;12.40019;41.88574;-1;1;Autovettura privata;In marcia / fermata / arresto;Conducente;M;Illeso;0;;Non accertato;Inesploso
3826195;18;16/05/2018 11:30;Strada Urbana;VIA AURELIA;da specificare;;;;prossimità via dei fagella;Tamponamento Multiplo;Curva senza visuale libera;Due carreggiate;Asciutto;Asfaltata;Verticale;Sereno;Normale;Buona;Ore Diurne;0;0;0;4;12.40019;41.88574;-1;2;Autovettura privata;In marcia / fermata / arresto;Conducente;M;Illeso;0;;Non accertato;Inesploso
3826195;18;16/05/2018 11:30;Strada Urbana;VIA AURELIA;da specificare;;;;prossimità via dei fagella;Tamponamento Multiplo;Curva senza visuale libera;Due carreggiate;Asciutto;Asfaltata;Verticale;Sereno;Normale;Buona;Ore Diurne;0;0;0;4;12.40019;41.88574;-1;2;Autovettura privata;In marcia / fermata / arresto;Passeggero;F;Illeso;0;;Non accertato;Inesploso
3826195;18;16/05/2018 11:30;Strada Urbana;VIA AURELIA;da specificare;;;;prossimità via dei fagella;Tamponamento Multiplo;Curva senza visuale libera;Due carreggiate;Asciutto;Asfaltata;Verticale;Sereno;Normale;Buona;Ore Diurne;0;0;0;4;12.40019;41.88574;-1;3;Autovettura privata;In marcia / fermata / arresto;Conducente;M;Illeso;0;;Non accertato;Inesploso
3826214;10;16/05/2018 08:35;Statale entro l'abitato;VIA TUSCOLANA;in corrispondenza;;del civico n.;1219;;Scontro laterale fra veicoli in marcia;Rettilineo;Due carreggiate;Asciutto;Asfaltata;Verticale ed orizzontale;Sereno;Intenso;Buona;Ore Diurne;0;0;1;2;12.59854;41.83771;-1;1;Autocarro inferiore 35 q.;In marcia / fermata / arresto;Conducente;M;Illeso;0;;;
3826214;10;16/05/2018 08:35;Statale entro l'abitato;VIA TUSCOLANA;in corrispondenza;;del civico n.;1219;;Scontro laterale fra veicoli in marcia;Rettilineo;Due carreggiate;Asciutto;Asfaltata;Verticale ed orizzontale;Sereno;Intenso;Buona;Ore Diurne;0;0;1;2;12.59854;41.83771;-1;1;Autocarro inferiore 35 q.;In marcia / fermata / arresto;Passeggero;M;Illeso;0;;Non accertato;
3826214;10;16/05/2018 08:35;Statale entro l'abitato;VIA TUSCOLANA;in corrispondenza;;del civico n.;1219;;Scontro laterale fra veicoli in marcia;Rettilineo;Due carreggiate;Asciutto;Asfaltata;Verticale ed orizzontale;Sereno;Intenso;Buona;Ore Diurne;0;0;1;2;12.59854;41.83771;-1;2;Motociclo a solo;In marcia / fermata / arresto;Conducente;M;Deceduto sul posto;-1;;Non accertato;
3826284;7;16/05/2018 10:30;Strada Urbana;VIALE PALMIRO TOGLIATTI;all'intersezione semaforizzata con;VIA PRENESTINA;VIA PRENESTINA;;;Scontro laterale fra veicoli in marcia;Intersezione semaforizzata;Due carreggiate;Asciutto;Asfaltata;Verticale ed orizzontale;Nuvoloso;Intenso;Buona;Ore Diurne;0;0;0;2;12.57498;41.89455;-1;1;Autovettura privata;In marcia / fermata / arresto;Conducente;M;Illeso;0;;Non accertato;Inesploso
3826284;7;16/05/2018 10:30;Strada Urbana;VIALE PALMIRO TOGLIATTI;all'intersezione semaforizzata con;VIA PRENESTINA;VIA PRENESTINA;;;Scontro laterale fra veicoli in marcia;Intersezione semaforizzata;Due carreggiate;Asciutto;Asfaltata;Verticale ed orizzontale;Nuvoloso;Intenso;Buona;Ore Diurne;0;0;0;2;12.57498;41.89455;-1;2;Autovettura privata;In marcia / fermata / arresto;Conducente;M;Illeso;0;;Non accertato;Inesploso
3826294;5;16/05/2018 12:06;;VIALE KANT;da specificare;;;;fronte via Locke;Scontro laterale fra veicoli in marcia;;;;;;;;;;0;0;0;2;12.55754;41.93259;0;1;Autocarro inferiore 35 q.;In marcia / fermata / arresto;Conducente;M;Illeso;0;;;
3826294;5;16/05/2018 12:06;;VIALE KANT;da specificare;;;;fronte via Locke;Scontro laterale fra veicoli in marcia;;;;;;;;;;0;0;0;2;12.55754;41.93259;0;2;Autovettura privata;In marcia / fermata / arresto;Conducente;M;Illeso;0;;;
3826493;9;16/05/2018 14:00;Strada Urbana;PIAZZA TARQUINIA;in prossimità;;del civico n.;13;;Investimento di pedone;Rettilineo;Una carreggiata a doppio senso;Asciutto;Asfaltata;Verticale ed orizzontale;Sereno;Normale;Buona;Ore Diurne;1;0;0;1;12.50964;41.88099;-1;;;;Pedone;F;Rimandato;0;NON DECEDUTO;;
3826493;9;16/05/2018 14:00;Strada Urbana;PIAZZA TARQUINIA;in prossimità;;del civico n.;13;;Investimento di pedone;Rettilineo;Una carreggiata a doppio senso;Asciutto;Asfaltata;Verticale ed orizzontale;Sereno;Normale;Buona;Ore Diurne;1;0;0;1;12.50964;41.88099;-1;1;Autovettura privata;In marcia / fermata / arresto;Conducente;F;Illeso;0;;Utilizzato;Inesploso
3826523;10;16/05/2018 13:30;Strada Urbana;VIA DEL PONTE DELLE SETTE MIGLIA;all'intersezione con;VIA LEOPOLDO MICUCCI;VIA LEOPOLDO MICUCCI;;;Scontro frontale/laterale DX fra veicoli in marcia;Incrocio;Una carreggiata a doppio senso;Asciutto;Asfaltata;Verticale ed orizzontale;Nuvoloso;Normale;Buona;Ore Diurne;2;0;0;1;12.60083;41.83735;-1;1;Autovettura privata;In marcia / fermata / arresto;Conducente;M;Rimandato;0;NON DECEDUTO;Non accertato;Inesploso
3826523;10;16/05/2018 13:30;Strada Urbana;VIA DEL PONTE DELLE SETTE MIGLIA;all'intersezione con;VIA LEOPOLDO MICUCCI;VIA LEOPOLDO MICUCCI;;;Scontro frontale/laterale DX fra veicoli in marcia;Incrocio;Una carreggiata a doppio senso;Asciutto;Asfaltata;Verticale ed orizzontale;Nuvoloso;Normale;Buona;Ore Diurne;2;0;0;1;12.60083;41.83735;-1;1;Autovettura privata;In marcia / fermata / arresto;Passeggero;M;Rimandato;0;NON DECEDUTO;Non accertato;Inesploso
3826523;10;16/05/2018 13:30;Strada Urbana;VIA DEL PONTE DELLE SETTE MIGLIA;all'intersezione con;VIA LEOPOLDO MICUCCI;VIA LEOPOLDO MICUCCI;;;Scontro frontale/laterale DX fra veicoli in marcia;Incrocio;Una carreggiata a doppio senso;Asciutto;Asfaltata;Verticale ed orizzontale;Nuvoloso;Normale;Buona;Ore Diurne;2;0;0;1;12.60083;41.83735;-1;2;Autovettura privata;In marcia / fermata / arresto;Conducente;M;Illeso;0;;Non accertato;Inesploso
3826580;12;16/05/2018 14:35;Strada Urbana;VIA DELLA FALCOGNANA;da specificare;;;;civ.61 I consorzio la giostra civ. 24;Scontro frontale fra veicoli in marcia;Curva senza visuale libera;Una carreggiata a doppio senso;Asciutto;Strada pavimentata dissestata;Assente;Nuvoloso;Scarso;Buona;Ore Diurne;0;0;0;4;12.58238;41.771;-1;1;Autovettura privata;In marcia / fermata / arresto;Conducente;F;Illeso;0;;Non accertato;Esploso
3826580;12;16/05/2018 14:35;Strada Urbana;VIA DELLA FALCOGNANA;da specificare;;;;civ.61 I consorzio la giostra civ. 24;Scontro frontale fra veicoli in marcia;Curva senza visuale libera;Una carreggiata a doppio senso;Asciutto;Strada pavimentata dissestata;Assente;Nuvoloso;Scarso;Buona;Ore Diurne;0;0;0;4;12.58238;41.771;-1;2;Autovettura privata;In marcia / fermata / arresto;Conducente;M;Illeso;0;;Non accertato;Inesploso
3826580;12;16/05/2018 14:35;Strada Urbana;VIA DELLA FALCOGNANA;da specificare;;;;civ.61 I consorzio la giostra civ. 24;Scontro frontale fra veicoli in marcia;Curva senza visuale libera;Una carreggiata a doppio senso;Asciutto;Strada pavimentata dissestata;Assente;Nuvoloso;Scarso;Buona;Ore Diurne;0;0;0;4;12.58238;41.771;-1;2;Autovettura privata;In marcia / fermata / arresto;Passeggero;F;Illeso;0;;Non accertato;Inesploso
3826580;12;16/05/2018 14:35;Strada Urbana;VIA DELLA FALCOGNANA;da specificare;;;;civ.61 I consorzio la giostra civ. 24;Scontro frontale fra veicoli in marcia;Curva senza visuale libera;Una carreggiata a doppio senso;Asciutto;Strada pavimentata dissestata;Assente;Nuvoloso;Scarso;Buona;Ore Diurne;0;0;0;4;12.58238;41.771;-1;2;Autovettura privata;In marcia / fermata / arresto;Passeggero;M;Illeso;0;;Utilizzato;Inesploso
3826587;7;16/05/2018 14:00;Strada Urbana;VIA PRENESTINA;all'intersezione con;VIA DI TOR TRE TESTE;VIA DI TOR TRE TESTE;;;Scontro frontale/laterale DX fra veicoli in marcia;Incrocio;Una carreggiata a doppio senso;Asciutto;Asfaltata;Verticale ed orizzontale;Sereno;Normale;Buona;Ore Diurne;2;0;0;1;12.59116;41.894;-1;1;Autovettura privata;In marcia / fermata / arresto;Conducente;F;Rimandato;0;NON DECEDUTO;Non accertato;Inesploso
3826587;7;16/05/2018 14:00;Strada Urbana;VIA PRENESTINA;all'intersezione con;VIA DI TOR TRE TESTE;VIA DI TOR TRE TESTE;;;Scontro frontale/laterale DX fra veicoli in marcia;Incrocio;Una carreggiata a doppio senso;Asciutto;Asfaltata;Verticale ed orizzontale;Sereno;Normale;Buona;Ore Diurne;2;0;0;1;12.59116;41.894;-1;1;Autovettura privata;In marcia / fermata / arresto;Passeggero;F;Illeso;0;;Non accertato;Inesploso
3826587;7;16/05/2018 14:00;Strada Urbana;VIA PRENESTINA;all'intersezione con;VIA DI TOR TRE TESTE;VIA DI TOR TRE TESTE;;;Scontro frontale/laterale DX fra veicoli in marcia;Incrocio;Una carreggiata a doppio senso;Asciutto;Asfaltata;Verticale ed orizzontale;Sereno;Normale;Buona;Ore Diurne;2;0;0;1;12.59116;41.894;-1;2;Motociclo a solo;In marcia / fermata / arresto;Conducente;M;Rimandato;0;NON DECEDUTO;Non accertato;
3826589;19;16/05/2018 08:40;Strada Urbana;VIA DELLA PINETA SACCHETTI;da specificare;;;;all'intersezione semaforica pedonale civ. 436;Investimento di pedone;Rettilineo;Due carreggiate;Asciutto;Asfaltata;Verticale ed orizzontale;Sereno;Intenso;Buona;Ore Diurne;1;0;0;2;12.42441;41.92313;-1;;;;Pedone;M;Rimandato;0;NON DECEDUTO;;
3826589;19;16/05/2018 08:40;Strada Urbana;VIA DELLA PINETA SACCHETTI;da specificare;;;;all'intersezione semaforica pedonale civ. 436;Investimento di pedone;Rettilineo;Due carreggiate;Asciutto;Asfaltata;Verticale ed orizzontale;Sereno;Intenso;Buona;Ore Diurne;1;0;0;2;12.42441;41.92313;-1;1;Autovettura privata;In marcia / fermata / arresto;Conducente;M;Illeso;0;;Non accertato;
3826589;19;16/05/2018 08:40;Strada Urbana;VIA DELLA PINETA SACCHETTI;da specificare;;;;all'intersezione semaforica pedonale civ. 436;Investimento di pedone;Rettilineo;Due carreggiate;Asciutto;Asfaltata;Verticale ed orizzontale;Sereno;Intenso;Buona;Ore Diurne;1;0;0;2;12.42441;41.92313;-1;2;Motociclo a solo;In marcia / fermata / arresto;Conducente;M;Illeso;0;;Non accertato;
3826606;8;16/05/2018 11:40;Provinciale entro l'abitato;VIA COLLATINA;in prossimità;;del civico n.;726;;Tamponamento;Rettilineo;Una carreggiata a doppio senso;Asciutto;Asfaltata;Verticale ed orizzontale;Nuvoloso;Normale;Buona;Ore Diurne;1;0;0;1;12.64155;41.9112;-1;1;Autovettura privata;In marcia / fermata / arresto;Conducente;M;Rimandato;0;NON DECEDUTO;Non accertato;Inesploso
3826606;8;16/05/2018 11:40;Provinciale entro l'abitato;VIA COLLATINA;in prossimità;;del civico n.;726;;Tamponamento;Rettilineo;Una carreggiata a doppio senso;Asciutto;Asfaltata;Verticale ed orizzontale;Nuvoloso;Normale;Buona;Ore Diurne;1;0;0;1;12.64155;41.9112;-1;2;Autovettura privata;In marcia / fermata / arresto;Conducente;M;Illeso;0;;Non accertato;Inesploso
3826615;15;16/05/2018 08:20;Strada Urbana;VIA DELLA PISANA;da specificare;;;;fronte civico 1080;Tamponamento;Curva a visuale libera;Una carreggiata a doppio senso;Asciutto;Asfaltata;Verticale;Nuvoloso;Normale;Buona;Ore Diurne;1;0;0;1;12.38897;41.85768;-1;1;Autovettura privata;In marcia / fermata / arresto;Conducente;M;Rimandato;0;NON DECEDUTO;;Inesploso
3826615;15;16/05/2018 08:20;Strada Urbana;VIA DELLA PISANA;da specificare;;;;fronte civico 1080;Tamponamento;Curva a visuale libera;Una carreggiata a doppio senso;Asciutto;Asfaltata;Verticale;Nuvoloso;Normale;Buona;Ore Diurne;1;0;0;1;12.38897;41.85768;-1;2;Autovettura privata;In marcia / fermata / arresto;Conducente;M;Illeso;0;;;Inesploso
3826637;1;16/05/2018 10:30;Strada Urbana;LARGO DELL'AMBA ARADAM;in prossimità;;del civico n.;1;;Veicolo in marcia contro ostacolo accidentale;Curva a visuale libera;Due carreggiate;Asciutto;Asfaltata;Verticale ed orizzontale;Sereno;Normale;Buona;Ore Diurne;0;0;0;2;;;0;1;Autovettura privata;In marcia / fermata / arresto;Conducente;M;Illeso;0;;Non accertato;
3826637;1;16/05/2018 10:30;Strada Urbana;LARGO DELL'AMBA ARADAM;in prossimità;;del civico n.;1;;Veicolo in marcia contro ostacolo accidentale;Curva a visuale libera;Due carreggiate;Asciutto;Asfaltata;Verticale ed orizzontale;Sereno;Normale;Buona;Ore Diurne;0;0;0;2;;;0;1;Autovettura privata;In marcia / fermata / arresto;Passeggero;M;Illeso;0;;Non accertato;
3826648;20;16/05/2018 14:30;Regionale entro l'abitato;VIA CASSIA;in corrispondenza;;del palo luce n.;281;;Veicolo in marcia contro ostacolo accidentale;Rettilineo;Una carreggiata a doppio senso;Asciutto;Con buche;Verticale ed orizzontale;Nuvoloso;Normale;Buona;Ore Diurne;0;0;0;1;12.41323;41.98292;-1;1;Motociclo a solo;In marcia / fermata / arresto;Conducente;M;Illeso;0;;Non accertato;
3826657;6;16/05/2018 15:10;Strada Urbana;VIA CONTE DI CARMAGNOLA;all'intersezione con;VIA GUGLIELMO ALBIMONTE;VIA GUGLIELMO ALBIMONTE;;;Scontro frontale/laterale SX fra veicoli in marcia;Incrocio;Una carreggiata a senso unico di marcia;Asciutto;Asfaltata;Verticale ed orizzontale;Sereno;Normale;Buona;Ore Diurne;0;0;0;3;12.53245;41.89018;-1;1;Autovettura privata;In marcia / fermata / arresto;Conducente;M;Illeso;0;;Non accertato;Inesploso
3826657;6;16/05/2018 15:10;Strada Urbana;VIA CONTE DI CARMAGNOLA;all'intersezione con;VIA GUGLIELMO ALBIMONTE;VIA GUGLIELMO ALBIMONTE;;;Scontro frontale/laterale SX fra veicoli in marcia;Incrocio;Una carreggiata a senso unico di marcia;Asciutto;Asfaltata;Verticale ed orizzontale;Sereno;Normale;Buona;Ore Diurne;0;0;0;3;12.53245;41.89018;-1;1;Autovettura privata;In marcia / fermata / arresto;Passeggero;F;Illeso;0;;Non accertato;Inesploso
3826657;6;16/05/2018 15:10;Strada Urbana;VIA CONTE DI CARMAGNOLA;all'intersezione con;VIA GUGLIELMO ALBIMONTE;VIA GUGLIELMO ALBIMONTE;;;Scontro frontale/laterale SX fra veicoli in marcia;Incrocio;Una carreggiata a senso unico di marcia;Asciutto;Asfaltata;Verticale ed orizzontale;Sereno;Normale;Buona;Ore Diurne;0;0;0;3;12.53245;41.89018;-1;2;Autovettura privata;In marcia / fermata / arresto;Conducente;M;Illeso;0;;Non accertato;Inesploso
3826698;10;16/05/2018 15:30;Strada Urbana;VIA GIUSEPPE BARILE;all'intersezione con;VIA MASSIMO SEVERO GIANNINI;VIA MASSIMO SEVERO GIANNINI;;;Scontro frontale/laterale DX fra veicoli in marcia;Incrocio;Una carreggiata a senso unico di marcia;Asciutto;Asfaltata;Verticale ed orizzontale;Nuvoloso;Normale;Buona;Ore Diurne;1;0;0;2;12.6039;41.83716;-1;1;Autovettura privata;In marcia / fermata / arresto;Conducente;M;Rimandato;0;NON DECEDUTO;;