Protocollo;Gruppo;DataOraIncidente;Localizzazione1;STRADA1;Localizzazione2;STRADA2;Strada02;Chilometrica;DaSpecificare;NaturaIncidente;particolaritastrade;TipoStrada;FondoStradale;Pavimentazione;Segnaletica;CondizioneAtmosferica;Traffico;Visibilita;Illuminazione;NUM_FERITI;NUM_RISERVATA;NUM_MORTI;NUM_ILLESI;Longitudine;Latitudine;Confermato;Progressivo;TipoVeicolo;StatoVeicolo;TipoPersona;Sesso;Tipolesione;Deceduto;DecedutoDopo;CinturaCascoUtilizzato;Airbag
3827383;8;17/05/2018 02:25;Strada Urbana;VIA PRENESTINA;in corrispondenza;;del civico n.;1186;;Veicolo in marcia contro ostacolo accidentale;Rettilineo;Una carreggiata a doppio senso;Asciutto;Con buche;Verticale ed orizzontale;Sereno;Scarso;Buona;Sufficiente;0;0;0;2;12.62386;41.89284;-1;1;Autovettura privata;In marcia / fermata / arresto;Passeggero;F;Illeso;0;;Non accertato;Inesploso
3827412;8;16/05/2018 13:40;Strada Urbana;VIA CASILINA;in prossimità;;del civico n.;1746;;Tamponamento;Rettilineo;Una carreggiata a doppio senso;Asciutto;Asfaltata;Verticale ed orizzontale;Nuvoloso;Intenso;Buona;Ore Diurne;2;0;0;2;12.66472;41.86402;-1;1;Autovettura privata;In marcia / fermata / arresto;Conducente;M;Rimandato;0;NON DECEDUTO;Non accertato;
3827412;8;16/05/2018 13:40;Strada Urbana;VIA CASILINA;in prossimità;;del civico n.;1746;;Tamponamento;Rettilineo;Una carreggiata a doppio senso;Asciutto;Asfaltata;Verticale ed orizzontale;Nuvoloso;Intenso;Buona;Ore Diurne;2;0;0;2;12.66472;41.86402;-1;1;Autovettura privata;In marcia / fermata / arresto;Passeggero;M;Rimandato;0;NON DECEDUTO;Non accertato;
3827412;8;16/05/2018 13:40;Strada Urbana;VIA CASILINA;in prossimità;;del civico n.;1746;;Tamponamento;Rettilineo;Una carreggiata a doppio senso;Asciutto;Asfaltata;Verticale ed orizzontale;Nuvoloso;Intenso;Buona;Ore Diurne;2;0;0;2;12.66472;41.86402;-1;2;Autovettura privata;In marcia / fermata / arresto;Conducente;M;Illeso;0;;Non accertato;
3827412;8;16/05/2018 13:40;Strada Urbana;VIA CASILINA;in prossimità;;del civico n.;1746;;Tamponamento;Rettilineo;Una carreggiata a doppio senso;Asciutto;Asfaltata;Verticale ed orizzontale;Nuvoloso;Intenso;Buona;Ore Diurne;2;0;0;2;12.66472;41.86402;-1;2;Autovettura privata;In marcia / fermata / arresto;Passeggero;F;Illeso;0;;Non accertato;
3827415;20;17/05/2018 07:00;Strada Urbana;VIA FLAMINIA NUOVA;in corrispondenza;;del civico n.;821;;Tamponamento Multiplo;Curva a visuale libera;Due carreggiate;Asciutto;Asfaltata;Verticale ed orizzontale;Sereno;Normale;Buona;Ore Diurne;0;0;0;4;12.4812;41.9597;-1;2;Autovettura privata;In marcia / fermata / arresto;Conducente;M;Illeso;0;;Non accertato;Inesploso
3827415;20;17/05/2018 07:00;Strada Urbana;VIA FLAMINIA NUOVA;in corrispondenza;;del civico n.;821;;Tamponamento Multiplo;Curva a visuale libera;Due carreggiate;Asciutto;Asfaltata;Verticale ed orizzontale;Sereno;Normale;Buona;Ore Diurne;0;0;0;4;12.4812;41.9597;-1;2;Autovettura privata;In marcia / fermata / arresto;Passeggero;F;Illeso;0;;Non accertato;Inesploso
3827415;20;17/05/2018 07:00;Strada Urbana;VIA FLAMINIA NUOVA;in corrispondenza;;del civico n.;821;;Tamponamento Multiplo;Curva a visuale libera;Due carreggiate;Asciutto;Asfaltata;Verticale ed orizzontale;Sereno;Normale;Buona;Ore Diurne;0;0;0;4;12.4812;41.9597;-1;3;Autovettura privata;In marcia / fermata / arresto;Conducente;M;Illeso;0;;Non accertato;Inesploso
3827415;20;17/05/2018 07:00;Strada Urbana;VIA FLAMINIA NUOVA;in corrispondenza;;del civico n.;821;;Tamponamento Multiplo;Curva a visuale libera;Due carreggiate;Asciutto;Asfaltata;Verticale ed orizzontale;Sereno;Normale;Buona;Ore Diurne;0;0;0;4;12.4812;41.9597;-1;4;Autovettura privata;In marcia / fermata / arresto;Conducente;M;Illeso;0;;Non accertato;Inesploso
3827421;11;16/05/2018 19:50;Strada Urbana;VIA DELLE SETTE CHIESE;da specificare;;;;altezza Largo Bompiani;Scontro laterale fra veicoli in marcia;Rettilineo;Due carreggiate;Asciutto;Asfaltata;Verticale ed orizzontale;Nuvoloso;Normale;Buona;Ore Diurne;0;0;0;2;12.50194;41.85933;-1;1;Autovettura privata;In marcia / fermata / arresto;Conducente;F;Illeso;0;;;
3827421;11;16/05/2018 19:50;Strada Urbana;VIA DELLE SETTE CHIESE;da specificare;;;;altezza Largo Bompiani;Scontro laterale fra veicoli in marcia;Rettilineo;Due carreggiate;Asciutto;Asfaltata;Verticale ed orizzontale;Nuvoloso;Normale;Buona;Ore Diurne;0;0;0;2;12.50194;41.85933;-1;2;Autobus urbano;In marcia / fermata / arresto;Conducente;M;Illeso;0;;;
3827425;11;16/05/2018 22:35;Strada Urbana;VIALE GUGLIELMO MARCONI;da specificare;;;;alt. via MELLONI;Scontro laterale fra veicoli in marcia;Rettilineo;Due carreggiate;Asciutto;Asfaltata;Verticale ed orizzontale;Sereno;Normale;Buona;Sufficiente;0;0;0;2;12.47244;41.85385;0;1;Autovettura privata;In marcia / fermata / arresto;Conducente;M;Illeso;0;;;
3827425;11;16/05/2018 22:35;Strada Urbana;VIALE GUGLIELMO MARCONI;da specificare;;;;alt. via MELLONI;Scontro laterale fra veicoli in marcia;Rettilineo;Due carreggiate;Asciutto;Asfaltata;Verticale ed orizzontale;Sereno;Normale;Buona;Sufficiente;0;0;0;2;12.47244;41.85385;0;2;Autovettura privata;In marcia / fermata / arresto;Conducente;M;Illeso;0;;;
3827439;20;16/05/2018 08:30;Strada Urbana;VIA GHISALBA;in corrispondenza;;del civico n.;75;;Tamponamento;Curva senza visuale libera;Una carreggiata a doppio senso;Asciutto;Asfaltata;Assente;Sereno;Normale;Buona;Ore Diurne;0;0;0;4;12.4788;41.99025;-1;1;Autovettura privata;In marcia / fermata / arresto;Conducente;M;Illeso;0;;Non accertato;Inesploso
3827439;20;16/05/2018 08:30;Strada Urbana;VIA GHISALBA;in corrispondenza;;del civico n.;75;;Tamponamento;Curva senza visuale libera;Una carreggiata a doppio senso;Asciutto;Asfaltata;Assente;Sereno;Normale;Buona;Ore Diurne;0;0;0;4;12.4788;41.99025;-1;1;Autovettura privata;In marcia / fermata / arresto;Passeggero;F;Illeso;0;;Non accertato;Inesploso
3827439;20;16/05/2018 08:30;Strada Urbana;VIA GHISALBA;in corrispondenza;;del civico n.;75;;Tamponamento;Curva senza visuale libera;Una carreggiata a doppio senso;Asciutto;Asfaltata;Assente;Sereno;Normale;Buona;Ore Diurne;0;0;0;4;12.4788;41.99025;-1;2;Autovettura privata;In marcia / fermata / arresto;Conducente;M;Illeso;0;;Non accertato;Inesploso
3827439;20;16/05/2018 08:30;Strada Urbana;VIA GHISALBA;in corrispondenza;;del civico n.;75;;Tamponamento;Curva senza visuale libera;Una carreggiata a doppio senso;Asciutto;Asfaltata;Assente;Sereno;Normale;Buona;Ore Diurne;0;0;0;4;12.4788;41.99025;-1;2;Autovettura privata;In marcia / fermata / arresto;Passeggero;F;Illeso;0;;Non accertato;Inesploso
3827455;17;17/05/2018 07:00;Strada Urbana;VIALE GIUSEPPE MAZZINI;all'intersezione semaforizzata con;VIALE ANGELICO;VIALE ANGELICO;;;Scontro laterale fra veicoli in marcia;Intersezione semaforizzata;Due carreggiate;Asciutto;Asfaltata;Verticale ed orizzontale;Sereno;Normale;Buona;Ore Diurne;0;0;0;2;12.45835;41.91528;0;1;Autovettura privata;In marcia / fermata / arresto;Conducente;F;Illeso;0;;Non accertato;Inesploso
3827455;17;17/05/2018 07:00;Strada Urbana;VIALE GIUSEPPE MAZZINI;all'intersezione semaforizzata con;VIALE ANGELICO;VIALE ANGELICO;;;Scontro laterale fra veicoli in marcia;Intersezione semaforizzata;Due carreggiate;Asciutto;Asfaltata;Verticale ed orizzontale;Sereno;Normale;Buona;Ore Diurne;0;0;0;2;12.45835;41.91528;0;2;Autocarro inferiore 35 q.;In marcia / fermata / arresto;Conducente;M;Illeso;0;;Non accertato;Inesploso
3827470;5;16/05/2018 17:00;Strada Urbana;VIA DEI MONTI TIBURTINI;da specificare;;;;in prossimità via Guglielmo Stefani;Veicolo in marcia contro veicolo fermo;Rettilineo;Due carreggiate;Asciutto;Asfaltata;Assente;Nuvoloso;Normale;Buona;Ore Diurne;0;0;0;2;12.54822;41.9153;-1;1;Autovettura privata;In marcia / fermata / arresto;Conducente;M;Illeso;0;;Non accertato;Inesploso
3827470;5;16/05/2018 17:00;Strada Urbana;VIA DEI MONTI TIBURTINI;da specificare;;;;in prossimità via Guglielmo Stefani;Veicolo in marcia contro veicolo fermo;Rettilineo;Due carreggiate;Asciutto;Asfaltata;Assente;Nuvoloso;Normale;Buona;Ore Diurne;0;0;0;2;12.54822;41.9153;-1;2;Autovettura privata;In marcia / fermata / arresto;Conducente;F;Illeso;0;;Non accertato;Inesploso
3827473;20;16/05/2018 07:15;Regionale;VIA CASSIA;da specificare;;;;Pross. Via di Baccanello;Tamponamento;Rotatoria;Una carreggiata a doppio senso;Asciutto;Asfaltata;Verticale ed orizzontale;Nuvoloso;Intenso;Buona;Ore Diurne;2;0;0;3;12.3748;42.05128;-1;1;Autocarro inferiore 35 q.;In marcia / fermata / arresto;Conducente;M;Illeso;0;;;
3827473;20;16/05/2018 07:15;Regionale;VIA CASSIA;da specificare;;;;Pross. Via di Baccanello;Tamponamento;Rotatoria;Una carreggiata a doppio senso;Asciutto;Asfaltata;Verticale ed orizzontale;Nuvoloso;Intenso;Buona;Ore Diurne;2;0;0;3;12.3748;42.05128;-1;1;Autocarro inferiore 35 q.;In marcia / fermata / arresto;Passeggero;M;Illeso;0;;;
3827473;20;16/05/2018 07:15;Regionale;VIA CASSIA;da specificare;;;;Pross. Via di Baccanello;Tamponamento;Rotatoria;Una carreggiata a doppio senso;Asciutto;Asfaltata;Verticale ed orizzontale;Nuvoloso;Intenso;Buona;Ore Diurne;2;0;0;3;12.3748;42.05128;-1;2;Autovettura privata;In marcia / fermata / arresto;Conducente;M;Rimandato;0;NON DECEDUTO;;
3827473;20;16/05/2018 07:15;Regionale;VIA CASSIA;da specificare;;;;Pross. Via di Baccanello;Tamponamento;Rotatoria;Una carreggiata a doppio senso;Asciutto;Asfaltata;Verticale ed orizzontale;Nuvoloso;Intenso;Buona;Ore Diurne;2;0;0;3;12.3748;42.05128;-1;2;Autovettura privata;In marcia / fermata / arresto;Passeggero;F;Rimandato;0;NON DECEDUTO;;
3827497;4;16/05/2018 09:30;Strada Urbana;VIALE JONIO;all'intersezione semaforizzata con;VIA CAPRAIA;VIA CAPRAIA;;;Tamponamento;Intersezione semaforizzata;Due carreggiate;Asciutto;Asfaltata;Verticale ed orizzontale;Sereno;Normale;Buona;Ore Diurne;0;0;0;3;12.53338;41.94538;-1;1;Autovettura privata;In marcia / fermata / arresto;Conducente;M;Illeso;0;;Non accertato;
3827497;4;16/05/2018 09:30;Strada Urbana;VIALE JONIO;all'intersezione semaforizzata con;VIA CAPRAIA;VIA CAPRAIA;;;Tamponamento;Intersezione semaforizzata;Due carreggiate;Asciutto;Asfaltata;Verticale ed orizzontale;Sereno;Normale;Buona;Ore Diurne;0;0;0;3;12.53338;41.94538;-1;1;Autovettura privata;In marcia / fermata / arresto;Passeggero;F;Illeso;0;;Non accertato;
3827497;4;16/05/2018 09:30;Strada Urbana;VIALE JONIO;all'intersezione semaforizzata con;VIA CAPRAIA;VIA CAPRAIA;;;Tamponamento;Intersezione semaforizzata;Due carreggiate;Asciutto;Asfaltata;Verticale ed orizzontale;Sereno;Normale;Buona;Ore Diurne;0;0;0;3;12.53338;41.94538;-1;2;Autovettura privata;In marcia / fermata / arresto;Conducente;M;Illeso;0;;Non accertato;
3827514;10;16/05/2018 18:05;Strada Urbana;VIA DELLE CAPANNELLE;da specificare;;;;mt. 100 doo civico 201 direzione Via Tuscolana;Veicolo in marcia contro ostacolo accidentale;Rettilineo;Una carreggiata a doppio senso;Asciutto;Asfaltata;Verticale ed orizzontale;Nuvoloso;Intenso;Buona;Ore Diurne;0;0;0;1;12.57497;41.84143;-1;1;Autovettura privata;In marcia / fermata / arresto;Conducente;M;Illeso;0;;Non accertato;Inesploso
3827533;5;16/05/2018 19:40;Strada Urbana;VIALE PALMIRO TOGLIATTI;da specificare;;;;alt. svincolo Tiburtina (100 metri prima svincolo);Veicolo in marcia contro ostacolo accidentale;Rettilineo;Due carreggiate;Asciutto;Asfaltata;Verticale ed orizzontale;Nuvoloso;Scarso;Sufficiente;Ore Diurne;0;0;0;1;12.56766;41.91923;-1;1;Motociclo a solo;In marcia / fermata / arresto;Conducente;M;Illeso;0;;Non accertato;
3827552;18;16/05/2018 20:30;Strada Urbana;VIA LEONE X;in prossimità;;del civico n.;10;;Veicolo in marcia contro veicolo in sosta;Rettilineo;Una carreggiata a senso unico di marcia;Asciutto;Asfaltata;Assente;Sereno;Scarso;Buona;Sufficiente;0;0;0;1;12.42109;41.90412;-1;1;Autovettura privata;In marcia / fermata / arresto;Conducente;M;Illeso;0;;Non accertato;Inesploso
3827562;17;16/05/2018;Strada Urbana;VIA PAOLO EMILIO;in prossimità;;del civico n.;27;;Veicolo in marcia contro veicolo in sosta;Rettilineo;Una carreggiata a senso unico di marcia;Asciutto;Asfaltata;Verticale ed orizzontale;Nuvoloso;Normale;Sufficiente;Ore Diurne;0;0;0;1;12.4635;41.90855;-1;2;Autovettura privata;In marcia / fermata / arresto;Conducente;F;Illeso;0;;;
3827564;4;16/05/2018 10:20;Strada Urbana;VIA ALTAGNANA;da specificare;;;;rampa immissione su viadotto Saragat;Veicolo in marcia contro ostacolo accidentale;Rettilineo;Due carreggiate;Asciutto;Asfaltata;Verticale;Sereno;Scarso;Buona;Ore Diurne;0;0;0;2;12.51589;41.97702;0;1;Autovettura privata;In marcia / fermata / arresto;Conducente;M;Illeso;0;;;
3827564;4;16/05/2018 10:20;Strada Urbana;VIA ALTAGNANA;da specificare;;;;rampa immissione su viadotto Saragat;Veicolo in marcia contro ostacolo accidentale;Rettilineo;Due carreggiate;Asciutto;Asfaltata;Verticale;Sereno;Scarso;Buona;Ore Diurne;0;0;0;2;12.51589;41.97702;0;1;Autovettura privata;In marcia / fermata / arresto;Passeggero;F;Illeso;0;;;
3827575;1;16/05/2018 20:35;Strada Urbana;VIA DEI LATERANI;da specificare;;;;altezza palo acea n. 5;Veicolo in marcia contro ostacolo accidentale;Rettilineo;Una carreggiata a senso unico di marcia;Asciutto;Strada pavimentata dissestata;Verticale ed orizzontale;Sereno;Normale;Sufficiente;Sufficiente;0;0;0;2;;;0;1;Autocarro inferiore 35 q.;In marcia / fermata / arresto;Conducente;M;Illeso;0;;;
3827575;1;16/05/2018 20:35;Strada Urbana;VIA DEI LATERANI;da specificare;;;;altezza palo acea n. 5;Veicolo in marcia contro ostacolo accidentale;Rettilineo;Una carreggiata a senso unico di marcia;Asciutto;Strada pavimentata dissestata;Verticale ed orizzontale;Sereno;Normale;Sufficiente;Sufficiente;0;0;0;2;;;0;1;Autocarro inferiore 35 q.;In marcia / fermata / arresto;Passeggero;F;Illeso;0;;;
3827577;19;16/05/2018 15:10;Strada Urbana;VIA TRIONFALE;all'intersezione con;VIALE MONFORTANI;VIALE MONFORTANI;;;Scontro laterale fra veicoli in marcia;Incrocio;Una carreggiata a senso unico di marcia;Asciutto;Asfaltata;Verticale ed orizzontale;Nuvoloso;Intenso;Buona;Ore Diurne;0;0;0;2;12.41855;41.94431;-1;1;Autovettura privata;In marcia / fermata / arresto;Conducente;F;Illeso;0;;Non accertato;
3827577;19;16/05/2018 15:10;Strada Urbana;VIA TRIONFALE;all'intersezione con;VIALE MONFORTANI;VIALE MONFORTANI;;;Scontro laterale fra veicoli in marcia;Incrocio;Una carreggiata a senso unico di marcia;Asciutto;Asfaltata;Verticale ed orizzontale;Nuvoloso;Intenso;Buona;Ore Diurne;0;0;0;2;12.41855;41.94431;-1;1;Autovettura privata;In marcia / fermata / arresto;Passeggero;F;Illeso;0;;Non accertato;
3827610;18;16/05/2018 23:20;Strada Urbana;VIA FRACONALTO;in prossimità;;del civico n.;141B;;Scontro frontale/laterale DX fra veicoli in marcia;Rettilineo;Una carreggiata a doppio senso;Asciutto;Asfaltata;Assente;Sereno;Scarso;Insufficiente;Inesistente;3;0;0;2;12.38738;41.92163;-1;1;Autovettura privata;In marcia / fermata / arresto;Conducente;M;Rimandato;0;NON DECEDUTO;;
3827610;18;16/05/2018 23:20;Strada Urbana;VIA FRACONALTO;in prossimità;;del civico n.;141B;;Scontro frontale/laterale DX fra veicoli in marcia;Rettilineo;Una carreggiata a doppio senso;Asciutto;Asfaltata;Assente;Sereno;Scarso;Insufficiente;Inesistente;3;0;0;2;12.38738;41.92163;-1;2;Autovettura privata;In marcia / fermata / arresto;Conducente;M;Rimandato;0;NON DECEDUTO;;
3827610;18;16/05/2018 23:20;Strada Urbana;VIA FRACONALTO;in prossimità;;del civico n.;141B;;Scontro frontale/laterale DX fra veicoli in marcia;Rettilineo;Una carreggiata a doppio senso;Asciutto;Asfaltata;Assente;Sereno;Scarso;Insufficiente;Inesistente;3;0;0;2;12.38738;41.92163;-1;2;Autovettura privata;In marcia / fermata / arresto;Passeggero;F;Illeso;0;;;
3827610;18;16/05/2018 23:20;Strada Urbana;VIA FRACONALTO;in prossimità;;del civico n.;141B;;Scontro frontale/laterale DX fra veicoli in marcia;Rettilineo;Una carreggiata a doppio senso;Asciutto;Asfaltata;Assente;Sereno;Scarso;Insufficiente;Inesistente;3;0;0;2;12.38738;41.92163;-1;2;Autovettura privata;In marcia / fermata / arresto;Passeggero;M;Rimandato;0;NON DECEDUTO;;
3827612;4;16/05/2018 08:20;Strada Urbana;PIAZZA PIER CARLO TALENTI;all'intersezione semaforizzata con;VIA ETTORE ROMAGNOLI;VIA ETTORE ROMAGNOLI;;;Infortunio per sola frenata improvvisa;Incrocio;Due carreggiate;Asciutto;Asfaltata;Verticale ed orizzontale;Sereno;Intenso;Buona;Ore Diurne;0;0;0;3;12.54772;41.94371;-1;1;Motociclo a solo;In marcia / fermata / arresto;Conducente;M;Illeso;0;;;
3827612;4;16/05/2018 08:20;Strada Urbana;PIAZZA PIER CARLO TALENTI;all'intersezione semaforizzata con;VIA ETTORE ROMAGNOLI;VIA ETTORE ROMAGNOLI;;;Infortunio per sola frenata improvvisa;Incrocio;Due carreggiate;Asciutto;Asfaltata;Verticale ed orizzontale;Sereno;Intenso;Buona;Ore Diurne;0;0;0;3;12.54772;41.94371;-1;2;Autovettura privata;In marcia / fermata / arresto;Conducente;M;Illeso;0;;;
3827612;4;16/05/2018 08:20;Strada Urbana;PIAZZA PIER CARLO TALENTI;all'intersezione semaforizzata con;VIA ETTORE ROMAGNOLI;VIA ETTORE ROMAGNOLI;;;Infortunio per sola frenata improvvisa;Incrocio;Due carreggiate;Asciutto;Asfaltata;Verticale ed orizzontale;Sereno;Intenso;Buona;Ore Diurne;0;0;0;3;12.54772;41.94371;-1;2;Autovettura privata;In marcia / fermata / arresto;Passeggero;M;Illeso;0;;;
3827615;6;17/05/2018 06:30;Statale entro l'abitato;VIA CASILINA;all'intersezione semaforizzata con;VIALE DELLA PRIMAVERA;VIALE DELLA PRIMAVERA;;;Scontro frontale/laterale SX fra veicoli in marcia;Intersezione semaforizzata;Due carreggiate;Asciutto;Asfaltata;Verticale ed orizzontale;Sereno;Normale;Buona;Ore Diurne;1;0;0;1;12.5576;41.87566;-1;1;Autovettura privata;In marcia / fermata / arresto;Conducente;M;Rimandato;0;NON DECEDUTO;Non accertato;Inesploso
3827615;6;17/05/2018 06:30;Statale entro l'abitato;VIA CASILINA;all'intersezione semaforizzata con;VIALE DELLA PRIMAVERA;VIALE DELLA PRIMAVERA;;;Scontro frontale/laterale SX fra veicoli in marcia;Intersezione semaforizzata;Due carreggiate;Asciutto;Asfaltata;Verticale ed orizzontale;Sereno;Normale;Buona;Ore Diurne;1;0;0;1;12.5576;41.87566;-1;2;Autocarro inferiore 35 q.;In marcia / fermata / arresto;Conducente;M;Illeso;0;;Non accertato;Inesploso
3827624;1;16/05/2018 17:50;Strada Urbana;VIA DEL TEATRO DI MARCELLO;all'intersezione semaforizzata con;VIA DEL FORO OLITORIO;VIA DEL FORO OLITORIO;;;Scontro laterale fra veicoli in marcia;Intersezione semaforizzata;Una carreggiata a doppio senso;Asciutto;In cubetti di porfido;Verticale ed orizzontale;Sereno;Normale;Buona;Ore Diurne;0;0;0;2;12.48044;41.89093;-1;1;Autobus di linea;In marcia / fermata / arresto;Conducente;M;Illeso;0;;;
3827624;1;16/05/2018 17:50;Strada Urbana;VIA DEL TEATRO DI MARCELLO;all'intersezione semaforizzata con;VIA DEL FORO OLITORIO;VIA DEL FORO OLITORIO;;;Scontro laterale fra veicoli in marcia;Intersezione semaforizzata;Una carreggiata a doppio senso;Asciutto;In cubetti di porfido;Verticale ed orizzontale;Sereno;Normale;Buona;Ore Diurne;0;0;0;2;12.48044;41.89093;-1;2;Motociclo a solo;In marcia / fermata / arresto;Conducente;M;Illeso;0;;;
3827653;1;16/05/2018 21:50;Strada Urbana;VIA TOSCANA;all'intersezione con;VIA SARDEGNA;VIA SARDEGNA;;;Scontro frontale/laterale SX fra veicoli in marcia;Incrocio;Una carreggiata a senso unico di marcia;Asciutto;Asfaltata;Verticale ed orizzontale;Sereno;Scarso;Sufficiente;Sufficiente;0;0;0;3;12.49119;41.90939;-1;1;Autovettura privata;In marcia / fermata / arresto;Conducente;M;Illeso;0;;Non accertato;Inesploso
3827653;1;16/05/2018 21:50;Strada Urbana;VIA TOSCANA;all'intersezione con;VIA SARDEGNA;VIA SARDEGNA;;;Scontro frontale/laterale SX fra veicoli in marcia;Incrocio;Una carreggiata a senso unico di marcia;Asciutto;Asfaltata;Verticale ed orizzontale;Sereno;Scarso;Sufficiente;Sufficiente;0;0;0;3;12.49119;41.90939;-1;2;Autovettura privata;In marcia / fermata / arresto;Conducente;M;Illeso;0;;Non accertato;Inesploso
3827653;1;16/05/2018 21:50;Strada Urbana;VIA TOSCANA;all'intersezione con;VIA SARDEGNA;VIA SARDEGNA;;;Scontro frontale/laterale SX fra veicoli in marcia;Incrocio;Una carreggiata a senso unico di marcia;Asciutto;Asfaltata;Verticale ed orizzontale;Sereno;Scarso;Sufficiente;Sufficiente;0;0;0;3;12.49119;41.90939;-1;3;Autovettura privata;In marcia / fermata / arresto;Conducente;M;Illeso;0;;Non accertato;Inesploso
3827668;2;15/05/2018 18:45;Strada Urbana;VIA SALARIA;in corrispondenza;;del civico n.;267;;Veicolo in marcia contro ostacolo accidentale;Rettilineo;Una carreggiata a doppio senso;Bagnato (umidità in atto);Asfaltata;Verticale ed orizzontale;Nuvoloso;Normale;Buona;Ore Diurne;0;0;0;2;12.50229;41.92624;-1;1;Motociclo a solo;In marcia / fermata / arresto;Conducente;M;Illeso;0;;;
3827668;2;15/05/2018 18:45;Strada Urbana;VIA SALARIA;in corrispondenza;;del civico n.;267;;Veicolo in marcia contro ostacolo accidentale;Rettilineo;Una carreggiata a doppio senso;Bagnato (umidità in atto);Asfaltata;Verticale ed orizzontale;Nuvoloso;Normale;Buona;Ore Diurne;0;0;0;2;12.50229;41.92624;-1;2;Autovettura privata;In marcia / fermata / arresto;Conducente;M;Illeso;0;;;
3827674;2;16/05/2018 09:50;Strada Urbana;CIRCONVALLAZIONE SALARIA;da specificare;;;;dir. stadio pross. rampa ingr. da Via Salaria/GRA;Scontro laterale fra veicoli in marcia;Rettilineo;Una carreggiata a senso unico di marcia;Asciutto;Asfaltata;Orizzontale;Nuvoloso;Intenso;Buona;Ore Diurne;0;0;0;2;12.52092;41.93437;-1;1;Autovettura privata;In marcia / fermata / arresto;Conducente;M;Illeso;0;;Non accertato;Inesploso
3827674;2;16/05/2018 09:50;Strada Urbana;CIRCONVALLAZIONE SALARIA;da specificare;;;;dir. stadio pross. rampa ingr. da Via Salaria/GRA;Scontro laterale fra veicoli in marcia;Rettilineo;Una carreggiata a senso unico di marcia;Asciutto;Asfaltata;Orizzontale;Nuvoloso;Intenso;Buona;Ore Diurne;0;0;0;2;12.52092;41.93437;-1;2;Autovettura privata;In marcia / fermata / arresto;Conducente;M;Illeso;0;;Non accertato;Inesploso
3827677;2;16/05/2018 14:15;Strada Urbana;VIA DEL SACRO CUORE DI MARIA;in prossimità;;del civico n.;18d;;Scontro laterale fra veicoli in marcia;Rettilineo;Una carreggiata a senso unico di marcia;Asciutto;Asfaltata;Verticale ed orizzontale;Sereno;Normale;Buona;Ore Diurne;0;0;0;5;12.48208;41.92792;-1;1;Autovettura privata;In marcia / fermata / arresto;Conducente;M;Illeso;0;;Non accertato;Inesploso
3827677;2;16/05/2018 14:15;Strada Urbana;VIA DEL SACRO CUORE DI MARIA;in prossimità;;del civico n.;18d;;Scontro laterale fra veicoli in marcia;Rettilineo;Una carreggiata a senso unico di marcia;Asciutto;Asfaltata;Verticale ed orizzontale;Sereno;Normale;Buona;Ore Diurne;0;0;0;5;12.48208;41.92792;-1;1;Autovettura privata;In marcia / fermata / arresto;Passeggero;F;Illeso;0;;Non accertato;Inesploso
3827677;2;16/05/2018 14:15;Strada Urbana;VIA DEL SACRO CUORE DI MARIA;in prossimità;;del civico n.;18d;;Scontro laterale fra veicoli in marcia;Rettilineo;Una carreggiata a senso unico di marcia;Asciutto;Asfaltata;Verticale ed orizzontale;Sereno;Normale;Buona;Ore Diurne;0;0;0;5;12.48208;41.92792;-1;1;Autovettura privata;In marcia / fermata / arresto;Passeggero;F;Illeso;0;;Non accertato;Inesploso
3827677;2;16/05/2018 14:15;Strada Urbana;VIA DEL SACRO CUORE DI MARIA;in prossimità;;del civico n.;18d;;Scontro laterale fra veicoli in marcia;Rettilineo;Una carreggiata a senso unico di marcia;Asciutto;Asfaltata;Verticale ed orizzontale;Sereno;Normale;Buona;Ore Diurne;0;0;0;5;12.48208;41.92792;-1;1;Autovettura privata;In marcia / fermata / arresto;Passeggero;F;Illeso;0;;Non accertato;Inesploso
3827677;2;16/05/2018 14:15;Strada Urbana;VIA DEL SACRO CUORE DI MARIA;in prossimità;;del civico n.;18d;;Scontro laterale fra veicoli in marcia;Rettilineo;Una carreggiata a senso unico di marcia;Asciutto;Asfaltata;Verticale ed orizzontale;Sereno;Normale;Buona;Ore Diurne;0;0;0;5;12.48208;41.92792;-1;2;Autovettura privata;In marcia / fermata / arresto;Conducente;M;Illeso;0;;Non accertato;Inesploso
3827679;1;16/05/2018 20:20;Strada Urbana;LUNGOTEVERE IN AUGUSTA;da specificare;;;;albero n. 31;Tamponamento;Rettilineo;Una carreggiata a senso unico di marcia;Asciutto;Asfaltata;Verticale ed orizzontale;Sereno;Normale;Sufficiente;Sufficiente;0;0;0;2;12.47475;41.90763;-1;1;Autovettura privata;In marcia / fermata / arresto;Conducente;M;Illeso;0;;;
3827679;1;16/05/2018 20:20;Strada Urbana;LUNGOTEVERE IN AUGUSTA;da specificare;;;;albero n. 31;Tamponamento;Rettilineo;Una carreggiata a senso unico di marcia;Asciutto;Asfaltata;Verticale ed orizzontale;Sereno;Normale;Sufficiente;Sufficiente;0;0;0;2;12.47475;41.90763;-1;2;Autovettura privata;In marcia / fermata / arresto;Conducente;M;Illeso;0;;;