Protocollo;Gruppo;DataOraIncidente;Localizzazione1;STRADA1;Localizzazione2;STRADA2;Strada02;Chilometrica;DaSpecificare;NaturaIncidente;particolaritastrade;TipoStrada;FondoStradale;Pavimentazione;Segnaletica;CondizioneAtmosferica;Traffico;Visibilita;Illuminazione;NUM_FERITI;NUM_RISERVATA;NUM_MORTI;NUM_ILLESI;Longitudine;Latitudine;Confermato;Progressivo;TipoVeicolo;StatoVeicolo;TipoPersona;Sesso;Tipolesione;Deceduto;DecedutoDopo;CinturaCascoUtilizzato;Airbag
3833408;8;20/05/2018 04:15;Strada Urbana;VIA TUSCOLANA;in corrispondenza;;del civico n.;506;;Ribaltamento senza urto contro ostacolo fisso;Rettilineo;Due carreggiate;Asciutto;Asfaltata;Verticale ed orizzontale;Sereno;Scarso;Sufficiente;Sufficiente;0;0;0;1;12.53573;41.87029;-1;1;Autovettura privata;In marcia / fermata / arresto;Conducente;M;Illeso;0;;Non accertato;Esploso
3833410;7;20/05/2018 11:15;Strada Urbana;VIA DEI CASTANI;all'intersezione con;VIA DELLE PALME;VIA DELLE PALME;;;Scontro laterale fra veicoli in marcia;Incrocio;Due carreggiate;Asciutto;Asfaltata;Verticale ed orizzontale;Sereno;Scarso;Buona;Ore Diurne;0;0;0;2;12.56509;41.88933;-1;1;Autovettura privata;In marcia / fermata / arresto;Conducente;M;Illeso;0;;Non accertato;Inesploso
3833410;7;20/05/2018 11:15;Strada Urbana;VIA DEI CASTANI;all'intersezione con;VIA DELLE PALME;VIA DELLE PALME;;;Scontro laterale fra veicoli in marcia;Incrocio;Due carreggiate;Asciutto;Asfaltata;Verticale ed orizzontale;Sereno;Scarso;Buona;Ore Diurne;0;0;0;2;12.56509;41.88933;-1;2;Velocipede;In marcia / fermata / arresto;Conducente;M;Illeso;0;;Esente;
3833411;10;18/05/2018 19:15;Strada Urbana;VIA ALIMENA;da specificare;;;;altezza via O. Raimondo;Tamponamento Multiplo;Rettilineo;Una carreggiata a doppio senso;Asciutto;Asfaltata;Orizzontale;Sereno;Intenso;Buona;Ore Diurne;2;0;0;1;12.59788;41.84848;-1;1;Autovettura privata;In marcia / fermata / arresto;Conducente;M;Illeso;0;;Non accertato;Inesploso
3833411;10;18/05/2018 19:15;Strada Urbana;VIA ALIMENA;da specificare;;;;altezza via O. Raimondo;Tamponamento Multiplo;Rettilineo;Una carreggiata a doppio senso;Asciutto;Asfaltata;Orizzontale;Sereno;Intenso;Buona;Ore Diurne;2;0;0;1;12.59788;41.84848;-1;2;Autovettura privata;In marcia / fermata / arresto;Conducente;F;Rimandato;0;NON DECEDUTO;Non accertato;Inesploso
3833411;10;18/05/2018 19:15;Strada Urbana;VIA ALIMENA;da specificare;;;;altezza via O. Raimondo;Tamponamento Multiplo;Rettilineo;Una carreggiata a doppio senso;Asciutto;Asfaltata;Orizzontale;Sereno;Intenso;Buona;Ore Diurne;2;0;0;1;12.59788;41.84848;-1;3;Autovettura privata;In marcia / fermata / arresto;Conducente;F;Rimandato;0;NON DECEDUTO;Non accertato;Inesploso
3833412;11;20/05/2018 17:25;Strada Urbana;CIRCONVALLAZIONE OSTIENSE;da specificare;;;;Sottopasso - curva tra Circ.Ostiense e C. Colombo;Tamponamento;Curva a visuale libera;Una carreggiata a senso unico di marcia;Asciutto;Asfaltata;Verticale ed orizzontale;Sereno;Normale;Buona;Ore Diurne;0;0;0;3;12.49591;41.86731;-1;1;Autovettura privata;In marcia / fermata / arresto;Conducente;F;Illeso;0;;;
3833412;11;20/05/2018 17:25;Strada Urbana;CIRCONVALLAZIONE OSTIENSE;da specificare;;;;Sottopasso - curva tra Circ.Ostiense e C. Colombo;Tamponamento;Curva a visuale libera;Una carreggiata a senso unico di marcia;Asciutto;Asfaltata;Verticale ed orizzontale;Sereno;Normale;Buona;Ore Diurne;0;0;0;3;12.49591;41.86731;-1;1;Autovettura privata;In marcia / fermata / arresto;Passeggero;F;Illeso;0;;;
3833412;11;20/05/2018 17:25;Strada Urbana;CIRCONVALLAZIONE OSTIENSE;da specificare;;;;Sottopasso - curva tra Circ.Ostiense e C. Colombo;Tamponamento;Curva a visuale libera;Una carreggiata a senso unico di marcia;Asciutto;Asfaltata;Verticale ed orizzontale;Sereno;Normale;Buona;Ore Diurne;0;0;0;3;12.49591;41.86731;-1;2;Autovettura privata;In marcia / fermata / arresto;Conducente;M;Illeso;0;;;
3833416;13;20/05/2018 15:20;Strada Urbana;VIALE ALESSANDRO MAGNO;da specificare;;;;I palo Acea dopo incrocio via Erodoto;Veicolo in marcia contro ostacolo fisso;Rettilineo;Due carreggiate;Asciutto;Asfaltata;Assente;Nuvoloso;Scarso;Buona;Ore Diurne;0;0;0;2;12.34882;41.74566;-1;1;Autovettura privata;In marcia / fermata / arresto;Conducente;F;Illeso;0;;Non accertato;Esploso
3833416;13;20/05/2018 15:20;Strada Urbana;VIALE ALESSANDRO MAGNO;da specificare;;;;I palo Acea dopo incrocio via Erodoto;Veicolo in marcia contro ostacolo fisso;Rettilineo;Due carreggiate;Asciutto;Asfaltata;Assente;Nuvoloso;Scarso;Buona;Ore Diurne;0;0;0;2;12.34882;41.74566;-1;1;Autovettura privata;In marcia / fermata / arresto;Passeggero;M;Illeso;0;;Non accertato;Esploso
3833417;17;18/05/2018 12:25;Strada Urbana;VIALE GIULIO CESARE;all'intersezione con;VIA LEPANTO;VIA LEPANTO;;;Scontro laterale fra veicoli in marcia;Intersezione semaforizzata;Più di due carreggiate;Asciutto;Asfaltata;Verticale ed orizzontale;Sereno;Normale;Buona;Ore Diurne;1;0;0;1;12.46606;41.9115;-1;1;Autovettura privata;In marcia / fermata / arresto;Conducente;F;Illeso;0;;;
3833417;17;18/05/2018 12:25;Strada Urbana;VIALE GIULIO CESARE;all'intersezione con;VIA LEPANTO;VIA LEPANTO;;;Scontro laterale fra veicoli in marcia;Intersezione semaforizzata;Più di due carreggiate;Asciutto;Asfaltata;Verticale ed orizzontale;Sereno;Normale;Buona;Ore Diurne;1;0;0;1;12.46606;41.9115;-1;2;Motociclo a solo;In marcia / fermata / arresto;Conducente;M;Rifiuta cure immediate;0;NON DECEDUTO;;
3833422;10;20/05/2018 10:00;Strada Urbana;VIA DI PASSOLOMBARDO;da specificare;;;;circa mt. 50/60 prima del civ. 242;Veicolo in marcia contro ostacolo accidentale;Curva senza visuale libera;Una carreggiata a doppio senso;Asciutto;Asfaltata;Orizzontale;Sereno;Scarso;Buona;Ore Diurne;0;0;0;2;12.63356;41.83451;-1;1;Autovettura privata;In marcia / fermata / arresto;Conducente;F;Illeso;0;;Non accertato;Inesploso
3833422;10;20/05/2018 10:00;Strada Urbana;VIA DI PASSOLOMBARDO;da specificare;;;;circa mt. 50/60 prima del civ. 242;Veicolo in marcia contro ostacolo accidentale;Curva senza visuale libera;Una carreggiata a doppio senso;Asciutto;Asfaltata;Orizzontale;Sereno;Scarso;Buona;Ore Diurne;0;0;0;2;12.63356;41.83451;-1;1;Autovettura privata;In marcia / fermata / arresto;Passeggero;M;Illeso;0;;Non accertato;Inesploso
3833426;1;18/05/2018 07:10;Strada Urbana;VIA DELL'AMBA ARADAM;in prossimità;;del civico n.;9;;Investimento di pedone;Rettilineo;Una carreggiata a senso unico di marcia;Asciutto;Asfaltata;Assente;Sereno;Intenso;Buona;Ore Diurne;1;0;0;0;12.5023;41.8852;0;;;;Pedone;M;Rimandato;0;NON DECEDUTO;;
3833427;12;20/05/2018 18:35;Provinciale;VIA DI PRATICA;da specificare;;;;civico 265;Tamponamento;Rettilineo;Una carreggiata a doppio senso;Asciutto;Asfaltata;Verticale ed orizzontale;Sereno;Normale;Sufficiente;Ore Diurne;0;0;0;2;12.44731;41.68733;-1;1;Motociclo a solo;In marcia / fermata / arresto;Conducente;M;Illeso;0;;;
3833427;12;20/05/2018 18:35;Provinciale;VIA DI PRATICA;da specificare;;;;civico 265;Tamponamento;Rettilineo;Una carreggiata a doppio senso;Asciutto;Asfaltata;Verticale ed orizzontale;Sereno;Normale;Sufficiente;Ore Diurne;0;0;0;2;12.44731;41.68733;-1;2;Autovettura privata;In marcia / fermata / arresto;Conducente;M;Illeso;0;;Non accertato;Inesploso
3833428;4;19/05/2018 12:00;Provinciale entro l'abitato;VIA NOMENTANA;da specificare;;;;fronte civico 859;Scontro frontale/laterale SX fra veicoli in marcia;Rettilineo;Una carreggiata a doppio senso;Asciutto;Asfaltata;Verticale ed orizzontale;Sereno;Normale;Buona;Ore Diurne;0;0;0;2;12.57281;41.95789;-1;1;Autovettura privata;In marcia / fermata / arresto;Conducente;M;Illeso;0;;;
3833428;4;19/05/2018 12:00;Provinciale entro l'abitato;VIA NOMENTANA;da specificare;;;;fronte civico 859;Scontro frontale/laterale SX fra veicoli in marcia;Rettilineo;Una carreggiata a doppio senso;Asciutto;Asfaltata;Verticale ed orizzontale;Sereno;Normale;Buona;Ore Diurne;0;0;0;2;12.57281;41.95789;-1;2;Motociclo a solo;In marcia / fermata / arresto;Conducente;M;Illeso;0;;;
3833436;11;20/05/2018 18:35;Strada Urbana;VIA CRISTOFORO COLOMBO;da specificare;;;;alt. piazza dei Navigatori;Scontro laterale fra veicoli in marcia;Rettilineo;Più di due carreggiate;Asciutto;Asfaltata;Verticale ed orizzontale;Sereno;Normale;Buona;Ore Diurne;0;0;0;6;12.49842;41.86008;-1;1;Autocarro inferiore 35 q.;In marcia / fermata / arresto;Conducente;M;Illeso;0;;Non accertato;
3833436;11;20/05/2018 18:35;Strada Urbana;VIA CRISTOFORO COLOMBO;da specificare;;;;alt. piazza dei Navigatori;Scontro laterale fra veicoli in marcia;Rettilineo;Più di due carreggiate;Asciutto;Asfaltata;Verticale ed orizzontale;Sereno;Normale;Buona;Ore Diurne;0;0;0;6;12.49842;41.86008;-1;1;Autocarro inferiore 35 q.;In marcia / fermata / arresto;Passeggero;M;Illeso;0;;Non accertato;
3833436;11;20/05/2018 18:35;Strada Urbana;VIA CRISTOFORO COLOMBO;da specificare;;;;alt. piazza dei Navigatori;Scontro laterale fra veicoli in marcia;Rettilineo;Più di due carreggiate;Asciutto;Asfaltata;Verticale ed orizzontale;Sereno;Normale;Buona;Ore Diurne;0;0;0;6;12.49842;41.86008;-1;1;Autocarro inferiore 35 q.;In marcia / fermata / arresto;Passeggero;M;Illeso;0;;Non accertato;
3833436;11;20/05/2018 18:35;Strada Urbana;VIA CRISTOFORO COLOMBO;da specificare;;;;alt. piazza dei Navigatori;Scontro laterale fra veicoli in marcia;Rettilineo;Più di due carreggiate;Asciutto;Asfaltata;Verticale ed orizzontale;Sereno;Normale;Buona;Ore Diurne;0;0;0;6;12.49842;41.86008;-1;2;Autovettura privata;In marcia / fermata / arresto;Conducente;M;Illeso;0;;Non accertato;
3833436;11;20/05/2018 18:35;Strada Urbana;VIA CRISTOFORO COLOMBO;da specificare;;;;alt. piazza dei Navigatori;Scontro laterale fra veicoli in marcia;Rettilineo;Più di due carreggiate;Asciutto;Asfaltata;Verticale ed orizzontale;Sereno;Normale;Buona;Ore Diurne;0;0;0;6;12.49842;41.86008;-1;2;Autovettura privata;In marcia / fermata / arresto;Passeggero;F;Illeso;0;;Non accertato;
3833437;20;20/05/2018 06:20;Strada Urbana;CORSO DI FRANCIA;all'intersezione con;VIA LUIGI BODIO;VIA LUIGI BODIO;;;Veicolo in marcia contro veicoli in sosta;Intersezione semaforizzata;Più di due carreggiate;Asciutto;Asfaltata;Verticale ed orizzontale;Sereno;Scarso;Buona;Sufficiente;2;0;0;4;12.47168;41.93671;-1;1;Autovettura privata;In marcia / fermata / arresto;Conducente;M;Illeso;0;;Non accertato;Inesploso
3833437;20;20/05/2018 06:20;Strada Urbana;CORSO DI FRANCIA;all'intersezione con;VIA LUIGI BODIO;VIA LUIGI BODIO;;;Veicolo in marcia contro veicoli in sosta;Intersezione semaforizzata;Più di due carreggiate;Asciutto;Asfaltata;Verticale ed orizzontale;Sereno;Scarso;Buona;Sufficiente;2;0;0;4;12.47168;41.93671;-1;1;Autovettura privata;In marcia / fermata / arresto;Passeggero;M;Illeso;0;;Non accertato;Inesploso
3833437;20;20/05/2018 06:20;Strada Urbana;CORSO DI FRANCIA;all'intersezione con;VIA LUIGI BODIO;VIA LUIGI BODIO;;;Veicolo in marcia contro veicoli in sosta;Intersezione semaforizzata;Più di due carreggiate;Asciutto;Asfaltata;Verticale ed orizzontale;Sereno;Scarso;Buona;Sufficiente;2;0;0;4;12.47168;41.93671;-1;4;Autovettura privata;In marcia / fermata / arresto;Conducente;M;Illeso;0;;Utilizzato;Inesploso
3833437;20;20/05/2018 06:20;Strada Urbana;CORSO DI FRANCIA;all'intersezione con;VIA LUIGI BODIO;VIA LUIGI BODIO;;;Veicolo in marcia contro veicoli in sosta;Intersezione semaforizzata;Più di due carreggiate;Asciutto;Asfaltata;Verticale ed orizzontale;Sereno;Scarso;Buona;Sufficiente;2;0;0;4;12.47168;41.93671;-1;4;Autovettura privata;In marcia / fermata / arresto;Passeggero;M;Illeso;0;;Utilizzato;Inesploso
3833437;20;20/05/2018 06:20;Strada Urbana;CORSO DI FRANCIA;all'intersezione con;VIA LUIGI BODIO;VIA LUIGI BODIO;;;Veicolo in marcia contro veicoli in sosta;Intersezione semaforizzata;Più di due carreggiate;Asciutto;Asfaltata;Verticale ed orizzontale;Sereno;Scarso;Buona;Sufficiente;2;0;0;4;12.47168;41.93671;-1;4;Autovettura privata;In marcia / fermata / arresto;Passeggero;F;Rimandato;0;NON DECEDUTO;Non accertato;Inesploso
3833437;20;20/05/2018 06:20;Strada Urbana;CORSO DI FRANCIA;all'intersezione con;VIA LUIGI BODIO;VIA LUIGI BODIO;;;Veicolo in marcia contro veicoli in sosta;Intersezione semaforizzata;Più di due carreggiate;Asciutto;Asfaltata;Verticale ed orizzontale;Sereno;Scarso;Buona;Sufficiente;2;0;0;4;12.47168;41.93671;-1;4;Autovettura privata;In marcia / fermata / arresto;Passeggero;F;Rimandato;0;NON DECEDUTO;Non accertato;Inesploso
3833439;10;19/05/2018 19:00;Strada Urbana;VIA TUSCOLANA;da specificare;;;;cavalcavia alt. staz. Anagnina;Tamponamento;Rettilineo;Più di due carreggiate;Asciutto;Asfaltata;Verticale ed orizzontale;Sereno;Normale;Buona;Ore Diurne;3;0;0;1;12.58505;41.84232;-1;1;Autovettura privata;In marcia / fermata / arresto;Conducente;M;Rifiuta cure immediate;0;NON DECEDUTO;Non accertato;Esploso
3833439;10;19/05/2018 19:00;Strada Urbana;VIA TUSCOLANA;da specificare;;;;cavalcavia alt. staz. Anagnina;Tamponamento;Rettilineo;Più di due carreggiate;Asciutto;Asfaltata;Verticale ed orizzontale;Sereno;Normale;Buona;Ore Diurne;3;0;0;1;12.58505;41.84232;-1;2;Autovettura privata;In marcia / fermata / arresto;Conducente;M;Rifiuta cure immediate;0;NON DECEDUTO;Non accertato;Inesploso
3833439;10;19/05/2018 19:00;Strada Urbana;VIA TUSCOLANA;da specificare;;;;cavalcavia alt. staz. Anagnina;Tamponamento;Rettilineo;Più di due carreggiate;Asciutto;Asfaltata;Verticale ed orizzontale;Sereno;Normale;Buona;Ore Diurne;3;0;0;1;12.58505;41.84232;-1;2;Autovettura privata;In marcia / fermata / arresto;Passeggero;F;Illeso;0;;Non accertato;Esploso
3833439;10;19/05/2018 19:00;Strada Urbana;VIA TUSCOLANA;da specificare;;;;cavalcavia alt. staz. Anagnina;Tamponamento;Rettilineo;Più di due carreggiate;Asciutto;Asfaltata;Verticale ed orizzontale;Sereno;Normale;Buona;Ore Diurne;3;0;0;1;12.58505;41.84232;-1;2;Autovettura privata;In marcia / fermata / arresto;Passeggero;M;Rifiuta cure immediate;0;NON DECEDUTO;Non accertato;Inesistente
3833451;17;18/05/2018 19:30;Strada Urbana;VIA VESPASIANO;all'intersezione con;VIA DEGLI SCIPIONI;VIA DEGLI SCIPIONI;;;Scontro frontale/laterale SX fra veicoli in marcia;Incrocio;Una carreggiata a senso unico di marcia;Asciutto;Acciotolata;Verticale;Sereno;Normale;Sufficiente;Ore Diurne;0;0;0;3;12.45677;41.90785;-1;1;Autovettura pubblica;In marcia / fermata / arresto;Conducente;M;Illeso;0;;;
3833451;17;18/05/2018 19:30;Strada Urbana;VIA VESPASIANO;all'intersezione con;VIA DEGLI SCIPIONI;VIA DEGLI SCIPIONI;;;Scontro frontale/laterale SX fra veicoli in marcia;Incrocio;Una carreggiata a senso unico di marcia;Asciutto;Acciotolata;Verticale;Sereno;Normale;Sufficiente;Ore Diurne;0;0;0;3;12.45677;41.90785;-1;2;Autovettura privata;In marcia / fermata / arresto;Conducente;M;Illeso;0;;;
3833451;17;18/05/2018 19:30;Strada Urbana;VIA VESPASIANO;all'intersezione con;VIA DEGLI SCIPIONI;VIA DEGLI SCIPIONI;;;Scontro frontale/laterale SX fra veicoli in marcia;Incrocio;Una carreggiata a senso unico di marcia;Asciutto;Acciotolata;Verticale;Sereno;Normale;Sufficiente;Ore Diurne;0;0;0;3;12.45677;41.90785;-1;2;Autovettura privata;In marcia / fermata / arresto;Passeggero;M;Illeso;0;;;
3833458;13;21/05/2018 04:00;Strada Urbana;VIA DEL MARE;in prossimità;;della chilometrica;21.35;;Veicolo in marcia contro ostacolo fisso;Rettilineo;Una carreggiata a doppio senso;Asciutto;Asfaltata;Orizzontale;Nuvoloso;Normale;Buona;Sufficiente;0;0;0;1;12.31736;41.76653;-1;1;Autovettura privata;In marcia / fermata / arresto;Conducente;M;Illeso;0;;Non accertato;Esploso
3833465;10;19/05/2018 12:45;Strada Urbana;VIA TUSCOLANA;in prossimità;;del civico n.;1157;;Scontro laterale fra veicoli in marcia;Curva a visuale libera;Una carreggiata a senso unico di marcia;Asciutto;Asfaltata;Verticale ed orizzontale;Sereno;Normale;Buona;Ore Diurne;0;0;0;2;12.58792;41.84057;-1;1;Autovettura privata;In marcia / fermata / arresto;Conducente;F;Illeso;0;;Non accertato;Inesploso
3833465;10;19/05/2018 12:45;Strada Urbana;VIA TUSCOLANA;in prossimità;;del civico n.;1157;;Scontro laterale fra veicoli in marcia;Curva a visuale libera;Una carreggiata a senso unico di marcia;Asciutto;Asfaltata;Verticale ed orizzontale;Sereno;Normale;Buona;Ore Diurne;0;0;0;2;12.58792;41.84057;-1;2;Autovettura privata;In marcia / fermata / arresto;Conducente;M;Illeso;0;;Non accertato;Inesploso
3833471;20;20/05/2018 15:30;Strada Urbana;VIALE DI TOR DI QUINTO;in corrispondenza;;del palo luce n.;173;;Scontro frontale/laterale SX fra veicoli in marcia;Curva senza visuale libera;Due carreggiate;Asciutto;Asfaltata;Verticale ed orizzontale;Sereno;Scarso;Buona;Ore Diurne;1;0;0;1;12.47848;41.94471;-1;1;Autovettura privata;In marcia / fermata / arresto;Conducente;F;Illeso;0;;;
3833471;20;20/05/2018 15:30;Strada Urbana;VIALE DI TOR DI QUINTO;in corrispondenza;;del palo luce n.;173;;Scontro frontale/laterale SX fra veicoli in marcia;Curva senza visuale libera;Due carreggiate;Asciutto;Asfaltata;Verticale ed orizzontale;Sereno;Scarso;Buona;Ore Diurne;1;0;0;1;12.47848;41.94471;-1;2;Motociclo a solo;In marcia / fermata / arresto;Conducente;M;Rimandato;0;NON DECEDUTO;;
3833472;19;20/05/2018 17:20;Strada Urbana;VIA ANTONAZZO ROMANO;da specificare;;;;fronte civ. 9;Scontro frontale fra veicoli in marcia;Rettilineo;Una carreggiata a senso unico alternato;Bagnato (pioggia);Asfaltata;Verticale;Pioggia in atto;Normale;Buona;Ore Diurne;2;0;0;2;12.4624;41.92914;-1;1;Autovettura privata;In marcia / fermata / arresto;Conducente;M;Illeso;0;;Non accertato;Inesploso
3833472;19;20/05/2018 17:20;Strada Urbana;VIA ANTONAZZO ROMANO;da specificare;;;;fronte civ. 9;Scontro frontale fra veicoli in marcia;Rettilineo;Una carreggiata a senso unico alternato;Bagnato (pioggia);Asfaltata;Verticale;Pioggia in atto;Normale;Buona;Ore Diurne;2;0;0;2;12.4624;41.92914;-1;1;Autovettura privata;In marcia / fermata / arresto;Passeggero;M;Illeso;0;;Non accertato;Inesploso
3833472;19;20/05/2018 17:20;Strada Urbana;VIA ANTONAZZO ROMANO;da specificare;;;;fronte civ. 9;Scontro frontale fra veicoli in marcia;Rettilineo;Una carreggiata a senso unico alternato;Bagnato (pioggia);Asfaltata;Verticale;Pioggia in atto;Normale;Buona;Ore Diurne;2;0;0;2;12.4624;41.92914;-1;2;Autovettura di polizia;In marcia / fermata / arresto;Conducente;M;Rimandato;0;NON DECEDUTO;;
3833472;19;20/05/2018 17:20;Strada Urbana;VIA ANTONAZZO ROMANO;da specificare;;;;fronte civ. 9;Scontro frontale fra veicoli in marcia;Rettilineo;Una carreggiata a senso unico alternato;Bagnato (pioggia);Asfaltata;Verticale;Pioggia in atto;Normale;Buona;Ore Diurne;2;0;0;2;12.4624;41.92914;-1;2;Autovettura di polizia;In marcia / fermata / arresto;Passeggero;M;Rimandato;0;NON DECEDUTO;;Esploso
3833476;19;19/05/2018 22:15;Strada Urbana;VIA DI CASAL DEL MARMO;all'intersezione con;VIA OGGIONO;VIA OGGIONO;;;Tamponamento;Intersezione stradale segnalata;Una carreggiata a doppio senso;Asciutto;Asfaltata;Orizzontale;Sereno;Scarso;Buona;Sufficiente;1;0;0;2;12.39501;41.95012;-1;1;Motociclo a solo;In marcia / fermata / arresto;Conducente;M;Illeso;0;;Non accertato;
3833476;19;19/05/2018 22:15;Strada Urbana;VIA DI CASAL DEL MARMO;all'intersezione con;VIA OGGIONO;VIA OGGIONO;;;Tamponamento;Intersezione stradale segnalata;Una carreggiata a doppio senso;Asciutto;Asfaltata;Orizzontale;Sereno;Scarso;Buona;Sufficiente;1;0;0;2;12.39501;41.95012;-1;1;Motociclo a solo;In marcia / fermata / arresto;Passeggero;F;Illeso;0;;Non accertato;
3833476;19;19/05/2018 22:15;Strada Urbana;VIA DI CASAL DEL MARMO;all'intersezione con;VIA OGGIONO;VIA OGGIONO;;;Tamponamento;Intersezione stradale segnalata;Una carreggiata a doppio senso;Asciutto;Asfaltata;Orizzontale;Sereno;Scarso;Buona;Sufficiente;1;0;0;2;12.39501;41.95012;-1;2;Motociclo a solo;In marcia / fermata / arresto;Conducente;M;Rimandato;0;NON DECEDUTO;Non accertato;
3833488;19;19/05/2018 22:15;Strada Urbana;VIA FEDERICO BORROMEO;all'intersezione con;VIA NICOLO' ALBERGATI;VIA NICOLO' ALBERGATI;;;Scontro frontale/laterale DX fra veicoli in marcia;Incrocio;Una carreggiata a doppio senso;Asciutto;Asfaltata;Verticale ed orizzontale;Sereno;Normale;Buona;Sufficiente;1;0;0;0;12.41548;41.92009;0;1;Motociclo a solo;In marcia / fermata / arresto;Conducente;M;Rimandato;0;NON DECEDUTO;Non accertato;
3833490;10;18/05/2018 13:00;Strada Urbana;VIA VINCENZO MANZINI;in corrispondenza;;del civico n.;95;;Veicolo in marcia contro ostacolo accidentale;Rettilineo;Una carreggiata a doppio senso;Asciutto;Asfaltata;Verticale ed orizzontale;Sereno;Normale;Sufficiente;Ore Diurne;0;0;0;1;12.59816;41.84602;-1;1;Autovettura privata;In marcia / fermata / arresto;Conducente;M;Illeso;0;;Non accertato;Inesploso
3833495;4;19/05/2018 20:48;Strada Urbana;PIAZZA DELLA VISIONE;in corrispondenza;;del civico n.;19;;Scontro frontale/laterale SX fra veicoli in marcia;Rettilineo;Una carreggiata a doppio senso;Asciutto;Asfaltata;Orizzontale;Sereno;Scarso;Sufficiente;Sufficiente;0;0;0;8;12.38267;42.00312;-1;1;Autovettura privata;In marcia / fermata / arresto;Conducente;M;Illeso;0;;Non accertato;
3833495;4;19/05/2018 20:48;Strada Urbana;PIAZZA DELLA VISIONE;in corrispondenza;;del civico n.;19;;Scontro frontale/laterale SX fra veicoli in marcia;Rettilineo;Una carreggiata a doppio senso;Asciutto;Asfaltata;Orizzontale;Sereno;Scarso;Sufficiente;Sufficiente;0;0;0;8;12.38267;42.00312;-1;1;Autovettura privata;In marcia / fermata / arresto;Passeggero;F;Illeso;0;;Non accertato;
3833495;4;19/05/2018 20:48;Strada Urbana;PIAZZA DELLA VISIONE;in corrispondenza;;del civico n.;19;;Scontro frontale/laterale SX fra veicoli in marcia;Rettilineo;Una carreggiata a doppio senso;Asciutto;Asfaltata;Orizzontale;Sereno;Scarso;Sufficiente;Sufficiente;0;0;0;8;12.38267;42.00312;-1;1;Autovettura privata;In marcia / fermata / arresto;Passeggero;F;Illeso;0;;Non accertato;
3833495;4;19/05/2018 20:48;Strada Urbana;PIAZZA DELLA VISIONE;in corrispondenza;;del civico n.;19;;Scontro frontale/laterale SX fra veicoli in marcia;Rettilineo;Una carreggiata a doppio senso;Asciutto;Asfaltata;Orizzontale;Sereno;Scarso;Sufficiente;Sufficiente;0;0;0;8;12.38267;42.00312;-1;1;Autovettura privata;In marcia / fermata / arresto;Passeggero;F;Illeso;0;;Non accertato;
3833495;4;19/05/2018 20:48;Strada Urbana;PIAZZA DELLA VISIONE;in corrispondenza;;del civico n.;19;;Scontro frontale/laterale SX fra veicoli in marcia;Rettilineo;Una carreggiata a doppio senso;Asciutto;Asfaltata;Orizzontale;Sereno;Scarso;Sufficiente;Sufficiente;0;0;0;8;12.38267;42.00312;-1;1;Autovettura privata;In marcia / fermata / arresto;Passeggero;M;Illeso;0;;Non accertato;
3833495;4;19/05/2018 20:48;Strada Urbana;PIAZZA DELLA VISIONE;in corrispondenza;;del civico n.;19;;Scontro frontale/laterale SX fra veicoli in marcia;Rettilineo;Una carreggiata a doppio senso;Asciutto;Asfaltata;Orizzontale;Sereno;Scarso;Sufficiente;Sufficiente;0;0;0;8;12.38267;42.00312;-1;2;Autovettura privata;In marcia / fermata / arresto;Conducente;M;Illeso;0;;Non accertato;
3833495;4;19/05/2018 20:48;Strada Urbana;PIAZZA DELLA VISIONE;in corrispondenza;;del civico n.;19;;Scontro frontale/laterale SX fra veicoli in marcia;Rettilineo;Una carreggiata a doppio senso;Asciutto;Asfaltata;Orizzontale;Sereno;Scarso;Sufficiente;Sufficiente;0;0;0;8;12.38267;42.00312;-1;2;Autovettura privata;In marcia / fermata / arresto;Passeggero;M;Illeso;0;;Non accertato;
3833525;10;19/05/2018 14:40;Statale;VIA APPIA NUOVA;in prossimità;;del civico n.;1246;;Tamponamento Multiplo;Rettilineo;Due carreggiate;Asciutto;Asfaltata;Verticale ed orizzontale;Sereno;Normale;Buona;Ore Diurne;3;0;0;2;12.56556;41.82174;-1;1;Autovettura privata;In marcia / fermata / arresto;Conducente;F;Illeso;0;;Non accertato;Inesploso
3833525;10;19/05/2018 14:40;Statale;VIA APPIA NUOVA;in prossimità;;del civico n.;1246;;Tamponamento Multiplo;Rettilineo;Due carreggiate;Asciutto;Asfaltata;Verticale ed orizzontale;Sereno;Normale;Buona;Ore Diurne;3;0;0;2;12.56556;41.82174;-1;1;Autovettura privata;In marcia / fermata / arresto;Passeggero;F;Rifiuta cure immediate;0;NON DECEDUTO;Non accertato;Inesploso
3833525;10;19/05/2018 14:40;Statale;VIA APPIA NUOVA;in prossimità;;del civico n.;1246;;Tamponamento Multiplo;Rettilineo;Due carreggiate;Asciutto;Asfaltata;Verticale ed orizzontale;Sereno;Normale;Buona;Ore Diurne;3;0;0;2;12.56556;41.82174;-1;1;Autovettura privata;In marcia / fermata / arresto;Passeggero;M;Illeso;0;;Non accertato;Inesploso