Protocollo;Gruppo;DataOraIncidente;Localizzazione1;STRADA1;Localizzazione2;STRADA2;Strada02;Chilometrica;DaSpecificare;NaturaIncidente;particolaritastrade;TipoStrada;FondoStradale;Pavimentazione;Segnaletica;CondizioneAtmosferica;Traffico;Visibilita;Illuminazione;NUM_FERITI;NUM_RISERVATA;NUM_MORTI;NUM_ILLESI;Longitudine;Latitudine;Confermato;Progressivo;TipoVeicolo;StatoVeicolo;TipoPersona;Sesso;Tipolesione;Deceduto;DecedutoDopo;CinturaCascoUtilizzato;Airbag
3845113;20;27/05/2018 16:30;Strada Urbana;VIA FLAMINIA;da specificare;;;;prossimità VIA FRASSINETO;Veicolo in marcia contro ostacolo accidentale;Rettilineo;Una carreggiata a senso unico di marcia;Asciutto;Asfaltata;Orizzontale;Sereno;Normale;Buona;Ore Diurne;0;0;0;2;12.47183;41.94192;-1;1;Autovettura privata;In marcia / fermata / arresto;Passeggero;F;Illeso;0;;Non accertato;Inesploso
3845115;16;27/05/2018 01:00;Strada Urbana;PIAZZA IPPOLITO NIEVO;da specificare;;;;in prossimità fronte civico 22;Investimento di pedone;Rettilineo;Più di due carreggiate;Asciutto;Asfaltata;Verticale ed orizzontale;Sereno;Normale;Buona;Sufficiente;2;0;0;0;12.46677;41.88044;0;;;;Pedone;M;Rimandato;0;NON DECEDUTO;;
3845115;16;27/05/2018 01:00;Strada Urbana;PIAZZA IPPOLITO NIEVO;da specificare;;;;in prossimità fronte civico 22;Investimento di pedone;Rettilineo;Più di due carreggiate;Asciutto;Asfaltata;Verticale ed orizzontale;Sereno;Normale;Buona;Sufficiente;2;0;0;0;12.46677;41.88044;0;1;Motociclo a solo;In marcia / fermata / arresto;Conducente;M;Rimandato;0;NON DECEDUTO;Non accertato;
3845117;4;27/05/2018 17:30;;VIA DI CASAL BOCCONE;da specificare;;;;altezza rotatoria lato Via Ave Ninchi;Scontro laterale fra veicoli in marcia;;;;;;;;;;0;0;0;3;;;0;1;Autovettura privata;In marcia / fermata / arresto;Conducente;M;Illeso;0;;;
3845117;4;27/05/2018 17:30;;VIA DI CASAL BOCCONE;da specificare;;;;altezza rotatoria lato Via Ave Ninchi;Scontro laterale fra veicoli in marcia;;;;;;;;;;0;0;0;3;;;0;2;Autovettura privata;In marcia / fermata / arresto;Conducente;M;Illeso;0;;;
3845117;4;27/05/2018 17:30;;VIA DI CASAL BOCCONE;da specificare;;;;altezza rotatoria lato Via Ave Ninchi;Scontro laterale fra veicoli in marcia;;;;;;;;;;0;0;0;3;;;0;2;Autovettura privata;In marcia / fermata / arresto;Passeggero;M;Illeso;0;;;
3845151;3;25/05/2018 10:25;Strada Urbana;PIAZZA BOLOGNA;da specificare;;;;fronte civico 39;Infortunio per sola frenata improvvisa;Rotatoria;Una carreggiata a senso unico di marcia;Asciutto;Asfaltata;Verticale ed orizzontale;Sereno;Normale;Buona;Ore Diurne;0;0;0;3;12.52003;41.91375;-1;1;Ciclomotore;In marcia / fermata / arresto;Conducente;F;Illeso;0;;Non accertato;
3845151;3;25/05/2018 10:25;Strada Urbana;PIAZZA BOLOGNA;da specificare;;;;fronte civico 39;Infortunio per sola frenata improvvisa;Rotatoria;Una carreggiata a senso unico di marcia;Asciutto;Asfaltata;Verticale ed orizzontale;Sereno;Normale;Buona;Ore Diurne;0;0;0;3;12.52003;41.91375;-1;1;Ciclomotore;In marcia / fermata / arresto;Passeggero;F;Illeso;0;;Non accertato;
3845151;3;25/05/2018 10:25;Strada Urbana;PIAZZA BOLOGNA;da specificare;;;;fronte civico 39;Infortunio per sola frenata improvvisa;Rotatoria;Una carreggiata a senso unico di marcia;Asciutto;Asfaltata;Verticale ed orizzontale;Sereno;Normale;Buona;Ore Diurne;0;0;0;3;12.52003;41.91375;-1;2;Motociclo a solo;In marcia / fermata / arresto;Conducente;M;Illeso;0;;;
3845159;3;25/05/2018 18:05;Strada Urbana;VIALE REGINA ELENA;in prossimità;;del civico n.;336;;Scontro frontale fra veicoli in marcia;Pendenza;Una carreggiata a doppio senso;Asciutto;Asfaltata;Verticale ed orizzontale;Sereno;Normale;Buona;Ore Diurne;1;0;0;1;12.51846;41.90326;-1;1;Motociclo a solo;In marcia / fermata / arresto;Conducente;M;Illeso;0;;Non accertato;
3845159;3;25/05/2018 18:05;Strada Urbana;VIALE REGINA ELENA;in prossimità;;del civico n.;336;;Scontro frontale fra veicoli in marcia;Pendenza;Una carreggiata a doppio senso;Asciutto;Asfaltata;Verticale ed orizzontale;Sereno;Normale;Buona;Ore Diurne;1;0;0;1;12.51846;41.90326;-1;2;Motociclo a solo;In marcia / fermata / arresto;Conducente;M;Rimandato;0;NON DECEDUTO;Non accertato;
3845163;16;25/05/2018 16:30;Strada Urbana;VIA BERNARDINO RAMAZZINI;da specificare;;;;ALL'ALTEZZA VIA DI VALTELLINA;Veicolo in marcia contro veicoli fermi;Rettilineo;Una carreggiata a doppio senso;Asciutto;Asfaltata;Verticale ed orizzontale;Sereno;Intenso;Buona;Ore Diurne;0;0;0;4;12.45045;41.86664;-1;1;Autovettura privata;In marcia / fermata / arresto;Conducente;F;Illeso;0;;Non accertato;Inesploso
3845163;16;25/05/2018 16:30;Strada Urbana;VIA BERNARDINO RAMAZZINI;da specificare;;;;ALL'ALTEZZA VIA DI VALTELLINA;Veicolo in marcia contro veicoli fermi;Rettilineo;Una carreggiata a doppio senso;Asciutto;Asfaltata;Verticale ed orizzontale;Sereno;Intenso;Buona;Ore Diurne;0;0;0;4;12.45045;41.86664;-1;1;Autovettura privata;In marcia / fermata / arresto;Passeggero;M;Illeso;0;;Non accertato;Inesploso
3845163;16;25/05/2018 16:30;Strada Urbana;VIA BERNARDINO RAMAZZINI;da specificare;;;;ALL'ALTEZZA VIA DI VALTELLINA;Veicolo in marcia contro veicoli fermi;Rettilineo;Una carreggiata a doppio senso;Asciutto;Asfaltata;Verticale ed orizzontale;Sereno;Intenso;Buona;Ore Diurne;0;0;0;4;12.45045;41.86664;-1;2;Motociclo a solo;In marcia / fermata / arresto;Conducente;M;Illeso;0;;Non accertato;
3845163;16;25/05/2018 16:30;Strada Urbana;VIA BERNARDINO RAMAZZINI;da specificare;;;;ALL'ALTEZZA VIA DI VALTELLINA;Veicolo in marcia contro veicoli fermi;Rettilineo;Una carreggiata a doppio senso;Asciutto;Asfaltata;Verticale ed orizzontale;Sereno;Intenso;Buona;Ore Diurne;0;0;0;4;12.45045;41.86664;-1;3;Autovettura privata;In marcia / fermata / arresto;Conducente;F;Illeso;0;;Non accertato;Inesploso
3845164;3;26/05/2018 12:00;Strada Urbana;VIA NOMENTANA;da specificare;;;;altezza fr civ 333 dir montesacro;Tamponamento;Rettilineo;Più di due carreggiate;Asciutto;Asfaltata;Verticale ed orizzontale;Sereno;Normale;Buona;Ore Diurne;1;0;0;1;;;0;1;Autovettura privata;In marcia / fermata / arresto;Conducente;M;Illeso;0;;Non accertato;Inesploso
3845164;3;26/05/2018 12:00;Strada Urbana;VIA NOMENTANA;da specificare;;;;altezza fr civ 333 dir montesacro;Tamponamento;Rettilineo;Più di due carreggiate;Asciutto;Asfaltata;Verticale ed orizzontale;Sereno;Normale;Buona;Ore Diurne;1;0;0;1;;;0;2;Motociclo a solo;In marcia / fermata / arresto;Conducente;M;Ricoverato;0;NON DECEDUTO;Non accertato;
3845179;16;27/05/2018 06:00;Strada Urbana;VIALE DI TRASTEVERE;da specificare;;;;ALTEZZA VIALE GLORIOSO;Scontro laterale fra veicoli in marcia;Rettilineo;Più di due carreggiate;Asciutto;Asfaltata;Verticale ed orizzontale;Sereno;Scarso;Buona;Ore Diurne;0;0;0;3;12.46804;41.88182;-1;1;Autovettura pubblica;In marcia / fermata / arresto;Conducente;M;Illeso;0;;Non accertato;Inesploso
3845179;16;27/05/2018 06:00;Strada Urbana;VIALE DI TRASTEVERE;da specificare;;;;ALTEZZA VIALE GLORIOSO;Scontro laterale fra veicoli in marcia;Rettilineo;Più di due carreggiate;Asciutto;Asfaltata;Verticale ed orizzontale;Sereno;Scarso;Buona;Ore Diurne;0;0;0;3;12.46804;41.88182;-1;2;Autovettura privata;In marcia / fermata / arresto;Conducente;M;Illeso;0;;Non accertato;Inesploso
3845179;16;27/05/2018 06:00;Strada Urbana;VIALE DI TRASTEVERE;da specificare;;;;ALTEZZA VIALE GLORIOSO;Scontro laterale fra veicoli in marcia;Rettilineo;Più di due carreggiate;Asciutto;Asfaltata;Verticale ed orizzontale;Sereno;Scarso;Buona;Ore Diurne;0;0;0;3;12.46804;41.88182;-1;2;Autovettura privata;In marcia / fermata / arresto;Passeggero;M;Illeso;0;;Non accertato;Inesploso
3845200;16;27/05/2018 08:05;;VIA FRANCESCO DALL'ONGARO;in corrispondenza;;del civico n.;28;;Veicolo in marcia contro veicolo in sosta;;;;;;;;;;0;0;0;1;;;0;1;Autovettura privata;In marcia / fermata / arresto;Conducente;M;Illeso;0;;;
3845203;3;27/05/2018 18:00;Strada Urbana;VIA GOFFREDO DI BUGLIONE;da specificare;;;;snc;Tamponamento;Rettilineo;Una carreggiata a senso unico di marcia;Asciutto;Asfaltata;Verticale ed orizzontale;Sereno;Normale;Buona;Ore Diurne;0;0;0;1;12.52718;41.90809;0;1;Motociclo a solo;In marcia / fermata / arresto;Conducente;M;Illeso;0;;Non accertato;
3845210;16;27/05/2018 11:45;;VIA DEGLI ALDOBRANDESCHI;da specificare;;;;PROSSIMITA' VIA DEIVA MARINA;Veicolo in marcia contro ostacolo accidentale;;;;;;;;;;0;0;0;3;12.39872;41.87915;0;1;Autovettura privata;In marcia / fermata / arresto;Conducente;M;Illeso;0;;;
3845210;16;27/05/2018 11:45;;VIA DEGLI ALDOBRANDESCHI;da specificare;;;;PROSSIMITA' VIA DEIVA MARINA;Veicolo in marcia contro ostacolo accidentale;;;;;;;;;;0;0;0;3;12.39872;41.87915;0;1;Autovettura privata;In marcia / fermata / arresto;Passeggero;M;Illeso;0;;;
3845217;3;25/05/2018 23:55;Strada Urbana;VIALE DELLO SCALO S. LORENZO;in prossimità;;del civico n.;5;;Scontro laterale fra veicoli in marcia;Rettilineo;Più di due carreggiate;Asciutto;Asfaltata;Assente;Sereno;Intenso;Sufficiente;Sufficiente;0;0;0;1;12.51972;41.89807;-1;1;Autocarro inferiore 35 q.;In marcia / fermata / arresto;Conducente;M;Illeso;0;;Non accertato;Inesploso
3845259;1;28/05/2018 07:45;Strada Urbana;VIA ALFIERI;in prossimità;;del civico n.;fc 22;;Veicolo in marcia contro veicoli in sosta;Rettilineo;Una carreggiata a senso unico di marcia;Asciutto;In cubetti di porfido;Verticale ed orizzontale;Sereno;Scarso;Buona;Ore Diurne;0;0;0;1;12.50293;41.89136;-1;1;Ciclomotore;In marcia / fermata / arresto;Conducente;M;Illeso;0;;Non accertato;
3845269;1;28/05/2018 11:15;Strada Urbana;VIA DEL CIRCO MASSIMO;in prossimità;;del palo luce n.;31;;Investimento di pedone;Rettilineo;Una carreggiata a doppio senso;Bagnato (pioggia);Asfaltata;Orizzontale;Pioggia in atto;Normale;Buona;Ore Diurne;1;0;0;1;12.48515;41.88536;-1;;;;Pedone;M;Illeso;0;;;
3845269;1;28/05/2018 11:15;Strada Urbana;VIA DEL CIRCO MASSIMO;in prossimità;;del palo luce n.;31;;Investimento di pedone;Rettilineo;Una carreggiata a doppio senso;Bagnato (pioggia);Asfaltata;Orizzontale;Pioggia in atto;Normale;Buona;Ore Diurne;1;0;0;1;12.48515;41.88536;-1;1;Motociclo a solo;In marcia / fermata / arresto;Conducente;F;Rimandato;0;NON DECEDUTO;Non accertato;
3845335;12;28/05/2018 12:40;Strada Urbana;VIALE DELL'ASTRONOMIA;in prossimità;;del civico n.;12;;Veicolo in marcia contro veicolo fermo;Rettilineo;Una carreggiata a doppio senso;Asciutto;Asfaltata;Verticale ed orizzontale;Nuvoloso;Normale;Buona;Ore Diurne;0;0;0;2;12.46534;41.83481;-1;1;Autovettura privata;In marcia / fermata / arresto;Conducente;F;Illeso;0;;Non accertato;Inesploso
3845335;12;28/05/2018 12:40;Strada Urbana;VIALE DELL'ASTRONOMIA;in prossimità;;del civico n.;12;;Veicolo in marcia contro veicolo fermo;Rettilineo;Una carreggiata a doppio senso;Asciutto;Asfaltata;Verticale ed orizzontale;Nuvoloso;Normale;Buona;Ore Diurne;0;0;0;2;12.46534;41.83481;-1;2;Autovettura privata;In marcia / fermata / arresto;Conducente;M;Illeso;0;;Non accertato;Inesploso
3845357;17;25/05/2018 20:00;Strada Urbana;PIAZZALE DEGLI EROI;in prossimità;;del civico n.;9;;Scontro laterale fra veicoli in marcia;Rettilineo;Due carreggiate;Asciutto;Asfaltata;Verticale ed orizzontale;Sereno;Scarso;Buona;Sufficiente;0;0;0;3;12.44813;41.90928;-1;1;Autovettura privata;In marcia / fermata / arresto;Conducente;F;Illeso;0;;;
3845357;17;25/05/2018 20:00;Strada Urbana;PIAZZALE DEGLI EROI;in prossimità;;del civico n.;9;;Scontro laterale fra veicoli in marcia;Rettilineo;Due carreggiate;Asciutto;Asfaltata;Verticale ed orizzontale;Sereno;Scarso;Buona;Sufficiente;0;0;0;3;12.44813;41.90928;-1;1;Autovettura privata;In marcia / fermata / arresto;Passeggero;F;Illeso;0;;;
3845357;17;25/05/2018 20:00;Strada Urbana;PIAZZALE DEGLI EROI;in prossimità;;del civico n.;9;;Scontro laterale fra veicoli in marcia;Rettilineo;Due carreggiate;Asciutto;Asfaltata;Verticale ed orizzontale;Sereno;Scarso;Buona;Sufficiente;0;0;0;3;12.44813;41.90928;-1;2;Motociclo a solo;In marcia / fermata / arresto;Conducente;M;Illeso;0;;;
3845423;12;24/05/2018 18:30;Strada Urbana;VIA CRISTOFORO COLOMBO;da specificare;;;;250 mt circa da P.LE 25 MARZO 1957;Scontro laterale fra veicoli in marcia;Rettilineo;Due carreggiate;Asciutto;Asfaltata;Verticale ed orizzontale;Sereno;Intenso;Buona;Ore Diurne;1;0;0;2;12.45633;41.81562;0;1;Autovettura privata;In marcia / fermata / arresto;Conducente;F;Illeso;0;;Non accertato;Inesploso
3845423;12;24/05/2018 18:30;Strada Urbana;VIA CRISTOFORO COLOMBO;da specificare;;;;250 mt circa da P.LE 25 MARZO 1957;Scontro laterale fra veicoli in marcia;Rettilineo;Due carreggiate;Asciutto;Asfaltata;Verticale ed orizzontale;Sereno;Intenso;Buona;Ore Diurne;1;0;0;2;12.45633;41.81562;0;2;Autovettura privata;In marcia / fermata / arresto;Conducente;M;Illeso;0;;Utilizzato;Inesploso
3845423;12;24/05/2018 18:30;Strada Urbana;VIA CRISTOFORO COLOMBO;da specificare;;;;250 mt circa da P.LE 25 MARZO 1957;Scontro laterale fra veicoli in marcia;Rettilineo;Due carreggiate;Asciutto;Asfaltata;Verticale ed orizzontale;Sereno;Intenso;Buona;Ore Diurne;1;0;0;2;12.45633;41.81562;0;3;Motociclo a solo;In marcia / fermata / arresto;Conducente;M;Rimandato;0;NON DECEDUTO;Non accertato;
3845455;12;24/05/2018 10:40;Provinciale;VIA OSTIENSE;da specificare;;;;KM 7,800;Scontro frontale/laterale SX fra veicoli in marcia;Rettilineo;Una carreggiata a doppio senso;Asciutto;Asfaltata;Verticale ed orizzontale;Sereno;Normale;Buona;Ore Diurne;0;0;0;4;12.38314;41.79175;-1;1;Autovettura privata;In marcia / fermata / arresto;Conducente;M;Illeso;0;;Utilizzato;Inesploso
3845455;12;24/05/2018 10:40;Provinciale;VIA OSTIENSE;da specificare;;;;KM 7,800;Scontro frontale/laterale SX fra veicoli in marcia;Rettilineo;Una carreggiata a doppio senso;Asciutto;Asfaltata;Verticale ed orizzontale;Sereno;Normale;Buona;Ore Diurne;0;0;0;4;12.38314;41.79175;-1;1;Autovettura privata;In marcia / fermata / arresto;Passeggero;F;Illeso;0;;Utilizzato;
3845455;12;24/05/2018 10:40;Provinciale;VIA OSTIENSE;da specificare;;;;KM 7,800;Scontro frontale/laterale SX fra veicoli in marcia;Rettilineo;Una carreggiata a doppio senso;Asciutto;Asfaltata;Verticale ed orizzontale;Sereno;Normale;Buona;Ore Diurne;0;0;0;4;12.38314;41.79175;-1;1;Autovettura privata;In marcia / fermata / arresto;Passeggero;M;Illeso;0;;Utilizzato;
3845455;12;24/05/2018 10:40;Provinciale;VIA OSTIENSE;da specificare;;;;KM 7,800;Scontro frontale/laterale SX fra veicoli in marcia;Rettilineo;Una carreggiata a doppio senso;Asciutto;Asfaltata;Verticale ed orizzontale;Sereno;Normale;Buona;Ore Diurne;0;0;0;4;12.38314;41.79175;-1;2;Autovettura privata;In marcia / fermata / arresto;Conducente;F;Illeso;0;;Utilizzato;Inesploso
3845465;12;28/05/2018 15:20;Provinciale;VIA ARDEATINA;in prossimità;;del civico n.;1235;;Tamponamento Multiplo;Rettilineo;Una carreggiata a doppio senso;Asciutto;Asfaltata;Verticale ed orizzontale;Nuvoloso;Normale;Buona;Ore Diurne;2;0;0;2;12.54642;41.77531;-1;1;Autoveicolo trasp.promisc.;In marcia / fermata / arresto;Conducente;M;Illeso;0;;Non accertato;Inesploso
3845465;12;28/05/2018 15:20;Provinciale;VIA ARDEATINA;in prossimità;;del civico n.;1235;;Tamponamento Multiplo;Rettilineo;Una carreggiata a doppio senso;Asciutto;Asfaltata;Verticale ed orizzontale;Nuvoloso;Normale;Buona;Ore Diurne;2;0;0;2;12.54642;41.77531;-1;2;Autovettura privata;In marcia / fermata / arresto;Conducente;F;Rimandato;0;NON DECEDUTO;Non accertato;Inesploso
3845465;12;28/05/2018 15:20;Provinciale;VIA ARDEATINA;in prossimità;;del civico n.;1235;;Tamponamento Multiplo;Rettilineo;Una carreggiata a doppio senso;Asciutto;Asfaltata;Verticale ed orizzontale;Nuvoloso;Normale;Buona;Ore Diurne;2;0;0;2;12.54642;41.77531;-1;2;Autovettura privata;In marcia / fermata / arresto;Passeggero;F;Rimandato;0;NON DECEDUTO;Non accertato;Inesploso
3845465;12;28/05/2018 15:20;Provinciale;VIA ARDEATINA;in prossimità;;del civico n.;1235;;Tamponamento Multiplo;Rettilineo;Una carreggiata a doppio senso;Asciutto;Asfaltata;Verticale ed orizzontale;Nuvoloso;Normale;Buona;Ore Diurne;2;0;0;2;12.54642;41.77531;-1;3;Veicolo speciale;In marcia / fermata / arresto;Conducente;M;Illeso;0;;Non accertato;Inesploso
3845480;3;28/05/2018 08:20;Strada Urbana;VIALE DELLE PROVINCIE;da specificare;;;;uscita Viale Ippocrate;Scontro laterale fra veicoli in marcia;Rotatoria;Una carreggiata a senso unico di marcia;Asciutto;Asfaltata;Verticale ed orizzontale;Sereno;Normale;Buona;Ore Diurne;0;0;0;2;12.52094;41.90924;-1;1;Autocarro inferiore 35 q.;In marcia / fermata / arresto;Conducente;M;Illeso;0;;Non accertato;
3845480;3;28/05/2018 08:20;Strada Urbana;VIALE DELLE PROVINCIE;da specificare;;;;uscita Viale Ippocrate;Scontro laterale fra veicoli in marcia;Rotatoria;Una carreggiata a senso unico di marcia;Asciutto;Asfaltata;Verticale ed orizzontale;Sereno;Normale;Buona;Ore Diurne;0;0;0;2;12.52094;41.90924;-1;2;Autovettura privata;In marcia / fermata / arresto;Conducente;F;Illeso;0;;Non accertato;
3845491;12;26/05/2018 15:30;Strada Urbana;VIA CASTIGLION DE' PEPOLI;all'intersezione con;VIA MINERBIO;VIA MINERBIO;;;Scontro frontale/laterale SX fra veicoli in marcia;Incrocio;Una carreggiata a senso unico di marcia;Asciutto;Asfaltata;Verticale ed orizzontale;Sereno;Scarso;Buona;Ore Diurne;0;0;0;2;12.41113;41.78977;-1;1;Autovettura privata;In marcia / fermata / arresto;Conducente;M;Illeso;0;;Non accertato;Inesploso
3845491;12;26/05/2018 15:30;Strada Urbana;VIA CASTIGLION DE' PEPOLI;all'intersezione con;VIA MINERBIO;VIA MINERBIO;;;Scontro frontale/laterale SX fra veicoli in marcia;Incrocio;Una carreggiata a senso unico di marcia;Asciutto;Asfaltata;Verticale ed orizzontale;Sereno;Scarso;Buona;Ore Diurne;0;0;0;2;12.41113;41.78977;-1;2;Autovettura privata;In marcia / fermata / arresto;Conducente;M;Illeso;0;;Non accertato;Inesploso
3845516;12;24/05/2018 19:20;Strada Urbana;VIADOTTO DELLA MAGLIANA;da specificare;;;;DIR.FIUMICINO ALTEZZA VIA DEL CAPPELLACCIO;Tamponamento;Rettilineo;Due carreggiate;Asciutto;Asfaltata;Verticale ed orizzontale;Sereno;Intenso;Buona;Ore Diurne;1;0;0;3;12.46314;41.84172;-1;1;Autovettura privata;In marcia / fermata / arresto;Conducente;M;Rimandato;0;NON DECEDUTO;;
3845516;12;24/05/2018 19:20;Strada Urbana;VIADOTTO DELLA MAGLIANA;da specificare;;;;DIR.FIUMICINO ALTEZZA VIA DEL CAPPELLACCIO;Tamponamento;Rettilineo;Due carreggiate;Asciutto;Asfaltata;Verticale ed orizzontale;Sereno;Intenso;Buona;Ore Diurne;1;0;0;3;12.46314;41.84172;-1;2;Autovettura privata;In marcia / fermata / arresto;Conducente;M;Illeso;0;;;
3845516;12;24/05/2018 19:20;Strada Urbana;VIADOTTO DELLA MAGLIANA;da specificare;;;;DIR.FIUMICINO ALTEZZA VIA DEL CAPPELLACCIO;Tamponamento;Rettilineo;Due carreggiate;Asciutto;Asfaltata;Verticale ed orizzontale;Sereno;Intenso;Buona;Ore Diurne;1;0;0;3;12.46314;41.84172;-1;2;Autovettura privata;In marcia / fermata / arresto;Passeggero;M;Illeso;0;;;Inesploso
3845516;12;24/05/2018 19:20;Strada Urbana;VIADOTTO DELLA MAGLIANA;da specificare;;;;DIR.FIUMICINO ALTEZZA VIA DEL CAPPELLACCIO;Tamponamento;Rettilineo;Due carreggiate;Asciutto;Asfaltata;Verticale ed orizzontale;Sereno;Intenso;Buona;Ore Diurne;1;0;0;3;12.46314;41.84172;-1;2;Autovettura privata;In marcia / fermata / arresto;Passeggero;M;Illeso;0;;Non accertato;Inesploso
3845592;12;26/05/2018 17:10;Strada Urbana;VIALE CESARE PAVESE;in corrispondenza;;del civico n.;435;;Veicolo in marcia contro veicolo in sosta;Rettilineo;Due carreggiate;Asciutto;Asfaltata;Verticale ed orizzontale;Sereno;Scarso;Buona;Ore Diurne;0;0;0;1;12.46803;41.81785;-1;2;Autogru;In marcia / fermata / arresto;Conducente;M;Illeso;0;;Non accertato;Inesploso
3845596;12;24/05/2018 20:45;Strada Urbana;VIA DEL CAPPELLACCIO;all'intersezione con;VIA DEL MARE;VIA DEL MARE;;;Veicolo in marcia contro ostacolo fisso;Incrocio;Una carreggiata a doppio senso;Asciutto;Asfaltata;Verticale ed orizzontale;Sereno;Normale;Insufficiente;Insufficiente;0;0;0;1;12.45248;41.8325;-1;1;Autovettura privata;In marcia / fermata / arresto;Conducente;M;Illeso;0;;Non accertato;Inesploso
3845601;17;26/05/2018 08:00;Strada Urbana;PONTE VITTORIO EMANUELE II;all'intersezione con;LUNGOTEVERE IN SASSIA;LUNGOTEVERE IN SASSIA;;;Scontro laterale fra veicoli in marcia;Intersezione stradale segnalata;Una carreggiata a senso unico di marcia;Asciutto;Asfaltata;Verticale ed orizzontale;Sereno;Intenso;Buona;Ore Diurne;0;0;0;2;12.46384;41.90154;0;1;Autovettura privata;In marcia / fermata / arresto;Conducente;M;Illeso;0;;;
3845601;17;26/05/2018 08:00;Strada Urbana;PONTE VITTORIO EMANUELE II;all'intersezione con;LUNGOTEVERE IN SASSIA;LUNGOTEVERE IN SASSIA;;;Scontro laterale fra veicoli in marcia;Intersezione stradale segnalata;Una carreggiata a senso unico di marcia;Asciutto;Asfaltata;Verticale ed orizzontale;Sereno;Intenso;Buona;Ore Diurne;0;0;0;2;12.46384;41.90154;0;2;Autobus turistico;In marcia / fermata / arresto;Conducente;M;Illeso;0;;;
3845616;12;26/05/2018 19:30;Statale;VIA PONTINA;da specificare;;;;DIR. POMEZIA KM 12;Veicolo in marcia contro ostacolo fisso;Rettilineo;Due carreggiate;Asciutto;Asfaltata;Verticale ed orizzontale;Sereno;Normale;Buona;Ore Diurne;1;0;0;0;12.45214;41.79383;-1;1;Autovettura privata;In marcia / fermata / arresto;Conducente;F;Rimandato;0;NON DECEDUTO;;Inesploso
3845618;12;27/05/2018 19:50;Strada Urbana;VIA CRISTOFORO COLOMBO;da specificare;;;;altezza VIALE AMERICA direz. ROMA centro;Scontro frontale/laterale DX fra veicoli in marcia;Curva a visuale libera;Più di due carreggiate;Asciutto;Asfaltata;Verticale ed orizzontale;Sereno;Normale;Buona;Ore Diurne;0;0;0;5;12.46896;41.82945;-1;1;Autovettura privata;In marcia / fermata / arresto;Conducente;F;Illeso;0;;Utilizzato;Inesploso
3845618;12;27/05/2018 19:50;Strada Urbana;VIA CRISTOFORO COLOMBO;da specificare;;;;altezza VIALE AMERICA direz. ROMA centro;Scontro frontale/laterale DX fra veicoli in marcia;Curva a visuale libera;Più di due carreggiate;Asciutto;Asfaltata;Verticale ed orizzontale;Sereno;Normale;Buona;Ore Diurne;0;0;0;5;12.46896;41.82945;-1;1;Autovettura privata;In marcia / fermata / arresto;Passeggero;M;Illeso;0;;Utilizzato;Inesploso
3845618;12;27/05/2018 19:50;Strada Urbana;VIA CRISTOFORO COLOMBO;da specificare;;;;altezza VIALE AMERICA direz. ROMA centro;Scontro frontale/laterale DX fra veicoli in marcia;Curva a visuale libera;Più di due carreggiate;Asciutto;Asfaltata;Verticale ed orizzontale;Sereno;Normale;Buona;Ore Diurne;0;0;0;5;12.46896;41.82945;-1;1;Autovettura privata;In marcia / fermata / arresto;Passeggero;F;Illeso;0;;Utilizzato;Inesploso
3845618;12;27/05/2018 19:50;Strada Urbana;VIA CRISTOFORO COLOMBO;da specificare;;;;altezza VIALE AMERICA direz. ROMA centro;Scontro frontale/laterale DX fra veicoli in marcia;Curva a visuale libera;Più di due carreggiate;Asciutto;Asfaltata;Verticale ed orizzontale;Sereno;Normale;Buona;Ore Diurne;0;0;0;5;12.46896;41.82945;-1;2;Autovettura privata;In marcia / fermata / arresto;Conducente;M;Illeso;0;;Utilizzato;Inesploso
3845618;12;27/05/2018 19:50;Strada Urbana;VIA CRISTOFORO COLOMBO;da specificare;;;;altezza VIALE AMERICA direz. ROMA centro;Scontro frontale/laterale DX fra veicoli in marcia;Curva a visuale libera;Più di due carreggiate;Asciutto;Asfaltata;Verticale ed orizzontale;Sereno;Normale;Buona;Ore Diurne;0;0;0;5;12.46896;41.82945;-1;2;Autovettura privata;In marcia / fermata / arresto;Passeggero;F;Illeso;0;;Utilizzato;Inesploso
3845623;10;28/05/2018 16:45;Strada Urbana;VIA DEL QUADRARO;in prossimità;;del civico n.;72;;Tamponamento;Rettilineo;Una carreggiata a doppio senso;Asciutto;Asfaltata;Orizzontale;Sereno;Normale;Buona;Ore Diurne;0;0;0;2;12.55276;41.85546;-1;1;Autovettura privata;In marcia / fermata / arresto;Conducente;F;Illeso;0;;Non accertato;Inesploso
3845623;10;28/05/2018 16:45;Strada Urbana;VIA DEL QUADRARO;in prossimità;;del civico n.;72;;Tamponamento;Rettilineo;Una carreggiata a doppio senso;Asciutto;Asfaltata;Orizzontale;Sereno;Normale;Buona;Ore Diurne;0;0;0;2;12.55276;41.85546;-1;2;Autovettura privata;In marcia / fermata / arresto;Conducente;F;Illeso;0;;Non accertato;Inesploso
3845630;2;27/05/2018 21:10;Strada Urbana;VIALE DI TOR DI QUINTO;in prossimità;;del civico n.;33;;Scontro laterale fra veicoli in marcia;Rettilineo;Una carreggiata a senso unico di marcia;Asciutto;Asfaltata;Verticale ed orizzontale;Sereno;Normale;Sufficiente;Sufficiente;0;0;0;4;12.46843;41.93729;-1;1;Autovettura privata;In marcia / fermata / arresto;Conducente;M;Illeso;0;;Non accertato;Inesploso
3845630;2;27/05/2018 21:10;Strada Urbana;VIALE DI TOR DI QUINTO;in prossimità;;del civico n.;33;;Scontro laterale fra veicoli in marcia;Rettilineo;Una carreggiata a senso unico di marcia;Asciutto;Asfaltata;Verticale ed orizzontale;Sereno;Normale;Sufficiente;Sufficiente;0;0;0;4;12.46843;41.93729;-1;1;Autovettura privata;In marcia / fermata / arresto;Passeggero;F;Illeso;0;;Non accertato;Inesploso