Protocollo;Gruppo;DataOraIncidente;Localizzazione1;STRADA1;Localizzazione2;STRADA2;Strada02;Chilometrica;DaSpecificare;NaturaIncidente;particolaritastrade;TipoStrada;FondoStradale;Pavimentazione;Segnaletica;CondizioneAtmosferica;Traffico;Visibilita;Illuminazione;NUM_FERITI;NUM_RISERVATA;NUM_MORTI;NUM_ILLESI;Longitudine;Latitudine;Confermato;Progressivo;TipoVeicolo;StatoVeicolo;TipoPersona;Sesso;Tipolesione;Deceduto;DecedutoDopo;CinturaCascoUtilizzato;Airbag
3850035;2;30/05/2018 20:00;Strada Urbana;VIALE DEL MURO TORTO;da specificare;;;;alt. c.so D'Italia dir. p.le Flaminio;Tamponamento;Curva a visuale libera;Due carreggiate;Asciutto;Asfaltata;Verticale ed orizzontale;Sereno;Normale;Buona;Ore Diurne;1;0;0;2;12.48168;41.91072;0;2;Motociclo a solo;In marcia / fermata / arresto;Passeggero;F;Illeso;0;;;
3850036;3;30/05/2018 21:05;Strada Urbana;CIRCONVALLAZIONE TIBURTINA;da specificare;;;;direz  S. Giovanni rampa per A 24;Tamponamento Multiplo;Pendenza;Una carreggiata a senso unico di marcia;Asciutto;Asfaltata;Verticale ed orizzontale;Sereno;Intenso;Buona;Sufficiente;0;0;0;3;12.53123;41.90257;-1;1;Autovettura privata;In marcia / fermata / arresto;Conducente;M;Illeso;0;;Non accertato;
3850036;3;30/05/2018 21:05;Strada Urbana;CIRCONVALLAZIONE TIBURTINA;da specificare;;;;direz  S. Giovanni rampa per A 24;Tamponamento Multiplo;Pendenza;Una carreggiata a senso unico di marcia;Asciutto;Asfaltata;Verticale ed orizzontale;Sereno;Intenso;Buona;Sufficiente;0;0;0;3;12.53123;41.90257;-1;2;Autovettura privata;In marcia / fermata / arresto;Conducente;M;Illeso;0;;Non accertato;
3850036;3;30/05/2018 21:05;Strada Urbana;CIRCONVALLAZIONE TIBURTINA;da specificare;;;;direz  S. Giovanni rampa per A 24;Tamponamento Multiplo;Pendenza;Una carreggiata a senso unico di marcia;Asciutto;Asfaltata;Verticale ed orizzontale;Sereno;Intenso;Buona;Sufficiente;0;0;0;3;12.53123;41.90257;-1;3;Autovettura privata;In marcia / fermata / arresto;Conducente;M;Illeso;0;;Non accertato;
3850053;17;30/05/2018 22:00;Strada Urbana;LUNGOTEVERE DELLE ARMI;da specificare;;;;fronte civico 53;Veicolo in marcia contro ostacolo accidentale;Rettilineo;Una carreggiata a senso unico di marcia;Asciutto;Asfaltata;Verticale ed orizzontale;Sereno;Normale;Sufficiente;Sufficiente;1;0;0;0;12.46957;41.91646;0;1;Motociclo a solo;In marcia / fermata / arresto;Conducente;M;Rimandato;0;NON DECEDUTO;;
3850094;1;30/05/2018 16:30;Strada Urbana;VIA DELLE QUATTRO FONTANE;all'intersezione semaforizzata con;VIA DEL QUIRINALE;VIA DEL QUIRINALE;;;Scontro laterale fra veicoli in marcia;Intersezione semaforizzata;Una carreggiata a senso unico di marcia;Asciutto;Acciotolata;Verticale ed orizzontale;Sereno;Intenso;Buona;Ore Diurne;0;0;0;2;12.49073;41.90197;-1;1;Autovettura pubblica;In marcia / fermata / arresto;Conducente;M;Illeso;0;;Non accertato;
3850094;1;30/05/2018 16:30;Strada Urbana;VIA DELLE QUATTRO FONTANE;all'intersezione semaforizzata con;VIA DEL QUIRINALE;VIA DEL QUIRINALE;;;Scontro laterale fra veicoli in marcia;Intersezione semaforizzata;Una carreggiata a senso unico di marcia;Asciutto;Acciotolata;Verticale ed orizzontale;Sereno;Intenso;Buona;Ore Diurne;0;0;0;2;12.49073;41.90197;-1;2;Autobus turistico;In marcia / fermata / arresto;Conducente;M;Illeso;0;;Non accertato;
3850108;10;31/05/2018 09:35;Strada Urbana;VIA PAUL CEZANNE;in prossimità;;del civico n.;5;;Veicolo in marcia contro veicolo in sosta;Rettilineo;Una carreggiata a doppio senso;Asciutto;Asfaltata;Verticale ed orizzontale;Sereno;Scarso;Buona;Ore Diurne;0;0;0;1;12.57818;41.83215;-1;1;Autovettura privata;In marcia / fermata / arresto;Conducente;M;Illeso;0;;Non accertato;Inesploso
3850121;4;30/05/2018 18:15;Strada Urbana;VIA CAPRAIA;all'intersezione con;VIA CIMINO;VIA CIMINO;;;Scontro frontale/laterale SX fra veicoli in marcia;Incrocio;Una carreggiata a doppio senso;Asciutto;Asfaltata;Verticale ed orizzontale;Sereno;Scarso;Buona;Ore Diurne;1;0;0;1;12.53367;41.94606;-1;1;Autovettura privata;In marcia / fermata / arresto;Conducente;M;Illeso;0;;;
3850121;4;30/05/2018 18:15;Strada Urbana;VIA CAPRAIA;all'intersezione con;VIA CIMINO;VIA CIMINO;;;Scontro frontale/laterale SX fra veicoli in marcia;Incrocio;Una carreggiata a doppio senso;Asciutto;Asfaltata;Verticale ed orizzontale;Sereno;Scarso;Buona;Ore Diurne;1;0;0;1;12.53367;41.94606;-1;3;Autovettura privata;In marcia / fermata / arresto;Conducente;M;Rimandato;0;NON DECEDUTO;;
3850128;1;31/05/2018 01:53;Strada Urbana;VIA AGOSTINO DEPRETIS;in prossimità;;del civico n.;10;;Veicolo in marcia contro ostacolo accidentale;Rettilineo;Una carreggiata a doppio senso;Asciutto;In cubetti di porfido;Verticale ed orizzontale;Sereno;Scarso;Buona;Sufficiente;0;0;0;1;;;0;1;Autovettura pubblica;In marcia / fermata / arresto;Conducente;M;Illeso;0;;Non accertato;
3850154;23;30/05/2018 16:15;Strada Urbana;VIA CELIO VIBENNA;da specificare;;;;in prossimità attraversamento pedonale;Tamponamento Multiplo;Rettilineo;Due carreggiate;Asciutto;Asfaltata;Verticale ed orizzontale;Sereno;Normale;Buona;Ore Diurne;0;0;0;9;12.49186;41.88919;-1;;;;Pedone;M;Illeso;0;;;
3850154;23;30/05/2018 16:15;Strada Urbana;VIA CELIO VIBENNA;da specificare;;;;in prossimità attraversamento pedonale;Tamponamento Multiplo;Rettilineo;Due carreggiate;Asciutto;Asfaltata;Verticale ed orizzontale;Sereno;Normale;Buona;Ore Diurne;0;0;0;9;12.49186;41.88919;-1;1;Autovettura privata;In marcia / fermata / arresto;Conducente;F;Illeso;0;;Utilizzato;Inesploso
3850154;23;30/05/2018 16:15;Strada Urbana;VIA CELIO VIBENNA;da specificare;;;;in prossimità attraversamento pedonale;Tamponamento Multiplo;Rettilineo;Due carreggiate;Asciutto;Asfaltata;Verticale ed orizzontale;Sereno;Normale;Buona;Ore Diurne;0;0;0;9;12.49186;41.88919;-1;1;Autovettura privata;In marcia / fermata / arresto;Passeggero;M;Illeso;0;;Utilizzato;Inesploso
3850154;23;30/05/2018 16:15;Strada Urbana;VIA CELIO VIBENNA;da specificare;;;;in prossimità attraversamento pedonale;Tamponamento Multiplo;Rettilineo;Due carreggiate;Asciutto;Asfaltata;Verticale ed orizzontale;Sereno;Normale;Buona;Ore Diurne;0;0;0;9;12.49186;41.88919;-1;2;Autovettura privata;In marcia / fermata / arresto;Conducente;F;Illeso;0;;Utilizzato;Inesploso
3850154;23;30/05/2018 16:15;Strada Urbana;VIA CELIO VIBENNA;da specificare;;;;in prossimità attraversamento pedonale;Tamponamento Multiplo;Rettilineo;Due carreggiate;Asciutto;Asfaltata;Verticale ed orizzontale;Sereno;Normale;Buona;Ore Diurne;0;0;0;9;12.49186;41.88919;-1;2;Autovettura privata;In marcia / fermata / arresto;Passeggero;M;Illeso;0;;Non accertato;Inesploso
3850154;23;30/05/2018 16:15;Strada Urbana;VIA CELIO VIBENNA;da specificare;;;;in prossimità attraversamento pedonale;Tamponamento Multiplo;Rettilineo;Due carreggiate;Asciutto;Asfaltata;Verticale ed orizzontale;Sereno;Normale;Buona;Ore Diurne;0;0;0;9;12.49186;41.88919;-1;2;Autovettura privata;In marcia / fermata / arresto;Passeggero;M;Illeso;0;;Utilizzato;Inesploso
3850154;23;30/05/2018 16:15;Strada Urbana;VIA CELIO VIBENNA;da specificare;;;;in prossimità attraversamento pedonale;Tamponamento Multiplo;Rettilineo;Due carreggiate;Asciutto;Asfaltata;Verticale ed orizzontale;Sereno;Normale;Buona;Ore Diurne;0;0;0;9;12.49186;41.88919;-1;3;Autocarro inferiore 35 q.;In marcia / fermata / arresto;Conducente;M;Illeso;0;;Utilizzato;Inesploso
3850154;23;30/05/2018 16:15;Strada Urbana;VIA CELIO VIBENNA;da specificare;;;;in prossimità attraversamento pedonale;Tamponamento Multiplo;Rettilineo;Due carreggiate;Asciutto;Asfaltata;Verticale ed orizzontale;Sereno;Normale;Buona;Ore Diurne;0;0;0;9;12.49186;41.88919;-1;3;Autocarro inferiore 35 q.;In marcia / fermata / arresto;Passeggero;M;Illeso;0;;Utilizzato;Inesploso
3850154;23;30/05/2018 16:15;Strada Urbana;VIA CELIO VIBENNA;da specificare;;;;in prossimità attraversamento pedonale;Tamponamento Multiplo;Rettilineo;Due carreggiate;Asciutto;Asfaltata;Verticale ed orizzontale;Sereno;Normale;Buona;Ore Diurne;0;0;0;9;12.49186;41.88919;-1;3;Autocarro inferiore 35 q.;In marcia / fermata / arresto;Passeggero;M;Illeso;0;;Utilizzato;Inesploso
3850161;11;31/05/2018 08:45;Strada Urbana;CIRCONVALLAZIONE OSTIENSE;da specificare;;;;fronte Via Padre Reginaldo Giuliani;Scontro frontale/laterale SX fra veicoli in marcia;Rettilineo;Due carreggiate;Asciutto;Asfaltata;Verticale ed orizzontale;Sereno;Normale;Buona;Ore Diurne;1;0;0;3;12.49319;41.86719;-1;1;Autovettura privata;In marcia / fermata / arresto;Conducente;M;Illeso;0;;Non accertato;Inesploso
3850161;11;31/05/2018 08:45;Strada Urbana;CIRCONVALLAZIONE OSTIENSE;da specificare;;;;fronte Via Padre Reginaldo Giuliani;Scontro frontale/laterale SX fra veicoli in marcia;Rettilineo;Due carreggiate;Asciutto;Asfaltata;Verticale ed orizzontale;Sereno;Normale;Buona;Ore Diurne;1;0;0;3;12.49319;41.86719;-1;1;Autovettura privata;In marcia / fermata / arresto;Passeggero;F;Illeso;0;;Non accertato;Inesploso
3850161;11;31/05/2018 08:45;Strada Urbana;CIRCONVALLAZIONE OSTIENSE;da specificare;;;;fronte Via Padre Reginaldo Giuliani;Scontro frontale/laterale SX fra veicoli in marcia;Rettilineo;Due carreggiate;Asciutto;Asfaltata;Verticale ed orizzontale;Sereno;Normale;Buona;Ore Diurne;1;0;0;3;12.49319;41.86719;-1;1;Autovettura privata;In marcia / fermata / arresto;Passeggero;F;Illeso;0;;Non accertato;Inesploso
3850161;11;31/05/2018 08:45;Strada Urbana;CIRCONVALLAZIONE OSTIENSE;da specificare;;;;fronte Via Padre Reginaldo Giuliani;Scontro frontale/laterale SX fra veicoli in marcia;Rettilineo;Due carreggiate;Asciutto;Asfaltata;Verticale ed orizzontale;Sereno;Normale;Buona;Ore Diurne;1;0;0;3;12.49319;41.86719;-1;2;Autovettura privata;In marcia / fermata / arresto;Conducente;M;Rifiuta cure immediate;0;NON DECEDUTO;Non accertato;Inesploso
3850169;18;30/05/2018 10:10;Strada Urbana;VIA AURELIA;in corrispondenza;;del civico n.;79;;Veicolo in marcia contro ostacolo fisso;Rettilineo;Una carreggiata a doppio senso;Asciutto;Asfaltata;Verticale ed orizzontale;Sereno;Normale;Buona;Ore Diurne;0;0;0;1;12.45166;41.89974;-1;1;Autocarro inferiore 35 q.;In marcia / fermata / arresto;Conducente;M;Illeso;0;;;
3850224;4;30/05/2018 17:20;Provinciale entro l'abitato;VIA NOMENTANA;in prossimità;;del civico n.;935/A;;Scontro laterale fra veicoli in marcia;Rettilineo;Una carreggiata a doppio senso;Asciutto;Asfaltata;Orizzontale;Sereno;Intenso;Buona;Ore Diurne;1;0;0;1;12.56006;41.94416;-1;1;Autovettura privata;In marcia / fermata / arresto;Conducente;F;Illeso;0;;Non accertato;Inesploso
3850224;4;30/05/2018 17:20;Provinciale entro l'abitato;VIA NOMENTANA;in prossimità;;del civico n.;935/A;;Scontro laterale fra veicoli in marcia;Rettilineo;Una carreggiata a doppio senso;Asciutto;Asfaltata;Orizzontale;Sereno;Intenso;Buona;Ore Diurne;1;0;0;1;12.56006;41.94416;-1;2;Motociclo a solo;In marcia / fermata / arresto;Conducente;M;Rimandato;0;NON DECEDUTO;Non accertato;
3850236;9;31/05/2018 10:30;Strada Urbana;LARGO VERCELLI;in prossimità;;del civico n.;5;;Investimento di pedone;Rettilineo;Una carreggiata a doppio senso;Asciutto;Asfaltata;Verticale ed orizzontale;Sereno;Normale;Buona;Ore Diurne;1;0;0;1;12.51504;41.88203;-1;;;;Pedone;F;Rimandato;0;NON DECEDUTO;;
3850236;9;31/05/2018 10:30;Strada Urbana;LARGO VERCELLI;in prossimità;;del civico n.;5;;Investimento di pedone;Rettilineo;Una carreggiata a doppio senso;Asciutto;Asfaltata;Verticale ed orizzontale;Sereno;Normale;Buona;Ore Diurne;1;0;0;1;12.51504;41.88203;-1;1;Autovettura privata;In marcia / fermata / arresto;Conducente;M;Illeso;0;;Utilizzato;Inesploso
3850243;12;30/05/2018 19:00;Regionale;VIA PONTINA;in corrispondenza;;della chilometrica;14.75;;Infortunio per caduta del veicolo;Rettilineo;Una carreggiata a senso unico di marcia;Asciutto;Asfaltata;Verticale ed orizzontale;Sereno;Normale;Sufficiente;Ore Diurne;1;0;0;0;12.45214;41.79383;-1;1;Autovettura privata;In marcia / fermata / arresto;Conducente;M;Rimandato;0;NON DECEDUTO;Utilizzato;
3850248;6;31/05/2018 08:35;Strada Urbana;PIAZZA SABAUDIA;in prossimità;;del civico n.;47;;Scontro frontale/laterale DX fra veicoli in marcia;Rettilineo;Una carreggiata a senso unico di marcia;Asciutto;Asfaltata;Assente;Sereno;Normale;Buona;Ore Diurne;0;0;0;6;12.55772;41.89323;-1;1;Autovettura privata;In marcia / fermata / arresto;Passeggero;F;Illeso;0;;;
3850248;6;31/05/2018 08:35;Strada Urbana;PIAZZA SABAUDIA;in prossimità;;del civico n.;47;;Scontro frontale/laterale DX fra veicoli in marcia;Rettilineo;Una carreggiata a senso unico di marcia;Asciutto;Asfaltata;Assente;Sereno;Normale;Buona;Ore Diurne;0;0;0;6;12.55772;41.89323;-1;1;Autovettura privata;In marcia / fermata / arresto;Conducente;M;Illeso;0;;;
3850248;6;31/05/2018 08:35;Strada Urbana;PIAZZA SABAUDIA;in prossimità;;del civico n.;47;;Scontro frontale/laterale DX fra veicoli in marcia;Rettilineo;Una carreggiata a senso unico di marcia;Asciutto;Asfaltata;Assente;Sereno;Normale;Buona;Ore Diurne;0;0;0;6;12.55772;41.89323;-1;1;Autovettura privata;In marcia / fermata / arresto;Passeggero;F;Illeso;0;;;
3850248;6;31/05/2018 08:35;Strada Urbana;PIAZZA SABAUDIA;in prossimità;;del civico n.;47;;Scontro frontale/laterale DX fra veicoli in marcia;Rettilineo;Una carreggiata a senso unico di marcia;Asciutto;Asfaltata;Assente;Sereno;Normale;Buona;Ore Diurne;0;0;0;6;12.55772;41.89323;-1;1;Autovettura privata;In marcia / fermata / arresto;Passeggero;M;Illeso;0;;;
3850248;6;31/05/2018 08:35;Strada Urbana;PIAZZA SABAUDIA;in prossimità;;del civico n.;47;;Scontro frontale/laterale DX fra veicoli in marcia;Rettilineo;Una carreggiata a senso unico di marcia;Asciutto;Asfaltata;Assente;Sereno;Normale;Buona;Ore Diurne;0;0;0;6;12.55772;41.89323;-1;1;Autovettura privata;In marcia / fermata / arresto;Passeggero;F;Illeso;0;;;
3850248;6;31/05/2018 08:35;Strada Urbana;PIAZZA SABAUDIA;in prossimità;;del civico n.;47;;Scontro frontale/laterale DX fra veicoli in marcia;Rettilineo;Una carreggiata a senso unico di marcia;Asciutto;Asfaltata;Assente;Sereno;Normale;Buona;Ore Diurne;0;0;0;6;12.55772;41.89323;-1;2;Motociclo con passeggero;In marcia / fermata / arresto;Conducente;M;Illeso;0;;;
3850256;20;31/05/2018 10:30;Strada Urbana;VIA DELLA CAPPELLETTA DELLA GIUSTINIANA;in corrispondenza;;del civico n.;69;;Veicolo in marcia contro veicoli in sosta;Pendenza;Una carreggiata a doppio senso;Asciutto;Asfaltata;Assente;Sereno;Scarso;Buona;Ore Diurne;0;0;0;3;12.40516;41.98711;-1;1;Autovettura privata;In marcia / fermata / arresto;Conducente;M;Illeso;0;;Non accertato;Inesploso
3850256;20;31/05/2018 10:30;Strada Urbana;VIA DELLA CAPPELLETTA DELLA GIUSTINIANA;in corrispondenza;;del civico n.;69;;Veicolo in marcia contro veicoli in sosta;Pendenza;Una carreggiata a doppio senso;Asciutto;Asfaltata;Assente;Sereno;Scarso;Buona;Ore Diurne;0;0;0;3;12.40516;41.98711;-1;2;Autovettura privata;In marcia / fermata / arresto;Conducente;M;Illeso;0;;Non accertato;Inesploso
3850256;20;31/05/2018 10:30;Strada Urbana;VIA DELLA CAPPELLETTA DELLA GIUSTINIANA;in corrispondenza;;del civico n.;69;;Veicolo in marcia contro veicoli in sosta;Pendenza;Una carreggiata a doppio senso;Asciutto;Asfaltata;Assente;Sereno;Scarso;Buona;Ore Diurne;0;0;0;3;12.40516;41.98711;-1;4;Autovettura privata;In marcia / fermata / arresto;Conducente;M;Illeso;0;;Non accertato;Inesploso
3850313;6;31/05/2018 09:30;Statale entro l'abitato;VIA CASILINA;da specificare;;;;FRONTE CIVICO 539;Veicolo in marcia contro veicolo arresto;Rettilineo;Due carreggiate;Asciutto;Asfaltata;Verticale ed orizzontale;Nuvoloso;Normale;Buona;Ore Diurne;1;0;0;1;9.644;45.397;-1;1;Motociclo a solo;In marcia / fermata / arresto;Conducente;M;Illeso;0;;Non accertato;
3850313;6;31/05/2018 09:30;Statale entro l'abitato;VIA CASILINA;da specificare;;;;FRONTE CIVICO 539;Veicolo in marcia contro veicolo arresto;Rettilineo;Due carreggiate;Asciutto;Asfaltata;Verticale ed orizzontale;Nuvoloso;Normale;Buona;Ore Diurne;1;0;0;1;9.644;45.397;-1;2;Motociclo a solo;In marcia / fermata / arresto;Conducente;F;Rimandato;0;NON DECEDUTO;Non accertato;
3850339;12;31/05/2018 08:10;Strada Urbana;VIA DEI BERSAGLIERI;da specificare;;;;pross. civ. 15/A direz. V.le dell'Esercito;Veicolo in marcia contro ostacolo fisso;Curva a visuale libera;Una carreggiata a doppio senso;Asciutto;Asfaltata;Verticale ed orizzontale;Sereno;Scarso;Buona;Ore Diurne;2;0;0;0;12.50086;41.80742;-1;1;Autovettura privata;In marcia / fermata / arresto;Conducente;F;Rimandato;0;NON DECEDUTO;Non accertato;Esploso
3850339;12;31/05/2018 08:10;Strada Urbana;VIA DEI BERSAGLIERI;da specificare;;;;pross. civ. 15/A direz. V.le dell'Esercito;Veicolo in marcia contro ostacolo fisso;Curva a visuale libera;Una carreggiata a doppio senso;Asciutto;Asfaltata;Verticale ed orizzontale;Sereno;Scarso;Buona;Ore Diurne;2;0;0;0;12.50086;41.80742;-1;1;Autovettura privata;In marcia / fermata / arresto;Passeggero;F;Rimandato;0;NON DECEDUTO;Non accertato;Inesploso
3850365;3;30/05/2018 18:00;Strada Urbana;VIA AGRIGENTO;all'intersezione con;VIA UDINE;VIA UDINE;;;Scontro frontale/laterale DX fra veicoli in marcia;Incrocio;Una carreggiata a senso unico di marcia;Asciutto;Asfaltata;Verticale;Sereno;Normale;Buona;Ore Diurne;2;0;0;3;12.51598;41.90939;-1;;;;Pedone;F;Rifiuta cure immediate;0;NON DECEDUTO;;
3850365;3;30/05/2018 18:00;Strada Urbana;VIA AGRIGENTO;all'intersezione con;VIA UDINE;VIA UDINE;;;Scontro frontale/laterale DX fra veicoli in marcia;Incrocio;Una carreggiata a senso unico di marcia;Asciutto;Asfaltata;Verticale;Sereno;Normale;Buona;Ore Diurne;2;0;0;3;12.51598;41.90939;-1;;;;Pedone;F;Rifiuta cure immediate;0;NON DECEDUTO;;
3850365;3;30/05/2018 18:00;Strada Urbana;VIA AGRIGENTO;all'intersezione con;VIA UDINE;VIA UDINE;;;Scontro frontale/laterale DX fra veicoli in marcia;Incrocio;Una carreggiata a senso unico di marcia;Asciutto;Asfaltata;Verticale;Sereno;Normale;Buona;Ore Diurne;2;0;0;3;12.51598;41.90939;-1;1;Autovettura di polizia;In marcia / fermata / arresto;Conducente;M;Illeso;0;;Non accertato;Inesploso
3850365;3;30/05/2018 18:00;Strada Urbana;VIA AGRIGENTO;all'intersezione con;VIA UDINE;VIA UDINE;;;Scontro frontale/laterale DX fra veicoli in marcia;Incrocio;Una carreggiata a senso unico di marcia;Asciutto;Asfaltata;Verticale;Sereno;Normale;Buona;Ore Diurne;2;0;0;3;12.51598;41.90939;-1;1;Autovettura di polizia;In marcia / fermata / arresto;Passeggero;M;Illeso;0;;Non accertato;Inesploso
3850365;3;30/05/2018 18:00;Strada Urbana;VIA AGRIGENTO;all'intersezione con;VIA UDINE;VIA UDINE;;;Scontro frontale/laterale DX fra veicoli in marcia;Incrocio;Una carreggiata a senso unico di marcia;Asciutto;Asfaltata;Verticale;Sereno;Normale;Buona;Ore Diurne;2;0;0;3;12.51598;41.90939;-1;2;Autovettura privata;In marcia / fermata / arresto;Conducente;F;Illeso;0;;Non accertato;Inesploso
3850451;12;31/05/2018 08:45;Strada Urbana;VIA DELL'ORSA MINORE;all'intersezione con;VIALE DEGLI ASTRI;VIALE DEGLI ASTRI;;;Scontro frontale/laterale DX fra veicoli in marcia;Incrocio;Due carreggiate;Asciutto;Asfaltata;Verticale ed orizzontale;Sereno;Normale;Buona;Ore Diurne;0;0;0;3;12.44681;41.81205;-1;1;Autovettura privata;In marcia / fermata / arresto;Conducente;F;Illeso;0;;Non accertato;Inesploso
3850451;12;31/05/2018 08:45;Strada Urbana;VIA DELL'ORSA MINORE;all'intersezione con;VIALE DEGLI ASTRI;VIALE DEGLI ASTRI;;;Scontro frontale/laterale DX fra veicoli in marcia;Incrocio;Due carreggiate;Asciutto;Asfaltata;Verticale ed orizzontale;Sereno;Normale;Buona;Ore Diurne;0;0;0;3;12.44681;41.81205;-1;1;Autovettura privata;In marcia / fermata / arresto;Passeggero;M;Illeso;0;;Non accertato;Inesploso
3850451;12;31/05/2018 08:45;Strada Urbana;VIA DELL'ORSA MINORE;all'intersezione con;VIALE DEGLI ASTRI;VIALE DEGLI ASTRI;;;Scontro frontale/laterale DX fra veicoli in marcia;Incrocio;Due carreggiate;Asciutto;Asfaltata;Verticale ed orizzontale;Sereno;Normale;Buona;Ore Diurne;0;0;0;3;12.44681;41.81205;-1;2;Autovettura privata;In marcia / fermata / arresto;Conducente;M;Illeso;0;;Non accertato;Inesploso
3850452;3;30/05/2018 21:00;Strada Urbana;VIA DELLA BUFALOTTA;da specificare;;;;fr civ 129;Scontro frontale fra veicoli in marcia;Rettilineo;Una carreggiata a doppio senso;Asciutto;Asfaltata;Orizzontale;Sereno;Normale;Buona;Sufficiente;1;0;0;1;12.54983;41.96743;-1;1;Motociclo a solo;In marcia / fermata / arresto;Conducente;M;Rimandato;0;NON DECEDUTO;Non accertato;
3850452;3;30/05/2018 21:00;Strada Urbana;VIA DELLA BUFALOTTA;da specificare;;;;fr civ 129;Scontro frontale fra veicoli in marcia;Rettilineo;Una carreggiata a doppio senso;Asciutto;Asfaltata;Orizzontale;Sereno;Normale;Buona;Sufficiente;1;0;0;1;12.54983;41.96743;-1;2;Autovettura privata;In marcia / fermata / arresto;Conducente;M;Illeso;0;;Non accertato;Inesploso
3850462;6;31/05/2018 10:50;Strada Urbana;VIA DEL PIGNETO;in prossimità;;del civico n.;162E;;Veicolo in marcia contro veicolo in sosta;Rettilineo;Una carreggiata a senso unico di marcia;Asciutto;Asfaltata;Orizzontale;Sereno;Normale;Buona;Ore Diurne;0;0;0;1;12.53648;41.88592;-1;2;Macchina operatrice;In marcia / fermata / arresto;Conducente;M;Illeso;0;;Non accertato;Inesistente
3850464;15;31/05/2018 08:20;Strada Urbana;VIA DI AFFOGALASINO;in corrispondenza;;del civico n.;75;;Scontro frontale/laterale DX fra veicoli in marcia;Rettilineo;Una carreggiata a doppio senso;Asciutto;Asfaltata;Temporanea di cantiere;Sereno;Normale;Buona;Ore Diurne;0;0;0;2;12.43529;41.85628;-1;1;Autovettura privata;In marcia / fermata / arresto;Conducente;F;Illeso;0;;Non accertato;Inesploso
3850464;15;31/05/2018 08:20;Strada Urbana;VIA DI AFFOGALASINO;in corrispondenza;;del civico n.;75;;Scontro frontale/laterale DX fra veicoli in marcia;Rettilineo;Una carreggiata a doppio senso;Asciutto;Asfaltata;Temporanea di cantiere;Sereno;Normale;Buona;Ore Diurne;0;0;0;2;12.43529;41.85628;-1;2;Autovettura privata;In marcia / fermata / arresto;Conducente;M;Illeso;0;;Non accertato;Inesploso
3850500;18;31/05/2018 08:30;Strada Urbana;VIA OVADA;all'intersezione con;VIA DI CASALOTTI;VIA DI CASALOTTI;;;Investimento di pedone;Intersezione non regolata/non segnalata;Una carreggiata a senso unico di marcia;Asciutto;Asfaltata;Verticale;Sereno;Normale;Buona;Ore Diurne;1;0;0;1;12.37406;41.91631;-1;;;;Pedone;F;Ricoverato;0;NON DECEDUTO;;
3850500;18;31/05/2018 08:30;Strada Urbana;VIA OVADA;all'intersezione con;VIA DI CASALOTTI;VIA DI CASALOTTI;;;Investimento di pedone;Intersezione non regolata/non segnalata;Una carreggiata a senso unico di marcia;Asciutto;Asfaltata;Verticale;Sereno;Normale;Buona;Ore Diurne;1;0;0;1;12.37406;41.91631;-1;1;Autovettura privata;In marcia / fermata / arresto;Conducente;F;Illeso;0;;Non accertato;Inesploso
3850520;2;30/05/2018 22:30;Strada Urbana;PIAZZALE ALDO MORO;in prossimità;;del civico n.;5;;Investimento di pedone;Rettilineo;Una carreggiata a doppio senso;Asciutto;Asfaltata;Verticale ed orizzontale;Sereno;Scarso;Buona;Sufficiente;2;0;0;1;12.51227;41.90143;-1;;;;Pedone;F;Rimandato;0;NON DECEDUTO;;
3850520;2;30/05/2018 22:30;Strada Urbana;PIAZZALE ALDO MORO;in prossimità;;del civico n.;5;;Investimento di pedone;Rettilineo;Una carreggiata a doppio senso;Asciutto;Asfaltata;Verticale ed orizzontale;Sereno;Scarso;Buona;Sufficiente;2;0;0;1;12.51227;41.90143;-1;;;;Pedone;F;Rimandato;0;NON DECEDUTO;;
3850520;2;30/05/2018 22:30;Strada Urbana;PIAZZALE ALDO MORO;in prossimità;;del civico n.;5;;Investimento di pedone;Rettilineo;Una carreggiata a doppio senso;Asciutto;Asfaltata;Verticale ed orizzontale;Sereno;Scarso;Buona;Sufficiente;2;0;0;1;12.51227;41.90143;-1;1;Autovettura privata;In marcia / fermata / arresto;Conducente;M;Illeso;0;;Non accertato;Inesploso
3850578;7;31/05/2018 12:40;Strada Urbana;VIA COLLATINA;all'intersezione con;VIA GIUSEPPE ROSATI;VIA GIUSEPPE ROSATI;;;Scontro frontale fra veicoli in marcia;Incrocio;Una carreggiata a doppio senso;Asciutto;Asfaltata;Verticale ed orizzontale;Sereno;Normale;Buona;Ore Diurne;1;0;0;1;12.58847;41.90396;-1;1;Autovettura privata;In marcia / fermata / arresto;Conducente;M;Illeso;0;;Non accertato;Inesploso
3850578;7;31/05/2018 12:40;Strada Urbana;VIA COLLATINA;all'intersezione con;VIA GIUSEPPE ROSATI;VIA GIUSEPPE ROSATI;;;Scontro frontale fra veicoli in marcia;Incrocio;Una carreggiata a doppio senso;Asciutto;Asfaltata;Verticale ed orizzontale;Sereno;Normale;Buona;Ore Diurne;1;0;0;1;12.58847;41.90396;-1;2;Motociclo con passeggero;In marcia / fermata / arresto;Conducente;M;Rimandato;0;NON DECEDUTO;Non accertato;
3850616;12;30/05/2018 11:00;Strada Urbana;VIA SALISBURGO;da specificare;;;;fronte civico 20;Veicolo in marcia contro veicolo in sosta;Rettilineo;Una carreggiata a senso unico di marcia;Asciutto;Asfaltata;Verticale;Sereno;Normale;Buona;Ore Diurne;0;0;0;1;12.45261;41.8204;-1;3;Autocarro inferiore 35 q.;In marcia / fermata / arresto;Conducente;M;Illeso;0;;Non accertato;Inesploso