Protocollo;Gruppo;DataOraIncidente;Localizzazione1;STRADA1;Localizzazione2;STRADA2;Strada02;Chilometrica;DaSpecificare;NaturaIncidente;particolaritastrade;TipoStrada;FondoStradale;Pavimentazione;Segnaletica;CondizioneAtmosferica;Traffico;Visibilita;Illuminazione;NUM_FERITI;NUM_RISERVATA;NUM_MORTI;NUM_ILLESI;Longitudine;Latitudine;Confermato;Progressivo;TipoVeicolo;StatoVeicolo;TipoPersona;Sesso;Tipolesione;Deceduto;DecedutoDopo;CinturaCascoUtilizzato;Airbag
3852040;4;31/05/2018 18:50;Strada Urbana;VIA DEL FORO ITALICO;da specificare;;;;pross.tà dell'uscita Tor di Quinto direz. Salaria;Tamponamento Multiplo;Rettilineo;Due carreggiate;Asciutto;Asfaltata;Verticale ed orizzontale;Sereno;Intenso;Buona;Ore Diurne;1;0;0;6;12.48375;41.93991;0;3;Autovettura privata;In marcia / fermata / arresto;Passeggero;M;Illeso;0;;;
3852045;4;31/05/2018 21:10;Strada Urbana;VIA MONTE CERVIALTO;all'intersezione con;VIA CAMILLO IACOBINI;VIA CAMILLO IACOBINI;;;Scontro laterale fra veicoli in marcia;Intersezione semaforizzata;Due carreggiate;Asciutto;Asfaltata;Verticale ed orizzontale;Sereno;Normale;Sufficiente;Sufficiente;0;0;0;5;12.52321;41.95409;-1;1;Autobus urbano;In marcia / fermata / arresto;Conducente;M;Illeso;0;;;
3852045;4;31/05/2018 21:10;Strada Urbana;VIA MONTE CERVIALTO;all'intersezione con;VIA CAMILLO IACOBINI;VIA CAMILLO IACOBINI;;;Scontro laterale fra veicoli in marcia;Intersezione semaforizzata;Due carreggiate;Asciutto;Asfaltata;Verticale ed orizzontale;Sereno;Normale;Sufficiente;Sufficiente;0;0;0;5;12.52321;41.95409;-1;2;Autovettura privata;In marcia / fermata / arresto;Conducente;M;Illeso;0;;;
3852045;4;31/05/2018 21:10;Strada Urbana;VIA MONTE CERVIALTO;all'intersezione con;VIA CAMILLO IACOBINI;VIA CAMILLO IACOBINI;;;Scontro laterale fra veicoli in marcia;Intersezione semaforizzata;Due carreggiate;Asciutto;Asfaltata;Verticale ed orizzontale;Sereno;Normale;Sufficiente;Sufficiente;0;0;0;5;12.52321;41.95409;-1;2;Autovettura privata;In marcia / fermata / arresto;Passeggero;F;Illeso;0;;;
3852045;4;31/05/2018 21:10;Strada Urbana;VIA MONTE CERVIALTO;all'intersezione con;VIA CAMILLO IACOBINI;VIA CAMILLO IACOBINI;;;Scontro laterale fra veicoli in marcia;Intersezione semaforizzata;Due carreggiate;Asciutto;Asfaltata;Verticale ed orizzontale;Sereno;Normale;Sufficiente;Sufficiente;0;0;0;5;12.52321;41.95409;-1;2;Autovettura privata;In marcia / fermata / arresto;Passeggero;M;Illeso;0;;;
3852045;4;31/05/2018 21:10;Strada Urbana;VIA MONTE CERVIALTO;all'intersezione con;VIA CAMILLO IACOBINI;VIA CAMILLO IACOBINI;;;Scontro laterale fra veicoli in marcia;Intersezione semaforizzata;Due carreggiate;Asciutto;Asfaltata;Verticale ed orizzontale;Sereno;Normale;Sufficiente;Sufficiente;0;0;0;5;12.52321;41.95409;-1;2;Autovettura privata;In marcia / fermata / arresto;Passeggero;M;Illeso;0;;;
3852059;4;31/05/2018 11:50;Strada Urbana;CORSO SEMPIONE;da specificare;;;;PROSS. CIV. 11;Investimento di pedone;Rettilineo;Più di due carreggiate;Asciutto;Asfaltata;Verticale ed orizzontale;Sereno;Normale;Buona;Ore Diurne;1;0;0;1;12.53397;41.93525;-1;;;;Pedone;M;Rimandato;0;NON DECEDUTO;;
3852059;4;31/05/2018 11:50;Strada Urbana;CORSO SEMPIONE;da specificare;;;;PROSS. CIV. 11;Investimento di pedone;Rettilineo;Più di due carreggiate;Asciutto;Asfaltata;Verticale ed orizzontale;Sereno;Normale;Buona;Ore Diurne;1;0;0;1;12.53397;41.93525;-1;1;Autovettura privata;In marcia / fermata / arresto;Conducente;M;Illeso;0;;;
3852075;5;31/05/2018 20:25;Strada Urbana;VIADOTTO GIUSEPPE SARAGAT;in corrispondenza;;del palo luce n.;253;;Veicolo in marcia contro ostacolo fisso;Rettilineo;Due carreggiate;Asciutto;Asfaltata;Verticale ed orizzontale;Sereno;Normale;Buona;Sufficiente;1;0;0;0;12.52077;41.97372;-1;1;Motociclo a solo;In marcia / fermata / arresto;Conducente;M;Rimandato;0;NON DECEDUTO;Non accertato;
3852229;17;31/05/2018 11:00;Strada Urbana;VIA PROPERZIO;all'intersezione con;VIA CRESCENZIO;VIA CRESCENZIO;;;Investimento di pedone;Incrocio;Una carreggiata a senso unico di marcia;Asciutto;Asfaltata;Verticale ed orizzontale;Sereno;Normale;Buona;Ore Diurne;1;0;0;2;12.46126;41.9059;0;;;;Pedone;M;Rifiuta cure immediate;0;NON DECEDUTO;;
3852229;17;31/05/2018 11:00;Strada Urbana;VIA PROPERZIO;all'intersezione con;VIA CRESCENZIO;VIA CRESCENZIO;;;Investimento di pedone;Incrocio;Una carreggiata a senso unico di marcia;Asciutto;Asfaltata;Verticale ed orizzontale;Sereno;Normale;Buona;Ore Diurne;1;0;0;2;12.46126;41.9059;0;1;Autocarro inferiore 35 q.;In marcia / fermata / arresto;Conducente;M;Illeso;0;;;
3852229;17;31/05/2018 11:00;Strada Urbana;VIA PROPERZIO;all'intersezione con;VIA CRESCENZIO;VIA CRESCENZIO;;;Investimento di pedone;Incrocio;Una carreggiata a senso unico di marcia;Asciutto;Asfaltata;Verticale ed orizzontale;Sereno;Normale;Buona;Ore Diurne;1;0;0;2;12.46126;41.9059;0;1;Autocarro inferiore 35 q.;In marcia / fermata / arresto;Passeggero;M;Illeso;0;;;
3852251;16;31/05/2018 09:30;Strada Urbana;VIA LEONE XIII;in prossimità;;del civico n.;74;;Investimento di pedone;Rettilineo;Due carreggiate;Asciutto;Asfaltata;Verticale ed orizzontale;Sereno;Normale;Buona;Ore Diurne;1;0;0;2;12.4407;41.88786;0;;;;Pedone;F;Rimandato;0;NON DECEDUTO;;
3852251;16;31/05/2018 09:30;Strada Urbana;VIA LEONE XIII;in prossimità;;del civico n.;74;;Investimento di pedone;Rettilineo;Due carreggiate;Asciutto;Asfaltata;Verticale ed orizzontale;Sereno;Normale;Buona;Ore Diurne;1;0;0;2;12.4407;41.88786;0;1;Autobus di linea;In marcia / fermata / arresto;Conducente;M;Illeso;0;;Non accertato;Inesploso
3852251;16;31/05/2018 09:30;Strada Urbana;VIA LEONE XIII;in prossimità;;del civico n.;74;;Investimento di pedone;Rettilineo;Due carreggiate;Asciutto;Asfaltata;Verticale ed orizzontale;Sereno;Normale;Buona;Ore Diurne;1;0;0;2;12.4407;41.88786;0;2;Motociclo a solo;In marcia / fermata / arresto;Conducente;M;Illeso;0;;Non accertato;
3852357;17;31/05/2018 19:30;Strada Urbana;PIAZZALE CLODIO;da specificare;;;;altezza Via Muggia;Scontro laterale fra veicoli in marcia;Rettilineo;Due carreggiate;Asciutto;Asfaltata;Verticale ed orizzontale;Sereno;Scarso;Buona;Ore Diurne;0;0;0;4;12.45492;41.91674;-1;1;Autovettura privata;In marcia / fermata / arresto;Conducente;M;Illeso;0;;;
3852357;17;31/05/2018 19:30;Strada Urbana;PIAZZALE CLODIO;da specificare;;;;altezza Via Muggia;Scontro laterale fra veicoli in marcia;Rettilineo;Due carreggiate;Asciutto;Asfaltata;Verticale ed orizzontale;Sereno;Scarso;Buona;Ore Diurne;0;0;0;4;12.45492;41.91674;-1;2;Autovettura privata;In marcia / fermata / arresto;Conducente;F;Illeso;0;;;
3852357;17;31/05/2018 19:30;Strada Urbana;PIAZZALE CLODIO;da specificare;;;;altezza Via Muggia;Scontro laterale fra veicoli in marcia;Rettilineo;Due carreggiate;Asciutto;Asfaltata;Verticale ed orizzontale;Sereno;Scarso;Buona;Ore Diurne;0;0;0;4;12.45492;41.91674;-1;2;Autovettura privata;In marcia / fermata / arresto;Passeggero;M;Illeso;0;;;
3852357;17;31/05/2018 19:30;Strada Urbana;PIAZZALE CLODIO;da specificare;;;;altezza Via Muggia;Scontro laterale fra veicoli in marcia;Rettilineo;Due carreggiate;Asciutto;Asfaltata;Verticale ed orizzontale;Sereno;Scarso;Buona;Ore Diurne;0;0;0;4;12.45492;41.91674;-1;2;Autovettura privata;In marcia / fermata / arresto;Passeggero;M;Illeso;0;;;
3852727;12;31/05/2018 09:00;Strada Urbana;VIALE DI VAL FIORITA;da specificare;;;;pross. via Frugoni;Ribaltamento senza urto contro ostacolo fisso;Rettilineo;Una carreggiata a doppio senso;Asciutto;Asfaltata;Verticale ed orizzontale;Sereno;Normale;Buona;Ore Diurne;0;0;0;1;12.46552;41.84053;-1;1;Autovettura privata;In marcia / fermata / arresto;Conducente;F;Illeso;0;;Utilizzato;Inesploso
3852746;1;31/05/2018 19:20;Strada Urbana;VIA BARTOLOMEO FILIPPERI;all'intersezione con;VIA DELLA RENELLA;VIA DELLA RENELLA;;;Scontro frontale/laterale DX fra veicoli in marcia;Incrocio;Una carreggiata a senso unico di marcia;Asciutto;In cubetti di porfido;Verticale ed orizzontale;Sereno;Normale;Sufficiente;Ore Diurne;1;0;0;1;12.47303;41.89016;-1;1;Autovettura privata;In marcia / fermata / arresto;Conducente;M;Illeso;0;;Non accertato;Inesploso
3852746;1;31/05/2018 19:20;Strada Urbana;VIA BARTOLOMEO FILIPPERI;all'intersezione con;VIA DELLA RENELLA;VIA DELLA RENELLA;;;Scontro frontale/laterale DX fra veicoli in marcia;Incrocio;Una carreggiata a senso unico di marcia;Asciutto;In cubetti di porfido;Verticale ed orizzontale;Sereno;Normale;Sufficiente;Ore Diurne;1;0;0;1;12.47303;41.89016;-1;2;Motociclo a solo;In marcia / fermata / arresto;Conducente;M;Rimandato;0;NON DECEDUTO;Non accertato;
3852761;2;30/05/2018 16:20;Strada Urbana;VIA DEL FORO ITALICO;in corrispondenza;;del civico n.;491;;Infortunio per sola frenata improvvisa;Rettilineo;Due carreggiate;Asciutto;Asfaltata;Verticale ed orizzontale;Sereno;Normale;Buona;Ore Diurne;0;1;0;0;12.4932;41.9398;0;1;Motociclo a solo;In marcia / fermata / arresto;Conducente;M;Prognosi riservata;0;NON DECEDUTO;;
3852767;1;31/05/2018 18:00;Strada Urbana;VIALE MARCO POLO;all'intersezione semaforizzata con;VIA LUIGI ROBECCHI BRICHETTI;VIA LUIGI ROBECCHI BRICHETTI;;;Scontro frontale/laterale SX fra veicoli in marcia;Intersezione semaforizzata;Una carreggiata a doppio senso;Asciutto;Asfaltata;Verticale ed orizzontale;Sereno;Normale;Buona;Ore Diurne;1;0;0;1;12.48932;41.87281;-1;1;Motociclo a solo;In marcia / fermata / arresto;Conducente;F;Illeso;0;;Non accertato;
3852767;1;31/05/2018 18:00;Strada Urbana;VIALE MARCO POLO;all'intersezione semaforizzata con;VIA LUIGI ROBECCHI BRICHETTI;VIA LUIGI ROBECCHI BRICHETTI;;;Scontro frontale/laterale SX fra veicoli in marcia;Intersezione semaforizzata;Una carreggiata a doppio senso;Asciutto;Asfaltata;Verticale ed orizzontale;Sereno;Normale;Buona;Ore Diurne;1;0;0;1;12.48932;41.87281;-1;2;Motociclo a solo;In marcia / fermata / arresto;Conducente;M;Rifiuta cure immediate;0;NON DECEDUTO;Non accertato;
3852813;1;31/05/2018 20:00;Strada Urbana;VIALE PRETORIANO;in corrispondenza;;del civico n.;13;;Scontro laterale fra veicoli in marcia;Rettilineo;Una carreggiata a doppio senso;Asciutto;Asfaltata;Verticale ed orizzontale;Sereno;Scarso;Buona;Ore Diurne;1;0;0;1;;;0;1;Motociclo a solo;In marcia / fermata / arresto;Conducente;F;Rifiuta cure immediate;0;NON DECEDUTO;Non accertato;
3852813;1;31/05/2018 20:00;Strada Urbana;VIALE PRETORIANO;in corrispondenza;;del civico n.;13;;Scontro laterale fra veicoli in marcia;Rettilineo;Una carreggiata a doppio senso;Asciutto;Asfaltata;Verticale ed orizzontale;Sereno;Scarso;Buona;Ore Diurne;1;0;0;1;;;0;2;Autovettura privata;In marcia / fermata / arresto;Conducente;M;Illeso;0;;Non accertato;
3852842;1;31/05/2018 22:40;Strada Urbana;PIAZZA VITTORIO EMANUELE II;in prossimità;;del civico n.;134;;Tamponamento;Rettilineo;Una carreggiata a doppio senso;Asciutto;In cubetti di porfido;Verticale ed orizzontale;Sereno;Normale;Sufficiente;Sufficiente;1;0;0;1;12.50244;41.89463;-1;1;Motociclo a solo;In marcia / fermata / arresto;Conducente;M;Rimandato;0;NON DECEDUTO;Non accertato;
3852842;1;31/05/2018 22:40;Strada Urbana;PIAZZA VITTORIO EMANUELE II;in prossimità;;del civico n.;134;;Tamponamento;Rettilineo;Una carreggiata a doppio senso;Asciutto;In cubetti di porfido;Verticale ed orizzontale;Sereno;Normale;Sufficiente;Sufficiente;1;0;0;1;12.50244;41.89463;-1;2;Autovettura privata;In marcia / fermata / arresto;Conducente;F;Illeso;0;;Non accertato;
3852935;16;30/05/2018 19:00;Strada Urbana;VIALE DEI COLLI PORTUENSI;in corrispondenza;;del civico n.;582;;Investimento di pedone;Rettilineo;Due carreggiate;Asciutto;Asfaltata;Orizzontale;Sereno;Normale;Sufficiente;Ore Diurne;1;0;0;1;12.44419;41.85783;-1;;;;Pedone;F;Rimandato;0;NON DECEDUTO;;
3852935;16;30/05/2018 19:00;Strada Urbana;VIALE DEI COLLI PORTUENSI;in corrispondenza;;del civico n.;582;;Investimento di pedone;Rettilineo;Due carreggiate;Asciutto;Asfaltata;Orizzontale;Sereno;Normale;Sufficiente;Ore Diurne;1;0;0;1;12.44419;41.85783;-1;1;Autocarro inferiore 35 q.;In marcia / fermata / arresto;Conducente;M;Illeso;0;;Non accertato;Inesploso
3852947;16;31/05/2018 19:20;Strada Urbana;VIA GIOVANNI BATTISTA IMPALLOMENI;all'intersezione con;VIA ORESTE RANELLETTI;VIA ORESTE RANELLETTI;;;Scontro laterale fra veicoli in marcia;Incrocio;Una carreggiata a doppio senso;Asciutto;Asfaltata;Assente;Sereno;Scarso;Sufficiente;Sufficiente;0;0;0;3;12.3526;41.86988;-1;1;Autovettura privata;In marcia / fermata / arresto;Conducente;M;Illeso;0;;Non accertato;Esploso
3852947;16;31/05/2018 19:20;Strada Urbana;VIA GIOVANNI BATTISTA IMPALLOMENI;all'intersezione con;VIA ORESTE RANELLETTI;VIA ORESTE RANELLETTI;;;Scontro laterale fra veicoli in marcia;Incrocio;Una carreggiata a doppio senso;Asciutto;Asfaltata;Assente;Sereno;Scarso;Sufficiente;Sufficiente;0;0;0;3;12.3526;41.86988;-1;1;Autovettura privata;In marcia / fermata / arresto;Passeggero;F;Illeso;0;;Non accertato;Esploso
3852947;16;31/05/2018 19:20;Strada Urbana;VIA GIOVANNI BATTISTA IMPALLOMENI;all'intersezione con;VIA ORESTE RANELLETTI;VIA ORESTE RANELLETTI;;;Scontro laterale fra veicoli in marcia;Incrocio;Una carreggiata a doppio senso;Asciutto;Asfaltata;Assente;Sereno;Scarso;Sufficiente;Sufficiente;0;0;0;3;12.3526;41.86988;-1;2;Autovettura privata;In marcia / fermata / arresto;Conducente;M;Illeso;0;;Non accertato;Esploso
3852960;16;31/05/2018 21:00;Strada Urbana;PIAZZA FRANCESCO CUCCHI;all'intersezione con;VIA ALESSANDRO ALGARDI;VIA ALESSANDRO ALGARDI;;;Scontro frontale/laterale DX fra veicoli in marcia;Intersezione stradale segnalata;Una carreggiata a senso unico di marcia;Asciutto;Asfaltata;Verticale ed orizzontale;Sereno;Scarso;Sufficiente;Sufficiente;1;0;0;1;12.45873;41.88538;-1;1;Autovettura privata;In marcia / fermata / arresto;Conducente;M;Illeso;0;;Non accertato;Inesploso
3852960;16;31/05/2018 21:00;Strada Urbana;PIAZZA FRANCESCO CUCCHI;all'intersezione con;VIA ALESSANDRO ALGARDI;VIA ALESSANDRO ALGARDI;;;Scontro frontale/laterale DX fra veicoli in marcia;Intersezione stradale segnalata;Una carreggiata a senso unico di marcia;Asciutto;Asfaltata;Verticale ed orizzontale;Sereno;Scarso;Sufficiente;Sufficiente;1;0;0;1;12.45873;41.88538;-1;2;Motociclo a solo;In marcia / fermata / arresto;Conducente;M;Rifiuta cure immediate;0;NON DECEDUTO;Non accertato;
3855560;12;31/05/2018 17:50;Strada Urbana;VIA DELLA SOLFARATA;da specificare;;;;all'intersezione con via CESARE FIORUCCI;Scontro frontale fra veicoli in marcia;Rettilineo;Una carreggiata a doppio senso;Asciutto;Asfaltata;Verticale ed orizzontale;Sereno;Normale;Buona;Ore Diurne;1;0;0;1;12.56803;41.71161;-1;1;Autocarro superiore 35 q.;In marcia / fermata / arresto;Conducente;M;Illeso;0;;Non accertato;Inesploso
3855560;12;31/05/2018 17:50;Strada Urbana;VIA DELLA SOLFARATA;da specificare;;;;all'intersezione con via CESARE FIORUCCI;Scontro frontale fra veicoli in marcia;Rettilineo;Una carreggiata a doppio senso;Asciutto;Asfaltata;Verticale ed orizzontale;Sereno;Normale;Buona;Ore Diurne;1;0;0;1;12.56803;41.71161;-1;2;Autovettura privata;In marcia / fermata / arresto;Conducente;F;Rimandato;0;NON DECEDUTO;Non accertato;Inesploso
3855628;12;31/05/2018 13:15;Strada Urbana;VIA DI DECIMA;da specificare;;;;VIA DEL PIANETA TERRA (rotatoria);Veicolo in marcia contro ostacolo accidentale;Rotatoria;Una carreggiata a senso unico di marcia;Viscido da liquidi oleosi;Asfaltata;Verticale ed orizzontale;Sereno;Normale;Buona;Ore Diurne;0;0;0;1;12.45171;41.81489;-1;1;Motociclo a solo;In marcia / fermata / arresto;Conducente;M;Illeso;0;;Utilizzato;
3855717;12;21/05/2018 12:00;Strada Urbana;VIA DI MEZZOCAMMINO;in corrispondenza;;del civico n.;151;;Scontro frontale/laterale DX fra veicoli in marcia;Rettilineo;Una carreggiata a doppio senso;Asciutto;Asfaltata;Verticale ed orizzontale;Sereno;Normale;Buona;Ore Diurne;1;0;0;1;12.42965;41.78563;-1;1;Motociclo a solo;In marcia / fermata / arresto;Conducente;M;Rimandato;0;NON DECEDUTO;Non accertato;
3855717;12;21/05/2018 12:00;Strada Urbana;VIA DI MEZZOCAMMINO;in corrispondenza;;del civico n.;151;;Scontro frontale/laterale DX fra veicoli in marcia;Rettilineo;Una carreggiata a doppio senso;Asciutto;Asfaltata;Verticale ed orizzontale;Sereno;Normale;Buona;Ore Diurne;1;0;0;1;12.42965;41.78563;-1;2;Autovettura privata;In marcia / fermata / arresto;Conducente;M;Illeso;0;;;
3855939;1;27/05/2018 14:20;Statale entro l'abitato;LUNGOTEVERE DEI SANGALLO;all'intersezione con;VIA ACCIAIOLI;VIA ACCIAIOLI;;;Tamponamento;Intersezione semaforizzata;Due carreggiate;Bagnato (pioggia);Asfaltata;Assente;Sereno;Normale;Buona;Ore Diurne;0;0;0;2;12.4652;41.89803;-1;1;Autovettura pubblica;In marcia / fermata / arresto;Conducente;M;Illeso;0;;;
3855939;1;27/05/2018 14:20;Statale entro l'abitato;LUNGOTEVERE DEI SANGALLO;all'intersezione con;VIA ACCIAIOLI;VIA ACCIAIOLI;;;Tamponamento;Intersezione semaforizzata;Due carreggiate;Bagnato (pioggia);Asfaltata;Assente;Sereno;Normale;Buona;Ore Diurne;0;0;0;2;12.4652;41.89803;-1;2;Autovettura privata;In marcia / fermata / arresto;Conducente;F;Illeso;0;;Non accertato;
3856920;12;30/05/2018 11:45;Regionale;VIA PONTINA;in corrispondenza;;della chilometrica;19.85;;Scontro laterale fra veicoli in marcia;Rettilineo;Due carreggiate;Asciutto;Asfaltata;Verticale ed orizzontale;Sereno;Normale;Buona;Ore Diurne;0;0;0;3;12.43193;41.73517;-1;1;Autocarro inferiore 35 q.;In marcia / fermata / arresto;Conducente;M;Illeso;0;;;
3856920;12;30/05/2018 11:45;Regionale;VIA PONTINA;in corrispondenza;;della chilometrica;19.85;;Scontro laterale fra veicoli in marcia;Rettilineo;Due carreggiate;Asciutto;Asfaltata;Verticale ed orizzontale;Sereno;Normale;Buona;Ore Diurne;0;0;0;3;12.43193;41.73517;-1;2;Autovettura privata;In marcia / fermata / arresto;Conducente;M;Illeso;0;;Utilizzato;Inesploso
3856920;12;30/05/2018 11:45;Regionale;VIA PONTINA;in corrispondenza;;della chilometrica;19.85;;Scontro laterale fra veicoli in marcia;Rettilineo;Due carreggiate;Asciutto;Asfaltata;Verticale ed orizzontale;Sereno;Normale;Buona;Ore Diurne;0;0;0;3;12.43193;41.73517;-1;2;Autovettura privata;In marcia / fermata / arresto;Passeggero;M;Illeso;0;;Utilizzato;Inesploso
3857738;9;28/05/2018 19:30;Strada Urbana;VIA LUSITANIA;in corrispondenza;;del civico n.;19;;Scontro laterale fra veicoli in marcia;Rettilineo;Una carreggiata a senso unico di marcia;Asciutto;Asfaltata;Assente;Sereno;Normale;Buona;Ore Diurne;0;0;0;2;12.50414;41.87696;-1;1;Autocarro inferiore 35 q.;In marcia / fermata / arresto;Conducente;M;Illeso;0;;Non accertato;Inesploso
3857738;9;28/05/2018 19:30;Strada Urbana;VIA LUSITANIA;in corrispondenza;;del civico n.;19;;Scontro laterale fra veicoli in marcia;Rettilineo;Una carreggiata a senso unico di marcia;Asciutto;Asfaltata;Assente;Sereno;Normale;Buona;Ore Diurne;0;0;0;2;12.50414;41.87696;-1;2;Autovettura privata;In marcia / fermata / arresto;Conducente;M;Illeso;0;;Non accertato;Inesploso
3857766;6;30/05/2018 18:30;Strada Urbana;VIA DI ACQUA BULLICANTE;in prossimità;;del civico n.;320;;Scontro frontale/laterale DX fra veicoli in marcia;Rettilineo;Una carreggiata a doppio senso;Asciutto;Asfaltata;Verticale ed orizzontale;Sereno;Normale;Buona;Ore Diurne;1;0;0;2;12.54205;41.89173;-1;1;Autovettura privata;In marcia / fermata / arresto;Conducente;M;Illeso;0;;Non accertato;Inesploso
3857766;6;30/05/2018 18:30;Strada Urbana;VIA DI ACQUA BULLICANTE;in prossimità;;del civico n.;320;;Scontro frontale/laterale DX fra veicoli in marcia;Rettilineo;Una carreggiata a doppio senso;Asciutto;Asfaltata;Verticale ed orizzontale;Sereno;Normale;Buona;Ore Diurne;1;0;0;2;12.54205;41.89173;-1;1;Autovettura privata;In marcia / fermata / arresto;Passeggero;M;Illeso;0;;;
3857766;6;30/05/2018 18:30;Strada Urbana;VIA DI ACQUA BULLICANTE;in prossimità;;del civico n.;320;;Scontro frontale/laterale DX fra veicoli in marcia;Rettilineo;Una carreggiata a doppio senso;Asciutto;Asfaltata;Verticale ed orizzontale;Sereno;Normale;Buona;Ore Diurne;1;0;0;2;12.54205;41.89173;-1;2;Motociclo a solo;In marcia / fermata / arresto;Conducente;F;Rimandato;0;NON DECEDUTO;Non accertato;
3857998;12;31/05/2018 11:20;Strada Urbana;VIALE EGEO;da specificare;;;;fronte civico 55;Veicolo in marcia contro veicolo in sosta;Rettilineo;Una carreggiata a doppio senso;Asciutto;Asfaltata;Verticale ed orizzontale;Sereno;Normale;Buona;Ore Diurne;1;0;0;0;12.45702;41.83248;-1;1;Autovettura privata;In marcia / fermata / arresto;Conducente;M;Rimandato;0;NON DECEDUTO;Non accertato;Inesploso
3860302;1;11/05/2018 10:37;Strada Urbana;VIA DI PORTA S. LORENZO;da specificare;;;;.;Scontro laterale fra veicoli in marcia;Rettilineo;Una carreggiata a senso unico di marcia;Asciutto;In cubetti di porfido;Verticale ed orizzontale;Sereno;Normale;Buona;Ore Diurne;1;0;0;1;12.5101;41.89734;0;1;Autobus turistico;In marcia / fermata / arresto;Conducente;M;Rimandato;0;NON DECEDUTO;;
3860302;1;11/05/2018 10:37;Strada Urbana;VIA DI PORTA S. LORENZO;da specificare;;;;.;Scontro laterale fra veicoli in marcia;Rettilineo;Una carreggiata a senso unico di marcia;Asciutto;In cubetti di porfido;Verticale ed orizzontale;Sereno;Normale;Buona;Ore Diurne;1;0;0;1;12.5101;41.89734;0;2;Autobus di linea;In marcia / fermata / arresto;Conducente;M;Illeso;0;;;
3861513;12;31/05/2018 22:30;Regionale entro l'abitato;VIA PONTINA;da specificare;;;;altezza Km 11,600;Veicolo in marcia contro ostacolo fisso;Rettilineo;Due carreggiate;Asciutto;Asfaltata;Verticale ed orizzontale;Sereno;Scarso;Insufficiente;Inesistente;0;0;0;1;12.45557;41.80541;0;1;Autovettura privata;In marcia / fermata / arresto;Conducente;M;Illeso;0;;Non accertato;Inesistente
3867177;1;23/05/2018 08:00;Strada Urbana;VIA MERULANA;all'intersezione semaforizzata con;VIA LABICANA;VIA LABICANA;;;Infortunio per sola frenata improvvisa;Intersezione semaforizzata;Una carreggiata a doppio senso;Bagnato (pioggia);Asfaltata;Verticale ed orizzontale;Pioggia in atto;Intenso;Buona;Ore Diurne;1;0;0;0;12.50341;41.88954;-1;1;Motociclo a solo;In marcia / fermata / arresto;Conducente;M;Rimandato;0;NON DECEDUTO;Non accertato;
3873049;1;12/05/2018 10:00;Strada Urbana;PIAZZA DEI CINQUECENTO;in corrispondenza;;del civico n.;10;;Scontro laterale fra veicoli in marcia;Rettilineo;Una carreggiata a senso unico di marcia;Asciutto;Asfaltata;Verticale ed orizzontale;Sereno;Intenso;Buona;Ore Diurne;0;0;0;3;12.50166;41.90252;-1;1;Autovettura pubblica;In marcia / fermata / arresto;Conducente;M;Illeso;0;;Non accertato;Inesploso
3873049;1;12/05/2018 10:00;Strada Urbana;PIAZZA DEI CINQUECENTO;in corrispondenza;;del civico n.;10;;Scontro laterale fra veicoli in marcia;Rettilineo;Una carreggiata a senso unico di marcia;Asciutto;Asfaltata;Verticale ed orizzontale;Sereno;Intenso;Buona;Ore Diurne;0;0;0;3;12.50166;41.90252;-1;1;Autovettura pubblica;In marcia / fermata / arresto;Passeggero;M;Illeso;0;;Non accertato;Inesploso
3873049;1;12/05/2018 10:00;Strada Urbana;PIAZZA DEI CINQUECENTO;in corrispondenza;;del civico n.;10;;Scontro laterale fra veicoli in marcia;Rettilineo;Una carreggiata a senso unico di marcia;Asciutto;Asfaltata;Verticale ed orizzontale;Sereno;Intenso;Buona;Ore Diurne;0;0;0;3;12.50166;41.90252;-1;2;Autovettura pubblica;In marcia / fermata / arresto;Conducente;M;Illeso;0;;Non accertato;
3874310;6;18/05/2018 22:48;Strada Urbana;VIA TUSCOLANA;in corrispondenza;;del civico n.;697;;Veicolo in marcia contro ostacolo accidentale;Rettilineo;Due carreggiate;Asciutto;Con buche;Assente;Nuvoloso;Normale;Buona;Sufficiente;0;0;0;1;12.55393;41.86159;-1;1;Autovettura privata;In marcia / fermata / arresto;Conducente;M;Illeso;0;;;
3891685;2;09/05/2018 00:15;Strada Urbana;VIA DEL FORO ITALICO;da specificare;;;;dir. S.Giovanni uscita Prati Fiscali;Veicolo in marcia contro ostacolo accidentale;Rettilineo;Due carreggiate;Asciutto;Con buche;Verticale ed orizzontale;Sereno;Normale;Buona;Ore Diurne;0;0;0;1;12.48375;41.93991;-1;1;Autovettura privata;In marcia / fermata / arresto;Conducente;M;Illeso;0;;;
3916136;5;10/05/2018 16:45;Strada Urbana;VIA DELLE MESSI D'ORO;in prossimità;;del civico n.;156;;Scontro frontale fra veicoli in marcia;Rettilineo;Una carreggiata a doppio senso;Asciutto;Asfaltata;Assente;Nuvoloso;Normale;Buona;Ore Diurne;1;0;0;1;12.56197;41.92206;-1;1;Autovettura privata;In marcia / fermata / arresto;Conducente;F;Illeso;0;;Non accertato;
3916136;5;10/05/2018 16:45;Strada Urbana;VIA DELLE MESSI D'ORO;in prossimità;;del civico n.;156;;Scontro frontale fra veicoli in marcia;Rettilineo;Una carreggiata a doppio senso;Asciutto;Asfaltata;Assente;Nuvoloso;Normale;Buona;Ore Diurne;1;0;0;1;12.56197;41.92206;-1;2;Motociclo a solo;In marcia / fermata / arresto;Conducente;M;Rimandato;0;NON DECEDUTO;Non accertato;